--
-- PostgreSQL database dump
--

\restrict 1QAxUOGVQJB03ll7zLqLzA11dINn9ab9Ft5ISKhJyBvAVUEfd5dHbKI8B29NBKu

-- Dumped from database version 16.13
-- Dumped by pg_dump version 16.13

SET statement_timeout = 0;
SET lock_timeout = 0;
SET idle_in_transaction_session_timeout = 0;
SET client_encoding = 'UTF8';
SET standard_conforming_strings = on;
SELECT pg_catalog.set_config('search_path', '', false);
SET check_function_bodies = false;
SET xmloption = content;
SET client_min_messages = warning;
SET row_security = off;

ALTER TABLE ONLY public."PppoeUser" DROP CONSTRAINT "PppoeUser_routerId_fkey";
ALTER TABLE ONLY public."PppoeUser" DROP CONSTRAINT "PppoeUser_odpPortId_fkey";
ALTER TABLE ONLY public."PppoeProfile" DROP CONSTRAINT "PppoeProfile_routerId_fkey";
ALTER TABLE ONLY public."Olt" DROP CONSTRAINT "Olt_routerId_fkey";
ALTER TABLE ONLY public."OltPort" DROP CONSTRAINT "OltPort_oltId_fkey";
ALTER TABLE ONLY public."Odp" DROP CONSTRAINT "Odp_odcId_fkey";
ALTER TABLE ONLY public."OdpPort" DROP CONSTRAINT "OdpPort_odpId_fkey";
ALTER TABLE ONLY public."Odc" DROP CONSTRAINT "Odc_parentOdcId_fkey";
ALTER TABLE ONLY public."Odc" DROP CONSTRAINT "Odc_oltPortId_fkey";
ALTER TABLE ONLY public."OdcPort" DROP CONSTRAINT "OdcPort_odcId_fkey";
DROP INDEX public."User_username_key";
DROP INDEX public."User_role_idx";
DROP INDEX public."User_email_key";
DROP INDEX public."SystemLog_createdAt_idx";
DROP INDEX public."Router_isOnline_idx";
DROP INDEX public."PppoeUser_routerId_username_key";
DROP INDEX public."PppoeUser_routerId_isOnline_idx";
DROP INDEX public."PppoeUser_odpPortId_key";
DROP INDEX public."PppoeUser_odpPortId_idx";
DROP INDEX public."PppoeUser_isOnline_idx";
DROP INDEX public."PppoeProfile_routerId_name_key";
DROP INDEX public."OltPort_oltId_index_key";
DROP INDEX public."Odp_odcId_idx";
DROP INDEX public."OdpPort_odpId_index_key";
DROP INDEX public."Odc_parentOdcId_idx";
DROP INDEX public."Odc_oltPortId_idx";
DROP INDEX public."OdcPort_odcId_index_key";
DROP INDEX public."BlacklistedToken_token_key";
ALTER TABLE ONLY public._prisma_migrations DROP CONSTRAINT _prisma_migrations_pkey;
ALTER TABLE ONLY public."User" DROP CONSTRAINT "User_pkey";
ALTER TABLE ONLY public."SystemLog" DROP CONSTRAINT "SystemLog_pkey";
ALTER TABLE ONLY public."Router" DROP CONSTRAINT "Router_pkey";
ALTER TABLE ONLY public."PppoeUser" DROP CONSTRAINT "PppoeUser_pkey";
ALTER TABLE ONLY public."PppoeProfile" DROP CONSTRAINT "PppoeProfile_pkey";
ALTER TABLE ONLY public."Olt" DROP CONSTRAINT "Olt_pkey";
ALTER TABLE ONLY public."OltPort" DROP CONSTRAINT "OltPort_pkey";
ALTER TABLE ONLY public."Odp" DROP CONSTRAINT "Odp_pkey";
ALTER TABLE ONLY public."OdpPort" DROP CONSTRAINT "OdpPort_pkey";
ALTER TABLE ONLY public."Odc" DROP CONSTRAINT "Odc_pkey";
ALTER TABLE ONLY public."OdcPort" DROP CONSTRAINT "OdcPort_pkey";
ALTER TABLE ONLY public."BlacklistedToken" DROP CONSTRAINT "BlacklistedToken_pkey";
ALTER TABLE public."User" ALTER COLUMN id DROP DEFAULT;
ALTER TABLE public."SystemLog" ALTER COLUMN id DROP DEFAULT;
ALTER TABLE public."Router" ALTER COLUMN id DROP DEFAULT;
ALTER TABLE public."PppoeUser" ALTER COLUMN id DROP DEFAULT;
ALTER TABLE public."PppoeProfile" ALTER COLUMN id DROP DEFAULT;
ALTER TABLE public."OltPort" ALTER COLUMN id DROP DEFAULT;
ALTER TABLE public."Olt" ALTER COLUMN id DROP DEFAULT;
ALTER TABLE public."OdpPort" ALTER COLUMN id DROP DEFAULT;
ALTER TABLE public."Odp" ALTER COLUMN id DROP DEFAULT;
ALTER TABLE public."OdcPort" ALTER COLUMN id DROP DEFAULT;
ALTER TABLE public."Odc" ALTER COLUMN id DROP DEFAULT;
ALTER TABLE public."BlacklistedToken" ALTER COLUMN id DROP DEFAULT;
DROP TABLE public._prisma_migrations;
DROP SEQUENCE public."User_id_seq";
DROP TABLE public."User";
DROP SEQUENCE public."SystemLog_id_seq";
DROP TABLE public."SystemLog";
DROP SEQUENCE public."Router_id_seq";
DROP TABLE public."Router";
DROP SEQUENCE public."PppoeUser_id_seq";
DROP TABLE public."PppoeUser";
DROP SEQUENCE public."PppoeProfile_id_seq";
DROP TABLE public."PppoeProfile";
DROP SEQUENCE public."Olt_id_seq";
DROP SEQUENCE public."OltPort_id_seq";
DROP TABLE public."OltPort";
DROP TABLE public."Olt";
DROP SEQUENCE public."Odp_id_seq";
DROP SEQUENCE public."OdpPort_id_seq";
DROP TABLE public."OdpPort";
DROP TABLE public."Odp";
DROP SEQUENCE public."Odc_id_seq";
DROP SEQUENCE public."OdcPort_id_seq";
DROP TABLE public."OdcPort";
DROP TABLE public."Odc";
DROP SEQUENCE public."BlacklistedToken_id_seq";
DROP TABLE public."BlacklistedToken";
DROP TYPE public."SplitRatio";
DROP TYPE public."Role";
DROP TYPE public."PortType";
DROP TYPE public."ConnectionType";
-- *not* dropping schema, since initdb creates it
--
-- Name: public; Type: SCHEMA; Schema: -; Owner: wifian
--

-- *not* creating schema, since initdb creates it


ALTER SCHEMA public OWNER TO wifian;

--
-- Name: SCHEMA public; Type: COMMENT; Schema: -; Owner: wifian
--

COMMENT ON SCHEMA public IS '';


--
-- Name: ConnectionType; Type: TYPE; Schema: public; Owner: wifian
--

CREATE TYPE public."ConnectionType" AS ENUM (
    'NONE',
    'ODC',
    'ODP',
    'USER'
);


ALTER TYPE public."ConnectionType" OWNER TO wifian;

--
-- Name: PortType; Type: TYPE; Schema: public; Owner: wifian
--

CREATE TYPE public."PortType" AS ENUM (
    'ODC',
    'ODP'
);


ALTER TYPE public."PortType" OWNER TO wifian;

--
-- Name: Role; Type: TYPE; Schema: public; Owner: wifian
--

CREATE TYPE public."Role" AS ENUM (
    'ADMIN',
    'TEKNISI'
);


ALTER TYPE public."Role" OWNER TO wifian;

--
-- Name: SplitRatio; Type: TYPE; Schema: public; Owner: wifian
--

CREATE TYPE public."SplitRatio" AS ENUM (
    'ONE_TO_2',
    'ONE_TO_4',
    'ONE_TO_8',
    'ONE_TO_16',
    'ONE_TO_32',
    'ONE_TO_64'
);


ALTER TYPE public."SplitRatio" OWNER TO wifian;

SET default_tablespace = '';

SET default_table_access_method = heap;

--
-- Name: BlacklistedToken; Type: TABLE; Schema: public; Owner: wifian
--

CREATE TABLE public."BlacklistedToken" (
    id integer NOT NULL,
    token text NOT NULL,
    "expiresAt" timestamp(3) without time zone NOT NULL
);


ALTER TABLE public."BlacklistedToken" OWNER TO wifian;

--
-- Name: BlacklistedToken_id_seq; Type: SEQUENCE; Schema: public; Owner: wifian
--

CREATE SEQUENCE public."BlacklistedToken_id_seq"
    AS integer
    START WITH 1
    INCREMENT BY 1
    NO MINVALUE
    NO MAXVALUE
    CACHE 1;


ALTER SEQUENCE public."BlacklistedToken_id_seq" OWNER TO wifian;

--
-- Name: BlacklistedToken_id_seq; Type: SEQUENCE OWNED BY; Schema: public; Owner: wifian
--

ALTER SEQUENCE public."BlacklistedToken_id_seq" OWNED BY public."BlacklistedToken".id;


--
-- Name: Odc; Type: TABLE; Schema: public; Owner: wifian
--

CREATE TABLE public."Odc" (
    id integer NOT NULL,
    "oltPortId" integer,
    "parentOdcId" integer,
    name text NOT NULL,
    latitude double precision,
    longitude double precision,
    "splitRatio" public."SplitRatio" NOT NULL,
    "createdAt" timestamp(3) without time zone DEFAULT CURRENT_TIMESTAMP NOT NULL,
    "updatedAt" timestamp(3) without time zone NOT NULL,
    address text,
    "photoUrl" text,
    whatsapp text,
    "photoUrl2" text,
    "photoUrl3" text,
    "roadCoordinates" text
);


ALTER TABLE public."Odc" OWNER TO wifian;

--
-- Name: OdcPort; Type: TABLE; Schema: public; Owner: wifian
--

CREATE TABLE public."OdcPort" (
    id integer NOT NULL,
    "odcId" integer NOT NULL,
    index integer NOT NULL,
    "isUsed" boolean DEFAULT false NOT NULL,
    "connectionType" public."ConnectionType" DEFAULT 'NONE'::public."ConnectionType" NOT NULL,
    "connectedOdcId" integer,
    "connectedOdpId" integer,
    "createdAt" timestamp(3) without time zone DEFAULT CURRENT_TIMESTAMP NOT NULL
);


ALTER TABLE public."OdcPort" OWNER TO wifian;

--
-- Name: OdcPort_id_seq; Type: SEQUENCE; Schema: public; Owner: wifian
--

CREATE SEQUENCE public."OdcPort_id_seq"
    AS integer
    START WITH 1
    INCREMENT BY 1
    NO MINVALUE
    NO MAXVALUE
    CACHE 1;


ALTER SEQUENCE public."OdcPort_id_seq" OWNER TO wifian;

--
-- Name: OdcPort_id_seq; Type: SEQUENCE OWNED BY; Schema: public; Owner: wifian
--

ALTER SEQUENCE public."OdcPort_id_seq" OWNED BY public."OdcPort".id;


--
-- Name: Odc_id_seq; Type: SEQUENCE; Schema: public; Owner: wifian
--

CREATE SEQUENCE public."Odc_id_seq"
    AS integer
    START WITH 1
    INCREMENT BY 1
    NO MINVALUE
    NO MAXVALUE
    CACHE 1;


ALTER SEQUENCE public."Odc_id_seq" OWNER TO wifian;

--
-- Name: Odc_id_seq; Type: SEQUENCE OWNED BY; Schema: public; Owner: wifian
--

ALTER SEQUENCE public."Odc_id_seq" OWNED BY public."Odc".id;


--
-- Name: Odp; Type: TABLE; Schema: public; Owner: wifian
--

CREATE TABLE public."Odp" (
    id integer NOT NULL,
    "odcId" integer NOT NULL,
    name text NOT NULL,
    latitude double precision,
    longitude double precision,
    "splitRatio" public."SplitRatio" NOT NULL,
    "createdAt" timestamp(3) without time zone DEFAULT CURRENT_TIMESTAMP NOT NULL,
    "updatedAt" timestamp(3) without time zone NOT NULL,
    address text,
    "photoUrl" text,
    whatsapp text,
    "photoUrl2" text,
    "photoUrl3" text,
    "roadCoordinates" text
);


ALTER TABLE public."Odp" OWNER TO wifian;

--
-- Name: OdpPort; Type: TABLE; Schema: public; Owner: wifian
--

CREATE TABLE public."OdpPort" (
    id integer NOT NULL,
    "odpId" integer NOT NULL,
    index integer NOT NULL,
    "isUsed" boolean DEFAULT false NOT NULL,
    "createdAt" timestamp(3) without time zone DEFAULT CURRENT_TIMESTAMP NOT NULL
);


ALTER TABLE public."OdpPort" OWNER TO wifian;

--
-- Name: OdpPort_id_seq; Type: SEQUENCE; Schema: public; Owner: wifian
--

CREATE SEQUENCE public."OdpPort_id_seq"
    AS integer
    START WITH 1
    INCREMENT BY 1
    NO MINVALUE
    NO MAXVALUE
    CACHE 1;


ALTER SEQUENCE public."OdpPort_id_seq" OWNER TO wifian;

--
-- Name: OdpPort_id_seq; Type: SEQUENCE OWNED BY; Schema: public; Owner: wifian
--

ALTER SEQUENCE public."OdpPort_id_seq" OWNED BY public."OdpPort".id;


--
-- Name: Odp_id_seq; Type: SEQUENCE; Schema: public; Owner: wifian
--

CREATE SEQUENCE public."Odp_id_seq"
    AS integer
    START WITH 1
    INCREMENT BY 1
    NO MINVALUE
    NO MAXVALUE
    CACHE 1;


ALTER SEQUENCE public."Odp_id_seq" OWNER TO wifian;

--
-- Name: Odp_id_seq; Type: SEQUENCE OWNED BY; Schema: public; Owner: wifian
--

ALTER SEQUENCE public."Odp_id_seq" OWNED BY public."Odp".id;


--
-- Name: Olt; Type: TABLE; Schema: public; Owner: wifian
--

CREATE TABLE public."Olt" (
    id integer NOT NULL,
    "routerId" integer NOT NULL,
    name text NOT NULL,
    latitude double precision NOT NULL,
    longitude double precision NOT NULL,
    "createdAt" timestamp(3) without time zone DEFAULT CURRENT_TIMESTAMP NOT NULL,
    "updatedAt" timestamp(3) without time zone NOT NULL
);


ALTER TABLE public."Olt" OWNER TO wifian;

--
-- Name: OltPort; Type: TABLE; Schema: public; Owner: wifian
--

CREATE TABLE public."OltPort" (
    id integer NOT NULL,
    "oltId" integer NOT NULL,
    index integer NOT NULL,
    "isUsed" boolean DEFAULT false NOT NULL,
    "createdAt" timestamp(3) without time zone DEFAULT CURRENT_TIMESTAMP NOT NULL,
    "roadCoordinates" text
);


ALTER TABLE public."OltPort" OWNER TO wifian;

--
-- Name: OltPort_id_seq; Type: SEQUENCE; Schema: public; Owner: wifian
--

CREATE SEQUENCE public."OltPort_id_seq"
    AS integer
    START WITH 1
    INCREMENT BY 1
    NO MINVALUE
    NO MAXVALUE
    CACHE 1;


ALTER SEQUENCE public."OltPort_id_seq" OWNER TO wifian;

--
-- Name: OltPort_id_seq; Type: SEQUENCE OWNED BY; Schema: public; Owner: wifian
--

ALTER SEQUENCE public."OltPort_id_seq" OWNED BY public."OltPort".id;


--
-- Name: Olt_id_seq; Type: SEQUENCE; Schema: public; Owner: wifian
--

CREATE SEQUENCE public."Olt_id_seq"
    AS integer
    START WITH 1
    INCREMENT BY 1
    NO MINVALUE
    NO MAXVALUE
    CACHE 1;


ALTER SEQUENCE public."Olt_id_seq" OWNER TO wifian;

--
-- Name: Olt_id_seq; Type: SEQUENCE OWNED BY; Schema: public; Owner: wifian
--

ALTER SEQUENCE public."Olt_id_seq" OWNED BY public."Olt".id;


--
-- Name: PppoeProfile; Type: TABLE; Schema: public; Owner: wifian
--

CREATE TABLE public."PppoeProfile" (
    id integer NOT NULL,
    "routerId" integer NOT NULL,
    name text NOT NULL,
    "localAddress" text,
    "remoteAddress" text,
    "rateLimit" text,
    "burstLimit" text,
    "burstThreshold" text,
    "burstTime" text,
    "onlyOne" boolean,
    "sessionTimeout" text,
    "createdAt" timestamp(3) without time zone DEFAULT CURRENT_TIMESTAMP NOT NULL,
    "updatedAt" timestamp(3) without time zone NOT NULL
);


ALTER TABLE public."PppoeProfile" OWNER TO wifian;

--
-- Name: PppoeProfile_id_seq; Type: SEQUENCE; Schema: public; Owner: wifian
--

CREATE SEQUENCE public."PppoeProfile_id_seq"
    AS integer
    START WITH 1
    INCREMENT BY 1
    NO MINVALUE
    NO MAXVALUE
    CACHE 1;


ALTER SEQUENCE public."PppoeProfile_id_seq" OWNER TO wifian;

--
-- Name: PppoeProfile_id_seq; Type: SEQUENCE OWNED BY; Schema: public; Owner: wifian
--

ALTER SEQUENCE public."PppoeProfile_id_seq" OWNED BY public."PppoeProfile".id;


--
-- Name: PppoeUser; Type: TABLE; Schema: public; Owner: wifian
--

CREATE TABLE public."PppoeUser" (
    id integer NOT NULL,
    "routerId" integer NOT NULL,
    username text NOT NULL,
    "odpPortId" integer,
    latitude double precision,
    longitude double precision,
    "isOnline" boolean DEFAULT false NOT NULL,
    "lastSeen" timestamp(3) without time zone,
    "lastDisconnect" timestamp(3) without time zone,
    "localAddress" text,
    "remoteAddress" text,
    profile text,
    "createdAt" timestamp(3) without time zone DEFAULT CURRENT_TIMESTAMP NOT NULL,
    "updatedAt" timestamp(3) without time zone NOT NULL,
    address text,
    "photoUrl" text,
    whatsapp text,
    "photoUrl2" text,
    "photoUrl3" text,
    "roadCoordinates" text
);


ALTER TABLE public."PppoeUser" OWNER TO wifian;

--
-- Name: PppoeUser_id_seq; Type: SEQUENCE; Schema: public; Owner: wifian
--

CREATE SEQUENCE public."PppoeUser_id_seq"
    AS integer
    START WITH 1
    INCREMENT BY 1
    NO MINVALUE
    NO MAXVALUE
    CACHE 1;


ALTER SEQUENCE public."PppoeUser_id_seq" OWNER TO wifian;

--
-- Name: PppoeUser_id_seq; Type: SEQUENCE OWNED BY; Schema: public; Owner: wifian
--

ALTER SEQUENCE public."PppoeUser_id_seq" OWNED BY public."PppoeUser".id;


--
-- Name: Router; Type: TABLE; Schema: public; Owner: wifian
--

CREATE TABLE public."Router" (
    id integer NOT NULL,
    name text NOT NULL,
    host text NOT NULL,
    username text NOT NULL,
    password text NOT NULL,
    port integer DEFAULT 8728 NOT NULL,
    latitude double precision,
    longitude double precision,
    "isOnline" boolean DEFAULT false NOT NULL,
    "lastSeen" timestamp(3) without time zone,
    "createdAt" timestamp(3) without time zone DEFAULT CURRENT_TIMESTAMP NOT NULL,
    "updatedAt" timestamp(3) without time zone NOT NULL
);


ALTER TABLE public."Router" OWNER TO wifian;

--
-- Name: Router_id_seq; Type: SEQUENCE; Schema: public; Owner: wifian
--

CREATE SEQUENCE public."Router_id_seq"
    AS integer
    START WITH 1
    INCREMENT BY 1
    NO MINVALUE
    NO MAXVALUE
    CACHE 1;


ALTER SEQUENCE public."Router_id_seq" OWNER TO wifian;

--
-- Name: Router_id_seq; Type: SEQUENCE OWNED BY; Schema: public; Owner: wifian
--

ALTER SEQUENCE public."Router_id_seq" OWNED BY public."Router".id;


--
-- Name: SystemLog; Type: TABLE; Schema: public; Owner: wifian
--

CREATE TABLE public."SystemLog" (
    id integer NOT NULL,
    message text NOT NULL,
    type text DEFAULT 'info'::text NOT NULL,
    "createdAt" timestamp(3) without time zone DEFAULT CURRENT_TIMESTAMP NOT NULL
);


ALTER TABLE public."SystemLog" OWNER TO wifian;

--
-- Name: SystemLog_id_seq; Type: SEQUENCE; Schema: public; Owner: wifian
--

CREATE SEQUENCE public."SystemLog_id_seq"
    AS integer
    START WITH 1
    INCREMENT BY 1
    NO MINVALUE
    NO MAXVALUE
    CACHE 1;


ALTER SEQUENCE public."SystemLog_id_seq" OWNER TO wifian;

--
-- Name: SystemLog_id_seq; Type: SEQUENCE OWNED BY; Schema: public; Owner: wifian
--

ALTER SEQUENCE public."SystemLog_id_seq" OWNED BY public."SystemLog".id;


--
-- Name: User; Type: TABLE; Schema: public; Owner: wifian
--

CREATE TABLE public."User" (
    id integer NOT NULL,
    username text NOT NULL,
    email text NOT NULL,
    password text NOT NULL,
    role public."Role" DEFAULT 'ADMIN'::public."Role" NOT NULL,
    "isVerified" boolean DEFAULT true NOT NULL,
    "createdAt" timestamp(3) without time zone DEFAULT CURRENT_TIMESTAMP NOT NULL,
    area text,
    phone text,
    status text DEFAULT 'AKTIF'::text
);


ALTER TABLE public."User" OWNER TO wifian;

--
-- Name: User_id_seq; Type: SEQUENCE; Schema: public; Owner: wifian
--

CREATE SEQUENCE public."User_id_seq"
    AS integer
    START WITH 1
    INCREMENT BY 1
    NO MINVALUE
    NO MAXVALUE
    CACHE 1;


ALTER SEQUENCE public."User_id_seq" OWNER TO wifian;

--
-- Name: User_id_seq; Type: SEQUENCE OWNED BY; Schema: public; Owner: wifian
--

ALTER SEQUENCE public."User_id_seq" OWNED BY public."User".id;


--
-- Name: _prisma_migrations; Type: TABLE; Schema: public; Owner: wifian
--

CREATE TABLE public._prisma_migrations (
    id character varying(36) NOT NULL,
    checksum character varying(64) NOT NULL,
    finished_at timestamp with time zone,
    migration_name character varying(255) NOT NULL,
    logs text,
    rolled_back_at timestamp with time zone,
    started_at timestamp with time zone DEFAULT now() NOT NULL,
    applied_steps_count integer DEFAULT 0 NOT NULL
);


ALTER TABLE public._prisma_migrations OWNER TO wifian;

--
-- Name: BlacklistedToken id; Type: DEFAULT; Schema: public; Owner: wifian
--

ALTER TABLE ONLY public."BlacklistedToken" ALTER COLUMN id SET DEFAULT nextval('public."BlacklistedToken_id_seq"'::regclass);


--
-- Name: Odc id; Type: DEFAULT; Schema: public; Owner: wifian
--

ALTER TABLE ONLY public."Odc" ALTER COLUMN id SET DEFAULT nextval('public."Odc_id_seq"'::regclass);


--
-- Name: OdcPort id; Type: DEFAULT; Schema: public; Owner: wifian
--

ALTER TABLE ONLY public."OdcPort" ALTER COLUMN id SET DEFAULT nextval('public."OdcPort_id_seq"'::regclass);


--
-- Name: Odp id; Type: DEFAULT; Schema: public; Owner: wifian
--

ALTER TABLE ONLY public."Odp" ALTER COLUMN id SET DEFAULT nextval('public."Odp_id_seq"'::regclass);


--
-- Name: OdpPort id; Type: DEFAULT; Schema: public; Owner: wifian
--

ALTER TABLE ONLY public."OdpPort" ALTER COLUMN id SET DEFAULT nextval('public."OdpPort_id_seq"'::regclass);


--
-- Name: Olt id; Type: DEFAULT; Schema: public; Owner: wifian
--

ALTER TABLE ONLY public."Olt" ALTER COLUMN id SET DEFAULT nextval('public."Olt_id_seq"'::regclass);


--
-- Name: OltPort id; Type: DEFAULT; Schema: public; Owner: wifian
--

ALTER TABLE ONLY public."OltPort" ALTER COLUMN id SET DEFAULT nextval('public."OltPort_id_seq"'::regclass);


--
-- Name: PppoeProfile id; Type: DEFAULT; Schema: public; Owner: wifian
--

ALTER TABLE ONLY public."PppoeProfile" ALTER COLUMN id SET DEFAULT nextval('public."PppoeProfile_id_seq"'::regclass);


--
-- Name: PppoeUser id; Type: DEFAULT; Schema: public; Owner: wifian
--

ALTER TABLE ONLY public."PppoeUser" ALTER COLUMN id SET DEFAULT nextval('public."PppoeUser_id_seq"'::regclass);


--
-- Name: Router id; Type: DEFAULT; Schema: public; Owner: wifian
--

ALTER TABLE ONLY public."Router" ALTER COLUMN id SET DEFAULT nextval('public."Router_id_seq"'::regclass);


--
-- Name: SystemLog id; Type: DEFAULT; Schema: public; Owner: wifian
--

ALTER TABLE ONLY public."SystemLog" ALTER COLUMN id SET DEFAULT nextval('public."SystemLog_id_seq"'::regclass);


--
-- Name: User id; Type: DEFAULT; Schema: public; Owner: wifian
--

ALTER TABLE ONLY public."User" ALTER COLUMN id SET DEFAULT nextval('public."User_id_seq"'::regclass);


--
-- Data for Name: BlacklistedToken; Type: TABLE DATA; Schema: public; Owner: wifian
--

COPY public."BlacklistedToken" (id, token, "expiresAt") FROM stdin;
\.


--
-- Data for Name: Odc; Type: TABLE DATA; Schema: public; Owner: wifian
--

COPY public."Odc" (id, "oltPortId", "parentOdcId", name, latitude, longitude, "splitRatio", "createdAt", "updatedAt", address, "photoUrl", whatsapp, "photoUrl2", "photoUrl3", "roadCoordinates") FROM stdin;
4	5	\N	ODC-OLT-Klapagading-P2	-7.516925	109.071397	ONE_TO_4	2026-06-01 08:17:03.223	2026-06-01 08:17:03.223	\N	\N	\N	\N	\N	\N
25	22	\N	ODC_LoadTest_Root_1	-6.2	106.8266	ONE_TO_16	2026-06-02 07:53:12.185	2026-06-02 07:53:12.185	\N	\N	\N	\N	\N	[[-6.2,106.8166],[-6.2,106.8266]]
26	23	\N	ODC_LoadTest_Root_2	-6.191585290151921	106.8220030230587	ONE_TO_16	2026-06-02 07:53:12.244	2026-06-02 07:53:12.244	\N	\N	\N	\N	\N	[[-6.2,106.8166],[-6.191585290151921,106.82200302305867]]
27	24	\N	ODC_LoadTest_Root_3	-6.190907025731743	106.8124385316345	ONE_TO_16	2026-06-02 07:53:12.284	2026-06-02 07:53:12.284	\N	\N	\N	\N	\N	[[-6.2,106.8166],[-6.190907025731743,106.81243853163453]]
28	25	\N	ODC_LoadTest_Root_4	-6.198588799919402	106.806700075034	ONE_TO_16	2026-06-02 07:53:12.322	2026-06-02 07:53:12.322	\N	\N	\N	\N	\N	[[-6.2,106.8166],[-6.198588799919402,106.80670007503399]]
29	\N	25	ODC_LoadTest_Child_1	-6.201813403702965	106.8238030949031	ONE_TO_16	2026-06-02 07:53:12.387	2026-06-02 07:53:12.387	\N	\N	\N	\N	\N	[[-6.2,106.8266],[-6.201813403702965,106.82380309490308]]
30	\N	26	ODC_LoadTest_Child_2	-6.194918590840423	106.8220177753853	ONE_TO_16	2026-06-02 07:53:12.467	2026-06-02 07:53:12.467	\N	\N	\N	\N	\N	[[-6.191585290151921,106.8220030230587],[-6.194918590840423,106.82201777538532]]
31	\N	27	ODC_LoadTest_Child_3	-6.192695602125078	106.8152513781636	ONE_TO_16	2026-06-02 07:53:12.536	2026-06-02 07:53:12.536	\N	\N	\N	\N	\N	[[-6.190907025731743,106.8124385316345],[-6.192695602125078,106.81525137816361]]
32	\N	28	ODC_LoadTest_Child_4	-6.19718824312998	106.8097248976388	ONE_TO_16	2026-06-02 07:53:12.611	2026-06-02 07:53:12.611	\N	\N	\N	\N	\N	[[-6.198588799919402,106.806700075034],[-6.19718824312998,106.80972489763883]]
33	\N	25	ODC_LoadTest_Child_5	-6.196697975481017	106.8270557907274	ONE_TO_16	2026-06-02 07:53:12.686	2026-06-02 07:53:12.686	\N	\N	\N	\N	\N	[[-6.2,106.8266],[-6.196697975481017,106.82705579072736]]
34	\N	26	ODC_LoadTest_Child_6	-6.189417664018064	106.8194707300158	ONE_TO_16	2026-06-02 07:53:12.764	2026-06-02 07:53:12.764	\N	\N	\N	\N	\N	[[-6.191585290151921,106.8220030230587],[-6.189417664018064,106.81947073001584]]
1	1	\N	ODC-OLT-Klapagading-P1	-7.5169248	109.0713966	ONE_TO_8	2026-05-31 02:30:23.526	2026-06-02 09:07:44.374	\N	https://res.cloudinary.com/dgiauzfqp/image/upload/v1780279053/ftth_monitoring/ODC-OLT-Klapagading-P1_1780279051212.png				[[-7.5167041,109.0735102],[-7.516705,109.07351],[-7.51672,109.073328],[-7.51672,109.073243],[-7.516709,109.07314],[-7.516707,109.073056],[-7.516721,109.072942],[-7.516825,109.072526],[-7.516811,109.072508],[-7.516802,109.072487],[-7.5168,109.072463],[-7.516836,109.072113],[-7.516862,109.071972],[-7.516921,109.071773],[-7.516969,109.071654],[-7.516987,109.071621],[-7.5171032878367745,109.07140362553265],[-7.5170632010323075,109.07138318049856],[-7.516989276434608,109.07132149249645],[-7.5169248,109.0713966]]
\.


--
-- Data for Name: OdcPort; Type: TABLE DATA; Schema: public; Owner: wifian
--

COPY public."OdcPort" (id, "odcId", index, "isUsed", "connectionType", "connectedOdcId", "connectedOdpId", "createdAt") FROM stdin;
3	1	3	f	NONE	\N	\N	2026-05-31 02:30:23.532
4	1	4	f	NONE	\N	\N	2026-05-31 02:30:23.532
5	1	5	f	NONE	\N	\N	2026-05-31 02:30:23.532
6	1	6	f	NONE	\N	\N	2026-05-31 02:30:23.532
7	1	7	f	NONE	\N	\N	2026-05-31 02:30:23.532
8	1	8	f	NONE	\N	\N	2026-05-31 02:30:23.532
1	1	1	t	ODP	\N	1	2026-05-31 02:30:23.532
2	1	2	f	NONE	\N	\N	2026-05-31 02:30:23.532
361	25	13	f	NONE	\N	\N	2026-06-02 07:53:12.232
362	25	14	f	NONE	\N	\N	2026-06-02 07:53:12.233
363	25	15	f	NONE	\N	\N	2026-06-02 07:53:12.239
364	25	16	f	NONE	\N	\N	2026-06-02 07:53:12.242
25	4	1	f	NONE	\N	\N	2026-06-01 08:17:03.232
27	4	3	f	NONE	\N	\N	2026-06-01 08:17:03.232
28	4	4	f	NONE	\N	\N	2026-06-01 08:17:03.232
26	4	2	t	ODP	\N	5	2026-06-01 08:17:03.232
377	26	13	f	NONE	\N	\N	2026-06-02 07:53:12.276
378	26	14	f	NONE	\N	\N	2026-06-02 07:53:12.278
379	26	15	f	NONE	\N	\N	2026-06-02 07:53:12.28
380	26	16	f	NONE	\N	\N	2026-06-02 07:53:12.282
392	27	12	f	NONE	\N	\N	2026-06-02 07:53:12.312
393	27	13	f	NONE	\N	\N	2026-06-02 07:53:12.314
394	27	14	f	NONE	\N	\N	2026-06-02 07:53:12.316
395	27	15	f	NONE	\N	\N	2026-06-02 07:53:12.318
396	27	16	f	NONE	\N	\N	2026-06-02 07:53:12.32
408	28	12	f	NONE	\N	\N	2026-06-02 07:53:12.349
409	28	13	f	NONE	\N	\N	2026-06-02 07:53:12.357
410	28	14	f	NONE	\N	\N	2026-06-02 07:53:12.364
411	28	15	f	NONE	\N	\N	2026-06-02 07:53:12.372
412	28	16	f	NONE	\N	\N	2026-06-02 07:53:12.38
349	25	1	t	ODC	29	\N	2026-06-02 07:53:12.195
423	29	11	f	NONE	\N	\N	2026-06-02 07:53:12.444
424	29	12	f	NONE	\N	\N	2026-06-02 07:53:12.45
425	29	13	f	NONE	\N	\N	2026-06-02 07:53:12.453
426	29	14	f	NONE	\N	\N	2026-06-02 07:53:12.456
427	29	15	f	NONE	\N	\N	2026-06-02 07:53:12.46
428	29	16	f	NONE	\N	\N	2026-06-02 07:53:12.464
365	26	1	t	ODC	30	\N	2026-06-02 07:53:12.249
439	30	11	f	NONE	\N	\N	2026-06-02 07:53:12.511
440	30	12	f	NONE	\N	\N	2026-06-02 07:53:12.515
441	30	13	f	NONE	\N	\N	2026-06-02 07:53:12.52
442	30	14	f	NONE	\N	\N	2026-06-02 07:53:12.524
443	30	15	f	NONE	\N	\N	2026-06-02 07:53:12.528
444	30	16	f	NONE	\N	\N	2026-06-02 07:53:12.532
381	27	1	t	ODC	31	\N	2026-06-02 07:53:12.289
455	31	11	f	NONE	\N	\N	2026-06-02 07:53:12.586
456	31	12	f	NONE	\N	\N	2026-06-02 07:53:12.59
457	31	13	f	NONE	\N	\N	2026-06-02 07:53:12.595
458	31	14	f	NONE	\N	\N	2026-06-02 07:53:12.598
459	31	15	f	NONE	\N	\N	2026-06-02 07:53:12.602
460	31	16	f	NONE	\N	\N	2026-06-02 07:53:12.606
397	28	1	t	ODC	32	\N	2026-06-02 07:53:12.327
350	25	2	t	ODC	33	\N	2026-06-02 07:53:12.199
366	26	2	t	ODC	34	\N	2026-06-02 07:53:12.251
351	25	3	t	ODP	\N	206	2026-06-02 07:53:12.202
352	25	4	t	ODP	\N	207	2026-06-02 07:53:12.204
353	25	5	t	ODP	\N	208	2026-06-02 07:53:12.207
354	25	6	t	ODP	\N	209	2026-06-02 07:53:12.21
355	25	7	t	ODP	\N	210	2026-06-02 07:53:12.213
356	25	8	t	ODP	\N	211	2026-06-02 07:53:12.217
357	25	9	t	ODP	\N	212	2026-06-02 07:53:12.219
358	25	10	t	ODP	\N	213	2026-06-02 07:53:12.222
359	25	11	t	ODP	\N	214	2026-06-02 07:53:12.226
367	26	3	t	ODP	\N	216	2026-06-02 07:53:12.255
368	26	4	t	ODP	\N	217	2026-06-02 07:53:12.257
369	26	5	t	ODP	\N	218	2026-06-02 07:53:12.259
370	26	6	t	ODP	\N	219	2026-06-02 07:53:12.261
371	26	7	t	ODP	\N	220	2026-06-02 07:53:12.263
372	26	8	t	ODP	\N	221	2026-06-02 07:53:12.266
373	26	9	t	ODP	\N	222	2026-06-02 07:53:12.268
374	26	10	t	ODP	\N	223	2026-06-02 07:53:12.27
375	26	11	t	ODP	\N	224	2026-06-02 07:53:12.272
376	26	12	t	ODP	\N	225	2026-06-02 07:53:12.274
382	27	2	t	ODP	\N	226	2026-06-02 07:53:12.291
383	27	3	t	ODP	\N	227	2026-06-02 07:53:12.293
384	27	4	t	ODP	\N	228	2026-06-02 07:53:12.295
385	27	5	t	ODP	\N	229	2026-06-02 07:53:12.297
387	27	7	t	ODP	\N	231	2026-06-02 07:53:12.302
388	27	8	t	ODP	\N	232	2026-06-02 07:53:12.304
389	27	9	t	ODP	\N	233	2026-06-02 07:53:12.306
390	27	10	t	ODP	\N	234	2026-06-02 07:53:12.308
391	27	11	t	ODP	\N	235	2026-06-02 07:53:12.31
398	28	2	t	ODP	\N	236	2026-06-02 07:53:12.329
399	28	3	t	ODP	\N	237	2026-06-02 07:53:12.331
400	28	4	t	ODP	\N	238	2026-06-02 07:53:12.332
401	28	5	t	ODP	\N	239	2026-06-02 07:53:12.334
402	28	6	t	ODP	\N	240	2026-06-02 07:53:12.336
403	28	7	t	ODP	\N	241	2026-06-02 07:53:12.338
404	28	8	t	ODP	\N	242	2026-06-02 07:53:12.34
405	28	9	t	ODP	\N	243	2026-06-02 07:53:12.342
406	28	10	t	ODP	\N	244	2026-06-02 07:53:12.344
413	29	1	t	ODP	\N	246	2026-06-02 07:53:12.405
414	29	2	t	ODP	\N	247	2026-06-02 07:53:12.412
415	29	3	t	ODP	\N	248	2026-06-02 07:53:12.416
416	29	4	t	ODP	\N	249	2026-06-02 07:53:12.42
417	29	5	t	ODP	\N	250	2026-06-02 07:53:12.423
418	29	6	t	ODP	\N	251	2026-06-02 07:53:12.427
419	29	7	t	ODP	\N	252	2026-06-02 07:53:12.431
420	29	8	t	ODP	\N	253	2026-06-02 07:53:12.434
421	29	9	t	ODP	\N	254	2026-06-02 07:53:12.438
422	29	10	t	ODP	\N	255	2026-06-02 07:53:12.441
429	30	1	t	ODP	\N	256	2026-06-02 07:53:12.474
430	30	2	t	ODP	\N	257	2026-06-02 07:53:12.478
431	30	3	t	ODP	\N	258	2026-06-02 07:53:12.481
432	30	4	t	ODP	\N	259	2026-06-02 07:53:12.485
434	30	6	t	ODP	\N	261	2026-06-02 07:53:12.492
435	30	7	t	ODP	\N	262	2026-06-02 07:53:12.495
436	30	8	t	ODP	\N	263	2026-06-02 07:53:12.499
437	30	9	t	ODP	\N	264	2026-06-02 07:53:12.503
438	30	10	t	ODP	\N	265	2026-06-02 07:53:12.507
445	31	1	t	ODP	\N	266	2026-06-02 07:53:12.546
446	31	2	t	ODP	\N	267	2026-06-02 07:53:12.55
447	31	3	t	ODP	\N	268	2026-06-02 07:53:12.554
448	31	4	t	ODP	\N	269	2026-06-02 07:53:12.558
449	31	5	t	ODP	\N	270	2026-06-02 07:53:12.562
450	31	6	t	ODP	\N	271	2026-06-02 07:53:12.566
451	31	7	t	ODP	\N	272	2026-06-02 07:53:12.57
452	31	8	t	ODP	\N	273	2026-06-02 07:53:12.574
453	31	9	t	ODP	\N	274	2026-06-02 07:53:12.578
461	32	1	t	ODP	\N	276	2026-06-02 07:53:12.619
462	32	2	t	ODP	\N	277	2026-06-02 07:53:12.623
463	32	3	t	ODP	\N	278	2026-06-02 07:53:12.628
464	32	4	t	ODP	\N	279	2026-06-02 07:53:12.632
465	32	5	t	ODP	\N	280	2026-06-02 07:53:12.636
466	32	6	t	ODP	\N	281	2026-06-02 07:53:12.64
467	32	7	t	ODP	\N	282	2026-06-02 07:53:12.645
468	32	8	t	ODP	\N	283	2026-06-02 07:53:12.649
469	32	9	t	ODP	\N	284	2026-06-02 07:53:12.653
470	32	10	t	ODP	\N	285	2026-06-02 07:53:12.657
471	32	11	f	NONE	\N	\N	2026-06-02 07:53:12.661
472	32	12	f	NONE	\N	\N	2026-06-02 07:53:12.665
473	32	13	f	NONE	\N	\N	2026-06-02 07:53:12.67
474	32	14	f	NONE	\N	\N	2026-06-02 07:53:12.673
475	32	15	f	NONE	\N	\N	2026-06-02 07:53:12.678
476	32	16	f	NONE	\N	\N	2026-06-02 07:53:12.682
487	33	11	f	NONE	\N	\N	2026-06-02 07:53:12.74
488	33	12	f	NONE	\N	\N	2026-06-02 07:53:12.744
489	33	13	f	NONE	\N	\N	2026-06-02 07:53:12.748
490	33	14	f	NONE	\N	\N	2026-06-02 07:53:12.752
491	33	15	f	NONE	\N	\N	2026-06-02 07:53:12.756
492	33	16	f	NONE	\N	\N	2026-06-02 07:53:12.76
503	34	11	f	NONE	\N	\N	2026-06-02 07:53:12.815
504	34	12	f	NONE	\N	\N	2026-06-02 07:53:12.819
505	34	13	f	NONE	\N	\N	2026-06-02 07:53:12.823
506	34	14	f	NONE	\N	\N	2026-06-02 07:53:12.827
507	34	15	f	NONE	\N	\N	2026-06-02 07:53:12.831
508	34	16	f	NONE	\N	\N	2026-06-02 07:53:12.835
360	25	12	t	ODP	\N	215	2026-06-02 07:53:12.229
386	27	6	t	ODP	\N	230	2026-06-02 07:53:12.3
407	28	11	t	ODP	\N	245	2026-06-02 07:53:12.347
433	30	5	t	ODP	\N	260	2026-06-02 07:53:12.489
454	31	10	t	ODP	\N	275	2026-06-02 07:53:12.582
477	33	1	t	ODP	\N	286	2026-06-02 07:53:12.698
478	33	2	t	ODP	\N	287	2026-06-02 07:53:12.702
479	33	3	t	ODP	\N	288	2026-06-02 07:53:12.707
480	33	4	t	ODP	\N	289	2026-06-02 07:53:12.711
481	33	5	t	ODP	\N	290	2026-06-02 07:53:12.716
482	33	6	t	ODP	\N	291	2026-06-02 07:53:12.72
483	33	7	t	ODP	\N	292	2026-06-02 07:53:12.724
484	33	8	t	ODP	\N	293	2026-06-02 07:53:12.728
485	33	9	t	ODP	\N	294	2026-06-02 07:53:12.732
486	33	10	t	ODP	\N	295	2026-06-02 07:53:12.736
493	34	1	t	ODP	\N	296	2026-06-02 07:53:12.773
494	34	2	t	ODP	\N	297	2026-06-02 07:53:12.778
495	34	3	t	ODP	\N	298	2026-06-02 07:53:12.782
496	34	4	t	ODP	\N	299	2026-06-02 07:53:12.786
497	34	5	t	ODP	\N	300	2026-06-02 07:53:12.79
498	34	6	t	ODP	\N	301	2026-06-02 07:53:12.794
499	34	7	t	ODP	\N	302	2026-06-02 07:53:12.798
500	34	8	t	ODP	\N	303	2026-06-02 07:53:12.802
501	34	9	t	ODP	\N	304	2026-06-02 07:53:12.806
502	34	10	t	ODP	\N	305	2026-06-02 07:53:12.81
\.


--
-- Data for Name: Odp; Type: TABLE DATA; Schema: public; Owner: wifian
--

COPY public."Odp" (id, "odcId", name, latitude, longitude, "splitRatio", "createdAt", "updatedAt", address, "photoUrl", whatsapp, "photoUrl2", "photoUrl3", "roadCoordinates") FROM stdin;
1	1	ODP-ODC-OLT-Klapagading-P1-P1	-7.518039	109.0693474	ONE_TO_8	2026-05-31 02:30:49.046	2026-06-02 08:37:52.747	\N	\N	\N	\N	\N	[[-7.5169248,109.0713966],[-7.517009,109.071283],[-7.517142,109.071382],[-7.517627,109.071753],[-7.517959,109.072002],[-7.51809,109.072081],[-7.518159,109.072035],[-7.518286,109.071938],[-7.518269,109.071811],[-7.518262,109.071665],[-7.51826,109.071624],[-7.518255,109.071514],[-7.518255,109.071483],[-7.518256,109.071438],[-7.518245,109.07108],[-7.518233,109.070137],[-7.518221,109.069935],[-7.51822312418706,109.06962499022487],[-7.51822046503619,109.06934067764263],[-7.518039,109.0693474]]
277	32	ODP_LoadTest_72	-6.196934419767218	106.8087576470505	ONE_TO_16	2026-06-02 07:53:18.195	2026-06-02 07:53:18.195	\N	\N	\N	\N	\N	[[-6.19718824312998,106.8097248976388],[-6.196934419767218,106.80875764705053]]
278	32	ODP_LoadTest_73	-6.197865015086867	106.8089887049206	ONE_TO_16	2026-06-02 07:53:18.28	2026-06-02 07:53:18.28	\N	\N	\N	\N	\N	[[-6.19718824312998,106.8097248976388],[-6.197865015086867,106.80898870492058]]
279	32	ODP_LoadTest_74	-6.198173389390448	106.8098966149806	ONE_TO_16	2026-06-02 07:53:18.368	2026-06-02 07:53:18.368	\N	\N	\N	\N	\N	[[-6.19718824312998,106.8097248976388],[-6.1981733893904485,106.80989661498063]]
280	32	ODP_LoadTest_75	-6.197576024765389	106.8106466489085	ONE_TO_16	2026-06-02 07:53:18.446	2026-06-02 07:53:18.446	\N	\N	\N	\N	\N	[[-6.19718824312998,106.8097248976388],[-6.1975760247653895,106.81064664890853]]
5	4	ODP-ODC-OLT-Klapagading-P2-P2	-7.516925	109.071397	ONE_TO_8	2026-06-01 08:17:39.43	2026-06-01 08:17:39.43	\N	\N	\N	\N	\N	\N
281	32	ODP_LoadTest_76	-6.196622135493081	106.8105492289699	ONE_TO_16	2026-06-02 07:53:18.527	2026-06-02 07:53:18.527	\N	\N	\N	\N	\N	[[-6.19718824312998,106.8097248976388],[-6.196622135493081,106.8105492289699]]
282	32	ODP_LoadTest_77	-6.196188722971399	106.8096939226071	ONE_TO_16	2026-06-02 07:53:18.605	2026-06-02 07:53:18.605	\N	\N	\N	\N	\N	[[-6.19718824312998,106.8097248976388],[-6.196188722971399,106.80969392260707]]
283	32	ODP_LoadTest_78	-6.196674264673993	106.8088670945456	ONE_TO_16	2026-06-02 07:53:18.683	2026-06-02 07:53:18.683	\N	\N	\N	\N	\N	[[-6.19718824312998,106.8097248976388],[-6.196674264673993,106.80886709454556]]
284	32	ODP_LoadTest_79	-6.197632355798687	106.808828926692	ONE_TO_16	2026-06-02 07:53:18.758	2026-06-02 07:53:18.758	\N	\N	\N	\N	\N	[[-6.19718824312998,106.8097248976388],[-6.197632355798687,106.80882892669202]]
285	32	ODP_LoadTest_80	-6.198182131783903	106.809614510395	ONE_TO_16	2026-06-02 07:53:18.837	2026-06-02 07:53:18.837	\N	\N	\N	\N	\N	[[-6.19718824312998,106.8097248976388],[-6.198182131783903,106.80961451039497]]
286	33	ODP_LoadTest_81	-6.197327863475292	106.8278324767094	ONE_TO_16	2026-06-02 07:53:18.914	2026-06-02 07:53:18.914	\N	\N	\N	\N	\N	[[-6.196697975481017,106.8270557907274],[-6.197327863475292,106.82783247670942]]
287	33	ODP_LoadTest_82	-6.196384746698584	106.8280054684253	ONE_TO_16	2026-06-02 07:53:18.987	2026-06-02 07:53:18.987	\N	\N	\N	\N	\N	[[-6.196697975481017,106.8270557907274],[-6.196384746698584,106.82800546842529]]
288	33	ODP_LoadTest_83	-6.195729611019917	106.8273053308454	ONE_TO_16	2026-06-02 07:53:19.059	2026-06-02 07:53:19.059	\N	\N	\N	\N	\N	[[-6.196697975481017,106.8270557907274],[-6.195729611019917,106.82730533084538]]
289	33	ODP_LoadTest_84	-6.195964785160944	106.8263757672318	ONE_TO_16	2026-06-02 07:53:19.133	2026-06-02 07:53:19.133	\N	\N	\N	\N	\N	[[-6.196697975481017,106.8270557907274],[-6.195964785160944,106.82637576723181]]
290	33	ODP_LoadTest_85	-6.196874051100965	106.826071414084	ONE_TO_16	2026-06-02 07:53:19.203	2026-06-02 07:53:19.203	\N	\N	\N	\N	\N	[[-6.196697975481017,106.8270557907274],[-6.1968740511009655,106.82607141408401]]
291	33	ODP_LoadTest_86	-6.197621433928021	106.8266720922825	ONE_TO_16	2026-06-02 07:53:19.274	2026-06-02 07:53:19.274	\N	\N	\N	\N	\N	[[-6.196697975481017,106.8270557907274],[-6.197621433928021,106.82667209228245]]
292	33	ODP_LoadTest_87	-6.197519793317648	106.8276255410617	ONE_TO_16	2026-06-02 07:53:19.346	2026-06-02 07:53:19.346	\N	\N	\N	\N	\N	[[-6.196697975481017,106.8270557907274],[-6.197519793317648,106.82762554106166]]
293	33	ODP_LoadTest_88	-6.196662577178284	106.8280551640111	ONE_TO_16	2026-06-02 07:53:19.417	2026-06-02 07:53:19.417	\N	\N	\N	\N	\N	[[-6.196697975481017,106.8270557907274],[-6.196662577178284,106.82805516401109]]
294	33	ODP_LoadTest_89	-6.195837906075205	106.8275659677723	ONE_TO_16	2026-06-02 07:53:19.49	2026-06-02 07:53:19.49	\N	\N	\N	\N	\N	[[-6.196697975481017,106.8270557907274],[-6.195837906075205,106.82756596777234]]
295	33	ODP_LoadTest_90	-6.195803978817417	106.8266077171113	ONE_TO_16	2026-06-02 07:53:19.561	2026-06-02 07:53:19.561	\N	\N	\N	\N	\N	[[-6.196697975481017,106.8270557907274],[-6.195803978817417,106.82660771711127]]
296	34	ODP_LoadTest_91	-6.189311676506313	106.8184763625549	ONE_TO_16	2026-06-02 07:53:19.632	2026-06-02 07:53:19.632	\N	\N	\N	\N	\N	[[-6.189417664018064,106.8194707300158],[-6.189311676506313,106.81847636255486]]
297	34	ODP_LoadTest_92	-6.19019713008768	106.8188442855679	ONE_TO_16	2026-06-02 07:53:19.713	2026-06-02 07:53:19.713	\N	\N	\N	\N	\N	[[-6.189417664018064,106.8194707300158],[-6.19019713008768,106.81884428556788]]
298	34	ODP_LoadTest_93	-6.190365946159334	106.8197881587173	ONE_TO_16	2026-06-02 07:53:19.784	2026-06-02 07:53:19.784	\N	\N	\N	\N	\N	[[-6.189417664018064,106.8194707300158],[-6.190365946159334,106.81978815871732]]
299	34	ODP_LoadTest_94	-6.189662916003532	106.8204401893825	ONE_TO_16	2026-06-02 07:53:19.855	2026-06-02 07:53:19.855	\N	\N	\N	\N	\N	[[-6.189417664018064,106.8194707300158],[-6.189662916003532,106.82044018938247]]
300	34	ODP_LoadTest_95	-6.188734402303328	106.8202009035768	ONE_TO_16	2026-06-02 07:53:19.926	2026-06-02 07:53:19.926	\N	\N	\N	\N	\N	[[-6.189417664018064,106.8194707300158],[-6.188734402303328,106.82020090357679]]
301	34	ODP_LoadTest_96	-6.18843407627263	106.8192902995665	ONE_TO_16	2026-06-02 07:53:19.996	2026-06-02 07:53:19.996	\N	\N	\N	\N	\N	[[-6.189417664018064,106.8194707300158],[-6.18843407627263,106.8192902995665]]
302	34	ODP_LoadTest_97	-6.189038056279037	106.8185455824792	ONE_TO_16	2026-06-02 07:53:20.072	2026-06-02 07:53:20.072	\N	\N	\N	\N	\N	[[-6.189417664018064,106.8194707300158],[-6.189038056279037,106.8185455824792]]
303	34	ODP_LoadTest_98	-6.189991045890054	106.8186514417705	ONE_TO_16	2026-06-02 07:53:20.143	2026-06-02 07:53:20.143	\N	\N	\N	\N	\N	[[-6.189417664018064,106.8194707300158],[-6.1899910458900544,106.8186514417705]]
304	34	ODP_LoadTest_99	-6.190416870852251	106.8195105508962	ONE_TO_16	2026-06-02 07:53:20.217	2026-06-02 07:53:20.217	\N	\N	\N	\N	\N	[[-6.189417664018064,106.8194707300158],[-6.190416870852251,106.81951055089618]]
305	34	ODP_LoadTest_100	-6.189924029659174	106.8203330488881	ONE_TO_16	2026-06-02 07:53:20.288	2026-06-02 07:53:20.288	\N	\N	\N	\N	\N	[[-6.189417664018064,106.8194707300158],[-6.189924029659174,106.82033304888809]]
206	25	ODP_LoadTest_1	-6.199158529015192	106.8271403023059	ONE_TO_16	2026-06-02 07:53:12.84	2026-06-02 07:53:12.84	\N	\N	\N	\N	\N	[[-6.2,106.8266],[-6.199158529015192,106.82714030230586]]
207	25	ODP_LoadTest_2	-6.199090702573175	106.8261838531635	ONE_TO_16	2026-06-02 07:53:12.922	2026-06-02 07:53:12.922	\N	\N	\N	\N	\N	[[-6.2,106.8266],[-6.199090702573175,106.82618385316346]]
208	25	ODP_LoadTest_3	-6.199858879991941	106.8256100075034	ONE_TO_16	2026-06-02 07:53:12.999	2026-06-02 07:53:12.999	\N	\N	\N	\N	\N	[[-6.2,106.8266],[-6.1998588799919405,106.8256100075034]]
209	25	ODP_LoadTest_4	-6.200756802495308	106.8259463563791	ONE_TO_16	2026-06-02 07:53:13.076	2026-06-02 07:53:13.076	\N	\N	\N	\N	\N	[[-6.2,106.8266],[-6.200756802495308,106.82594635637913]]
210	25	ODP_LoadTest_5	-6.200958924274663	106.8268836621855	ONE_TO_16	2026-06-02 07:53:13.154	2026-06-02 07:53:13.154	\N	\N	\N	\N	\N	[[-6.2,106.8266],[-6.200958924274663,106.82688366218547]]
211	25	ODP_LoadTest_6	-6.200279415498199	106.8275601702866	ONE_TO_16	2026-06-02 07:53:13.229	2026-06-02 07:53:13.229	\N	\N	\N	\N	\N	[[-6.2,106.8266],[-6.2002794154981995,106.82756017028665]]
212	25	ODP_LoadTest_7	-6.199343013401282	106.8273539022543	ONE_TO_16	2026-06-02 07:53:13.302	2026-06-02 07:53:13.302	\N	\N	\N	\N	\N	[[-6.2,106.8266],[-6.199343013401282,106.82735390225434]]
213	25	ODP_LoadTest_8	-6.199010641753377	106.8264544999662	ONE_TO_16	2026-06-02 07:53:13.375	2026-06-02 07:53:13.375	\N	\N	\N	\N	\N	[[-6.2,106.8266],[-6.199010641753377,106.82645449996619]]
214	25	ODP_LoadTest_9	-6.199587881514758	106.8256888697381	ONE_TO_16	2026-06-02 07:53:13.447	2026-06-02 07:53:13.447	\N	\N	\N	\N	\N	[[-6.2,106.8266],[-6.199587881514758,106.82568886973812]]
215	25	ODP_LoadTest_10	-6.20054402111089	106.8257609284709	ONE_TO_16	2026-06-02 07:53:13.523	2026-06-02 07:53:13.523	\N	\N	\N	\N	\N	[[-6.2,106.8266],[-6.20054402111089,106.82576092847093]]
216	26	ODP_LoadTest_11	-6.192585280358472	106.8220074487567	ONE_TO_16	2026-06-02 07:53:13.597	2026-06-02 07:53:13.597	\N	\N	\N	\N	\N	[[-6.191585290151921,106.8220030230587],[-6.192585280358472,106.8220074487567]]
217	26	ODP_LoadTest_12	-6.192121863069922	106.8228468770174	ONE_TO_16	2026-06-02 07:53:13.671	2026-06-02 07:53:13.671	\N	\N	\N	\N	\N	[[-6.191585290151921,106.8220030230587],[-6.1921218630699215,106.82284687701743]]
218	26	ODP_LoadTest_13	-6.191165123115095	106.8229104698402	ONE_TO_16	2026-06-02 07:53:13.749	2026-06-02 07:53:13.749	\N	\N	\N	\N	\N	[[-6.191585290151921,106.8220030230587],[-6.191165123115095,106.82291046984015]]
219	26	ODP_LoadTest_14	-6.190594682796227	106.8221397602769	ONE_TO_16	2026-06-02 07:53:13.822	2026-06-02 07:53:13.822	\N	\N	\N	\N	\N	[[-6.191585290151921,106.8220030230587],[-6.190594682796227,106.82213976027691]]
220	26	ODP_LoadTest_15	-6.190935002311764	106.8212433351458	ONE_TO_16	2026-06-02 07:53:13.897	2026-06-02 07:53:13.897	\N	\N	\N	\N	\N	[[-6.191585290151921,106.8220030230587],[-6.190935002311764,106.82124333514584]]
221	26	ODP_LoadTest_16	-6.191873193468586	106.8210453635784	ONE_TO_16	2026-06-02 07:53:13.969	2026-06-02 07:53:13.969	\N	\N	\N	\N	\N	[[-6.191585290151921,106.8220030230587],[-6.191873193468586,106.82104536357838]]
222	26	ODP_LoadTest_17	-6.192546687643801	106.8217278597207	ONE_TO_16	2026-06-02 07:53:14.041	2026-06-02 07:53:14.041	\N	\N	\N	\N	\N	[[-6.191585290151921,106.8220030230587],[-6.192546687643801,106.82172785972065]]
223	26	ODP_LoadTest_18	-6.192336277398693	106.8226633397669	ONE_TO_16	2026-06-02 07:53:14.115	2026-06-02 07:53:14.115	\N	\N	\N	\N	\N	[[-6.191585290151921,106.8220030230587],[-6.1923362773986925,106.82266333976695]]
224	26	ODP_LoadTest_19	-6.191435412942258	106.8229917276769	ONE_TO_16	2026-06-02 07:53:14.192	2026-06-02 07:53:14.192	\N	\N	\N	\N	\N	[[-6.191585290151921,106.8220030230587],[-6.191435412942258,106.82299172767688]]
225	26	ODP_LoadTest_20	-6.190672344901193	106.8224111051205	ONE_TO_16	2026-06-02 07:53:14.276	2026-06-02 07:53:14.276	\N	\N	\N	\N	\N	[[-6.191585290151921,106.8220030230587],[-6.190672344901193,106.82241110512051]]
226	27	ODP_LoadTest_21	-6.190070370093207	106.8118908023743	ONE_TO_16	2026-06-02 07:53:14.352	2026-06-02 07:53:14.352	\N	\N	\N	\N	\N	[[-6.190907025731743,106.8124385316345],[-6.190070370093207,106.81189080237428]]
227	27	ODP_LoadTest_22	-6.190915877041034	106.8114385708081	ONE_TO_16	2026-06-02 07:53:14.426	2026-06-02 07:53:14.426	\N	\N	\N	\N	\N	[[-6.190907025731743,106.8124385316345],[-6.190915877041034,106.81143857080811]]
228	27	ODP_LoadTest_23	-6.191753246135918	106.8119056986142	ONE_TO_16	2026-06-02 07:53:14.5	2026-06-02 07:53:14.5	\N	\N	\N	\N	\N	[[-6.190907025731743,106.8124385316345],[-6.191753246135918,106.81190569861417]]
229	27	ODP_LoadTest_24	-6.19181260409375	106.8128627106418	ONE_TO_16	2026-06-02 07:53:14.572	2026-06-02 07:53:14.572	\N	\N	\N	\N	\N	[[-6.190907025731743,106.8124385316345],[-6.19181260409375,106.81286271064184]]
230	27	ODP_LoadTest_25	-6.191039377481841	106.8134297344464	ONE_TO_16	2026-06-02 07:53:14.645	2026-06-02 07:53:14.645	\N	\N	\N	\N	\N	[[-6.190907025731743,106.8124385316345],[-6.191039377481841,106.81342973444636]]
231	27	ODP_LoadTest_26	-6.190144467281264	106.8130854509568	ONE_TO_16	2026-06-02 07:53:14.719	2026-06-02 07:53:14.719	\N	\N	\N	\N	\N	[[-6.190907025731743,106.8124385316345],[-6.1901444672812636,106.81308545095683]]
232	27	ODP_LoadTest_27	-6.189950649803339	106.8121463928258	ONE_TO_16	2026-06-02 07:53:14.791	2026-06-02 07:53:14.791	\N	\N	\N	\N	\N	[[-6.190907025731743,106.8124385316345],[-6.189950649803339,106.81214639282577]]
233	27	ODP_LoadTest_28	-6.190636119943435	106.8114759257682	ONE_TO_16	2026-06-02 07:53:14.862	2026-06-02 07:53:14.862	\N	\N	\N	\N	\N	[[-6.190907025731743,106.8124385316345],[-6.190636119943435,106.81147592576818]]
234	27	ODP_LoadTest_29	-6.191570659615956	106.8116904741048	ONE_TO_16	2026-06-02 07:53:14.937	2026-06-02 07:53:14.937	\N	\N	\N	\N	\N	[[-6.190907025731743,106.8124385316345],[-6.191570659615956,106.81169047410481]]
235	27	ODP_LoadTest_30	-6.191895057355836	106.8125927830844	ONE_TO_16	2026-06-02 07:53:15.012	2026-06-02 07:53:15.012	\N	\N	\N	\N	\N	[[-6.190907025731743,106.8124385316345],[-6.191895057355836,106.81259278308438]]
236	28	ODP_LoadTest_31	-6.198992837564725	106.8076148173918	ONE_TO_16	2026-06-02 07:53:15.086	2026-06-02 07:53:15.086	\N	\N	\N	\N	\N	[[-6.198588799919402,106.806700075034],[-6.198992837564725,106.80761481739181]]
237	28	ODP_LoadTest_32	-6.19803737323816	106.8075342983945	ONE_TO_16	2026-06-02 07:53:15.16	2026-06-02 07:53:15.16	\N	\N	\N	\N	\N	[[-6.198588799919402,106.806700075034],[-6.19803737323816,106.80753429839451]]
238	28	ODP_LoadTest_33	-6.197588888059294	106.8066867982868	ONE_TO_16	2026-06-02 07:53:15.237	2026-06-02 07:53:15.237	\N	\N	\N	\N	\N	[[-6.198588799919402,106.806700075034],[-6.197588888059294,106.80668679828678]]
239	28	ODP_LoadTest_34	-6.198059717233281	106.8058515047592	ONE_TO_16	2026-06-02 07:53:15.305	2026-06-02 07:53:15.305	\N	\N	\N	\N	\N	[[-6.198588799919402,106.806700075034],[-6.198059717233281,106.80585150475922]]
240	28	ODP_LoadTest_35	-6.199016982588898	106.8057963828289	ONE_TO_16	2026-06-02 07:53:15.381	2026-06-02 07:53:15.381	\N	\N	\N	\N	\N	[[-6.198588799919402,106.806700075034],[-6.199016982588898,106.80579638282892]]
241	28	ODP_LoadTest_36	-6.199580578772845	106.8065721113444	ONE_TO_16	2026-06-02 07:53:15.455	2026-06-02 07:53:15.455	\N	\N	\N	\N	\N	[[-6.198588799919402,106.806700075034],[-6.199580578772845,106.80657211134438]]
242	28	ODP_LoadTest_37	-6.199232338052759	106.8074654890859	ONE_TO_16	2026-06-02 07:53:15.528	2026-06-02 07:53:15.528	\N	\N	\N	\N	\N	[[-6.198588799919402,106.806700075034],[-6.1992323380527585,106.80746548908594]]
243	28	ODP_LoadTest_38	-6.198292431340692	106.8076551486781	ONE_TO_16	2026-06-02 07:53:15.602	2026-06-02 07:53:15.602	\N	\N	\N	\N	\N	[[-6.198588799919402,106.806700075034],[-6.198292431340692,106.80765514867805]]
244	28	ODP_LoadTest_39	-6.197625004533117	106.8069667179664	ONE_TO_16	2026-06-02 07:53:15.672	2026-06-02 07:53:15.672	\N	\N	\N	\N	\N	[[-6.198588799919402,106.806700075034],[-6.197625004533117,106.80696671796636]]
245	28	ODP_LoadTest_40	-6.197843686758922	106.8060331369723	ONE_TO_16	2026-06-02 07:53:15.748	2026-06-02 07:53:15.748	\N	\N	\N	\N	\N	[[-6.198588799919402,106.806700075034],[-6.197843686758922,106.80603313697235]]
246	29	ODP_LoadTest_41	-6.201972026371769	106.8228157556256	ONE_TO_16	2026-06-02 07:53:15.822	2026-06-02 07:53:15.822	\N	\N	\N	\N	\N	[[-6.201813403702965,106.8238030949031],[-6.201972026371769,106.82281575562557]]
247	29	ODP_LoadTest_42	-6.20272992525088	106.8234031095881	ONE_TO_16	2026-06-02 07:53:15.894	2026-06-02 07:53:15.894	\N	\N	\N	\N	\N	[[-6.201813403702965,106.8238030949031],[-6.20272992525088,106.82340310958811]]
248	29	ODP_LoadTest_43	-6.202645178445594	106.8243582082046	ONE_TO_16	2026-06-02 07:53:15.961	2026-06-02 07:53:15.961	\N	\N	\N	\N	\N	[[-6.201813403702965,106.8238030949031],[-6.202645178445594,106.82435820820461]]
249	29	ODP_LoadTest_44	-6.20179570177786	106.8248029382117	ONE_TO_16	2026-06-02 07:53:16.037	2026-06-02 07:53:16.037	\N	\N	\N	\N	\N	[[-6.201813403702965,106.8238030949031],[-6.2017957017778595,106.82480293821175]]
250	29	ODP_LoadTest_45	-6.200962500178431	106.8243284168919	ONE_TO_16	2026-06-02 07:53:16.11	2026-06-02 07:53:16.11	\N	\N	\N	\N	\N	[[-6.201813403702965,106.8238030949031],[-6.200962500178431,106.82432841689192]]
251	29	ODP_LoadTest_46	-6.200911615355316	106.8233709169582	ONE_TO_16	2026-06-02 07:53:16.182	2026-06-02 07:53:16.182	\N	\N	\N	\N	\N	[[-6.201813403702965,106.8238030949031],[-6.200911615355316,106.82337091695821]]
252	29	ODP_LoadTest_47	-6.20168983058022	106.8228107594339	ONE_TO_16	2026-06-02 07:53:16.255	2026-06-02 07:53:16.255	\N	\N	\N	\N	\N	[[-6.201813403702965,106.8238030949031],[-6.20168983058022,106.82281075943395]]
253	29	ODP_LoadTest_48	-6.202581658364289	106.8231629505636	ONE_TO_16	2026-06-02 07:53:16.326	2026-06-02 07:53:16.326	\N	\N	\N	\N	\N	[[-6.201813403702965,106.8238030949031],[-6.202581658364289,106.82316295056363]]
254	29	ODP_LoadTest_49	-6.202767156355725	106.8241036874468	ONE_TO_16	2026-06-02 07:53:16.4	2026-06-02 07:53:16.4	\N	\N	\N	\N	\N	[[-6.201813403702965,106.8238030949031],[-6.2027671563557245,106.82410368744684]]
255	29	ODP_LoadTest_50	-6.202075778556669	106.8247680609316	ONE_TO_16	2026-06-02 07:53:16.472	2026-06-02 07:53:16.472	\N	\N	\N	\N	\N	[[-6.201813403702965,106.8238030949031],[-6.202075778556669,106.82476806093159]]
256	30	ODP_LoadTest_51	-6.19424836166458	106.8227599295821	ONE_TO_16	2026-06-02 07:53:16.545	2026-06-02 07:53:16.545	\N	\N	\N	\N	\N	[[-6.194918590840423,106.8220177753853],[-6.19424836166458,106.82275992958212]]
257	30	ODP_LoadTest_52	-6.193931963248382	106.8218547846045	ONE_TO_16	2026-06-02 07:53:16.618	2026-06-02 07:53:16.618	\N	\N	\N	\N	\N	[[-6.194918590840423,106.8220177753853],[-6.1939319632483825,106.82185478460451]]
258	30	ODP_LoadTest_53	-6.194522665690242	106.8210994925991	ONE_TO_16	2026-06-02 07:53:16.689	2026-06-02 07:53:16.689	\N	\N	\N	\N	\N	[[-6.194918590840423,106.8220177753853],[-6.194522665690242,106.82109949259909]]
259	30	ODP_LoadTest_54	-6.195477379889275	106.8211884655524	ONE_TO_16	2026-06-02 07:53:16.761	2026-06-02 07:53:16.761	\N	\N	\N	\N	\N	[[-6.194918590840423,106.8220177753853],[-6.195477379889275,106.82118846555244]]
260	30	ODP_LoadTest_55	-6.195918346013782	106.8220399021416	ONE_TO_16	2026-06-02 07:53:16.835	2026-06-02 07:53:16.835	\N	\N	\N	\N	\N	[[-6.194918590840423,106.8220177753853],[-6.195918346013782,106.82203990214157]]
261	30	ODP_LoadTest_56	-6.19544014184251	106.822870995493	ONE_TO_16	2026-06-02 07:53:16.909	2026-06-02 07:53:16.909	\N	\N	\N	\N	\N	[[-6.194918590840423,106.8220177753853],[-6.19544014184251,106.82287099549303]]
262	30	ODP_LoadTest_57	-6.194482426085175	106.8229176422123	ONE_TO_16	2026-06-02 07:53:16.982	2026-06-02 07:53:16.982	\N	\N	\N	\N	\N	[[-6.194918590840423,106.8220177753853],[-6.194482426085175,106.82291764221227]]
263	30	ODP_LoadTest_58	-6.193925718192339	106.8221369555207	ONE_TO_16	2026-06-02 07:53:17.054	2026-06-02 07:53:17.054	\N	\N	\N	\N	\N	[[-6.194918590840423,106.8220177753853],[-6.193925718192339,106.82213695552075]]
264	30	ODP_LoadTest_59	-6.194281852833284	106.8212466951623	ONE_TO_16	2026-06-02 07:53:17.127	2026-06-02 07:53:17.127	\N	\N	\N	\N	\N	[[-6.194918590840423,106.8220177753853],[-6.194281852833284,106.82124669516233]]
265	30	ODP_LoadTest_60	-6.195223401461526	106.8210653624049	ONE_TO_16	2026-06-02 07:53:17.202	2026-06-02 07:53:17.202	\N	\N	\N	\N	\N	[[-6.194918590840423,106.8220177753853],[-6.195223401461526,106.8210653624049]]
266	31	ODP_LoadTest_61	-6.193661719895086	106.8149932765277	ONE_TO_16	2026-06-02 07:53:17.275	2026-06-02 07:53:17.275	\N	\N	\N	\N	\N	[[-6.192695602125078,106.8152513781636],[-6.193661719895086,106.81499327652766]]
267	31	ODP_LoadTest_62	-6.193434782821727	106.8159248853259	ONE_TO_16	2026-06-02 07:53:17.356	2026-06-02 07:53:17.356	\N	\N	\N	\N	\N	[[-6.192695602125078,106.8152513781636],[-6.193434782821727,106.81592488532591]]
268	31	ODP_LoadTest_63	-6.192528246424775	106.8162372747452	ONE_TO_16	2026-06-02 07:53:17.429	2026-06-02 07:53:17.429	\N	\N	\N	\N	\N	[[-6.192695602125078,106.8152513781636],[-6.192528246424775,106.81623727474518]]
269	31	ODP_LoadTest_64	-6.191775576086881	106.815643235394	ONE_TO_16	2026-06-02 07:53:17.502	2026-06-02 07:53:17.502	\N	\N	\N	\N	\N	[[-6.192695602125078,106.8152513781636],[-6.191775576086881,106.81564323539402]]
270	31	ODP_LoadTest_65	-6.191868773445588	106.8146889243123	ONE_TO_16	2026-06-02 07:53:17.578	2026-06-02 07:53:17.578	\N	\N	\N	\N	\N	[[-6.192695602125078,106.8152513781636],[-6.191868773445588,106.81468892431235]]
271	31	ODP_LoadTest_66	-6.192722153279102	106.8142517307076	ONE_TO_16	2026-06-02 07:53:17.651	2026-06-02 07:53:17.651	\N	\N	\N	\N	\N	[[-6.192695602125078,106.8152513781636],[-6.192722153279102,106.81425173070762]]
272	31	ODP_LoadTest_67	-6.193551122104053	106.8147336083638	ONE_TO_16	2026-06-02 07:53:17.723	2026-06-02 07:53:17.723	\N	\N	\N	\N	\N	[[-6.192695602125078,106.8152513781636],[-6.193551122104053,106.81473360836381]]
273	31	ODP_LoadTest_68	-6.193593529805767	106.8156915211861	ONE_TO_16	2026-06-02 07:53:17.802	2026-06-02 07:53:17.802	\N	\N	\N	\N	\N	[[-6.192695602125078,106.8152513781636],[-6.193593529805767,106.8156915211861]]
274	31	ODP_LoadTest_69	-6.192810386938861	106.8162447685433	ONE_TO_16	2026-06-02 07:53:17.885	2026-06-02 07:53:17.885	\N	\N	\N	\N	\N	[[-6.192695602125078,106.8152513781636],[-6.192810386938861,106.81624476854331]]
275	31	ODP_LoadTest_70	-6.191921711443521	106.8158846973667	ONE_TO_16	2026-06-02 07:53:17.964	2026-06-02 07:53:17.964	\N	\N	\N	\N	\N	[[-6.192695602125078,106.8152513781636],[-6.191921711443521,106.81588469736668]]
276	32	ODP_LoadTest_71	-6.196237188476726	106.8094158749106	ONE_TO_16	2026-06-02 07:53:18.055	2026-06-02 07:53:18.055	\N	\N	\N	\N	\N	[[-6.19718824312998,106.8097248976388],[-6.196237188476726,106.80941587491064]]
\.


--
-- Data for Name: OdpPort; Type: TABLE DATA; Schema: public; Owner: wifian
--

COPY public."OdpPort" (id, "odpId", index, "isUsed", "createdAt") FROM stdin;
2	1	2	f	2026-05-31 02:30:49.052
4	1	4	f	2026-05-31 02:30:49.052
6	1	6	f	2026-05-31 02:30:49.052
7	1	7	f	2026-05-31 02:30:49.052
8	1	8	f	2026-05-31 02:30:49.052
1	1	1	t	2026-05-31 02:30:49.052
3241	206	1	t	2026-06-02 07:53:12.85
3242	206	2	t	2026-06-02 07:53:12.856
3243	206	3	t	2026-06-02 07:53:12.861
5	1	5	f	2026-05-31 02:30:49.052
3	1	3	t	2026-05-31 02:30:49.052
33	5	1	f	2026-06-01 08:17:39.437
34	5	2	f	2026-06-01 08:17:39.437
35	5	3	f	2026-06-01 08:17:39.437
36	5	4	f	2026-06-01 08:17:39.437
37	5	5	f	2026-06-01 08:17:39.437
38	5	6	f	2026-06-01 08:17:39.437
39	5	7	f	2026-06-01 08:17:39.437
40	5	8	f	2026-06-01 08:17:39.437
3251	206	11	f	2026-06-02 07:53:12.897
3252	206	12	f	2026-06-02 07:53:12.901
3253	206	13	f	2026-06-02 07:53:12.906
3254	206	14	f	2026-06-02 07:53:12.91
3255	206	15	f	2026-06-02 07:53:12.914
3256	206	16	f	2026-06-02 07:53:12.918
3267	207	11	f	2026-06-02 07:53:12.973
3268	207	12	f	2026-06-02 07:53:12.978
3269	207	13	f	2026-06-02 07:53:12.982
3270	207	14	f	2026-06-02 07:53:12.986
3271	207	15	f	2026-06-02 07:53:12.99
3272	207	16	f	2026-06-02 07:53:12.994
3283	208	11	f	2026-06-02 07:53:13.05
3284	208	12	f	2026-06-02 07:53:13.054
3285	208	13	f	2026-06-02 07:53:13.058
3286	208	14	f	2026-06-02 07:53:13.063
3287	208	15	f	2026-06-02 07:53:13.067
3288	208	16	f	2026-06-02 07:53:13.071
3299	209	11	f	2026-06-02 07:53:13.129
3300	209	12	f	2026-06-02 07:53:13.133
3301	209	13	f	2026-06-02 07:53:13.138
3302	209	14	f	2026-06-02 07:53:13.142
3303	209	15	f	2026-06-02 07:53:13.146
3304	209	16	f	2026-06-02 07:53:13.15
3315	210	11	f	2026-06-02 07:53:13.205
3316	210	12	f	2026-06-02 07:53:13.21
3317	210	13	f	2026-06-02 07:53:13.214
3318	210	14	f	2026-06-02 07:53:13.217
3319	210	15	f	2026-06-02 07:53:13.221
3320	210	16	f	2026-06-02 07:53:13.225
3331	211	11	f	2026-06-02 07:53:13.278
3332	211	12	f	2026-06-02 07:53:13.282
3333	211	13	f	2026-06-02 07:53:13.286
3334	211	14	f	2026-06-02 07:53:13.29
3335	211	15	f	2026-06-02 07:53:13.294
3336	211	16	f	2026-06-02 07:53:13.298
3347	212	11	f	2026-06-02 07:53:13.35
3348	212	12	f	2026-06-02 07:53:13.354
3349	212	13	f	2026-06-02 07:53:13.358
3350	212	14	f	2026-06-02 07:53:13.362
3351	212	15	f	2026-06-02 07:53:13.366
3244	206	4	t	2026-06-02 07:53:12.865
3245	206	5	t	2026-06-02 07:53:12.869
3246	206	6	t	2026-06-02 07:53:12.874
3247	206	7	t	2026-06-02 07:53:12.879
3248	206	8	t	2026-06-02 07:53:12.883
3249	206	9	t	2026-06-02 07:53:12.887
3250	206	10	t	2026-06-02 07:53:12.892
3257	207	1	t	2026-06-02 07:53:12.932
3258	207	2	t	2026-06-02 07:53:12.936
3259	207	3	t	2026-06-02 07:53:12.94
3260	207	4	t	2026-06-02 07:53:12.944
3261	207	5	t	2026-06-02 07:53:12.948
3262	207	6	t	2026-06-02 07:53:12.952
3263	207	7	t	2026-06-02 07:53:12.956
3264	207	8	t	2026-06-02 07:53:12.961
3352	212	16	f	2026-06-02 07:53:13.37
3265	207	9	t	2026-06-02 07:53:12.965
3266	207	10	t	2026-06-02 07:53:12.969
3273	208	1	t	2026-06-02 07:53:13.008
3274	208	2	t	2026-06-02 07:53:13.013
3275	208	3	t	2026-06-02 07:53:13.017
3276	208	4	t	2026-06-02 07:53:13.022
3277	208	5	t	2026-06-02 07:53:13.026
3278	208	6	t	2026-06-02 07:53:13.03
3279	208	7	t	2026-06-02 07:53:13.034
3280	208	8	t	2026-06-02 07:53:13.038
3281	208	9	t	2026-06-02 07:53:13.042
3282	208	10	t	2026-06-02 07:53:13.046
3289	209	1	t	2026-06-02 07:53:13.085
3290	209	2	t	2026-06-02 07:53:13.089
3291	209	3	t	2026-06-02 07:53:13.093
3292	209	4	t	2026-06-02 07:53:13.097
3293	209	5	t	2026-06-02 07:53:13.104
3294	209	6	t	2026-06-02 07:53:13.108
3295	209	7	t	2026-06-02 07:53:13.112
3296	209	8	t	2026-06-02 07:53:13.116
3297	209	9	t	2026-06-02 07:53:13.12
3298	209	10	t	2026-06-02 07:53:13.125
3305	210	1	t	2026-06-02 07:53:13.163
3306	210	2	t	2026-06-02 07:53:13.167
3307	210	3	t	2026-06-02 07:53:13.172
3308	210	4	t	2026-06-02 07:53:13.176
3309	210	5	t	2026-06-02 07:53:13.18
3310	210	6	t	2026-06-02 07:53:13.184
3311	210	7	t	2026-06-02 07:53:13.189
3312	210	8	t	2026-06-02 07:53:13.193
3313	210	9	t	2026-06-02 07:53:13.197
3314	210	10	t	2026-06-02 07:53:13.201
3321	211	1	t	2026-06-02 07:53:13.238
3322	211	2	t	2026-06-02 07:53:13.243
3323	211	3	t	2026-06-02 07:53:13.247
3324	211	4	t	2026-06-02 07:53:13.251
3325	211	5	t	2026-06-02 07:53:13.255
3326	211	6	t	2026-06-02 07:53:13.258
3327	211	7	t	2026-06-02 07:53:13.262
3328	211	8	t	2026-06-02 07:53:13.266
3329	211	9	t	2026-06-02 07:53:13.27
3330	211	10	t	2026-06-02 07:53:13.274
3337	212	1	t	2026-06-02 07:53:13.311
3338	212	2	t	2026-06-02 07:53:13.314
3339	212	3	t	2026-06-02 07:53:13.319
3340	212	4	t	2026-06-02 07:53:13.322
3341	212	5	t	2026-06-02 07:53:13.326
3342	212	6	t	2026-06-02 07:53:13.33
3343	212	7	t	2026-06-02 07:53:13.334
3344	212	8	t	2026-06-02 07:53:13.338
3345	212	9	t	2026-06-02 07:53:13.342
3346	212	10	t	2026-06-02 07:53:13.346
3353	213	1	t	2026-06-02 07:53:13.383
3354	213	2	t	2026-06-02 07:53:13.387
3355	213	3	t	2026-06-02 07:53:13.39
3363	213	11	f	2026-06-02 07:53:13.421
3364	213	12	f	2026-06-02 07:53:13.425
3365	213	13	f	2026-06-02 07:53:13.43
3366	213	14	f	2026-06-02 07:53:13.434
3367	213	15	f	2026-06-02 07:53:13.439
3368	213	16	f	2026-06-02 07:53:13.443
3379	214	11	f	2026-06-02 07:53:13.496
3380	214	12	f	2026-06-02 07:53:13.504
3381	214	13	f	2026-06-02 07:53:13.507
3382	214	14	f	2026-06-02 07:53:13.511
3383	214	15	f	2026-06-02 07:53:13.515
3384	214	16	f	2026-06-02 07:53:13.519
3395	215	11	f	2026-06-02 07:53:13.574
3396	215	12	f	2026-06-02 07:53:13.578
3397	215	13	f	2026-06-02 07:53:13.582
3398	215	14	f	2026-06-02 07:53:13.586
3399	215	15	f	2026-06-02 07:53:13.589
3400	215	16	f	2026-06-02 07:53:13.593
3411	216	11	f	2026-06-02 07:53:13.648
3412	216	12	f	2026-06-02 07:53:13.651
3413	216	13	f	2026-06-02 07:53:13.655
3414	216	14	f	2026-06-02 07:53:13.659
3415	216	15	f	2026-06-02 07:53:13.663
3416	216	16	f	2026-06-02 07:53:13.667
3427	217	11	f	2026-06-02 07:53:13.725
3428	217	12	f	2026-06-02 07:53:13.729
3429	217	13	f	2026-06-02 07:53:13.733
3430	217	14	f	2026-06-02 07:53:13.737
3431	217	15	f	2026-06-02 07:53:13.741
3432	217	16	f	2026-06-02 07:53:13.745
3443	218	11	f	2026-06-02 07:53:13.798
3444	218	12	f	2026-06-02 07:53:13.802
3445	218	13	f	2026-06-02 07:53:13.806
3446	218	14	f	2026-06-02 07:53:13.81
3447	218	15	f	2026-06-02 07:53:13.814
3356	213	4	t	2026-06-02 07:53:13.394
3357	213	5	t	2026-06-02 07:53:13.398
3358	213	6	t	2026-06-02 07:53:13.402
3359	213	7	t	2026-06-02 07:53:13.406
3360	213	8	t	2026-06-02 07:53:13.41
3361	213	9	t	2026-06-02 07:53:13.414
3362	213	10	t	2026-06-02 07:53:13.417
3369	214	1	t	2026-06-02 07:53:13.455
3370	214	2	t	2026-06-02 07:53:13.459
3371	214	3	t	2026-06-02 07:53:13.463
3372	214	4	t	2026-06-02 07:53:13.468
3373	214	5	t	2026-06-02 07:53:13.472
3374	214	6	t	2026-06-02 07:53:13.475
3375	214	7	t	2026-06-02 07:53:13.479
3376	214	8	t	2026-06-02 07:53:13.484
3377	214	9	t	2026-06-02 07:53:13.488
3378	214	10	t	2026-06-02 07:53:13.492
3385	215	1	t	2026-06-02 07:53:13.531
3386	215	2	t	2026-06-02 07:53:13.535
3387	215	3	t	2026-06-02 07:53:13.539
3388	215	4	t	2026-06-02 07:53:13.543
3389	215	5	t	2026-06-02 07:53:13.548
3390	215	6	t	2026-06-02 07:53:13.552
3391	215	7	t	2026-06-02 07:53:13.556
3392	215	8	t	2026-06-02 07:53:13.56
3393	215	9	t	2026-06-02 07:53:13.566
3394	215	10	t	2026-06-02 07:53:13.57
3401	216	1	t	2026-06-02 07:53:13.605
3402	216	2	t	2026-06-02 07:53:13.609
3403	216	3	t	2026-06-02 07:53:13.614
3404	216	4	t	2026-06-02 07:53:13.62
3405	216	5	t	2026-06-02 07:53:13.624
3406	216	6	t	2026-06-02 07:53:13.628
3407	216	7	t	2026-06-02 07:53:13.632
3408	216	8	t	2026-06-02 07:53:13.636
3409	216	9	t	2026-06-02 07:53:13.64
3410	216	10	t	2026-06-02 07:53:13.644
3417	217	1	t	2026-06-02 07:53:13.679
3418	217	2	t	2026-06-02 07:53:13.683
3419	217	3	t	2026-06-02 07:53:13.691
3420	217	4	t	2026-06-02 07:53:13.696
3421	217	5	t	2026-06-02 07:53:13.7
3422	217	6	t	2026-06-02 07:53:13.704
3423	217	7	t	2026-06-02 07:53:13.708
3424	217	8	t	2026-06-02 07:53:13.712
3425	217	9	t	2026-06-02 07:53:13.716
3426	217	10	t	2026-06-02 07:53:13.721
3433	218	1	t	2026-06-02 07:53:13.758
3434	218	2	t	2026-06-02 07:53:13.762
3435	218	3	t	2026-06-02 07:53:13.766
3436	218	4	t	2026-06-02 07:53:13.77
3437	218	5	t	2026-06-02 07:53:13.774
3438	218	6	t	2026-06-02 07:53:13.778
3439	218	7	t	2026-06-02 07:53:13.782
3440	218	8	t	2026-06-02 07:53:13.786
3441	218	9	t	2026-06-02 07:53:13.79
3442	218	10	t	2026-06-02 07:53:13.794
3448	218	16	f	2026-06-02 07:53:13.818
3459	219	11	f	2026-06-02 07:53:13.874
3460	219	12	f	2026-06-02 07:53:13.878
3461	219	13	f	2026-06-02 07:53:13.881
3462	219	14	f	2026-06-02 07:53:13.885
3463	219	15	f	2026-06-02 07:53:13.889
3464	219	16	f	2026-06-02 07:53:13.893
3475	220	11	f	2026-06-02 07:53:13.944
3476	220	12	f	2026-06-02 07:53:13.948
3477	220	13	f	2026-06-02 07:53:13.952
3478	220	14	f	2026-06-02 07:53:13.957
3479	220	15	f	2026-06-02 07:53:13.96
3480	220	16	f	2026-06-02 07:53:13.964
3491	221	11	f	2026-06-02 07:53:14.018
3492	221	12	f	2026-06-02 07:53:14.021
3493	221	13	f	2026-06-02 07:53:14.025
3494	221	14	f	2026-06-02 07:53:14.029
3495	221	15	f	2026-06-02 07:53:14.034
3496	221	16	f	2026-06-02 07:53:14.037
3507	222	11	f	2026-06-02 07:53:14.088
3508	222	12	f	2026-06-02 07:53:14.092
3509	222	13	f	2026-06-02 07:53:14.096
3510	222	14	f	2026-06-02 07:53:14.1
3511	222	15	f	2026-06-02 07:53:14.104
3512	222	16	f	2026-06-02 07:53:14.109
3523	223	11	f	2026-06-02 07:53:14.168
3524	223	12	f	2026-06-02 07:53:14.172
3525	223	13	f	2026-06-02 07:53:14.176
3526	223	14	f	2026-06-02 07:53:14.179
3527	223	15	f	2026-06-02 07:53:14.184
3528	223	16	f	2026-06-02 07:53:14.188
3539	224	11	f	2026-06-02 07:53:14.252
3449	219	1	t	2026-06-02 07:53:13.83
3450	219	2	t	2026-06-02 07:53:13.834
3451	219	3	t	2026-06-02 07:53:13.838
3452	219	4	t	2026-06-02 07:53:13.842
3453	219	5	t	2026-06-02 07:53:13.847
3454	219	6	t	2026-06-02 07:53:13.851
3455	219	7	t	2026-06-02 07:53:13.856
3456	219	8	t	2026-06-02 07:53:13.86
3457	219	9	t	2026-06-02 07:53:13.864
3458	219	10	t	2026-06-02 07:53:13.868
3465	220	1	t	2026-06-02 07:53:13.905
3466	220	2	t	2026-06-02 07:53:13.909
3467	220	3	t	2026-06-02 07:53:13.913
3468	220	4	t	2026-06-02 07:53:13.917
3469	220	5	t	2026-06-02 07:53:13.921
3470	220	6	t	2026-06-02 07:53:13.925
3471	220	7	t	2026-06-02 07:53:13.929
3472	220	8	t	2026-06-02 07:53:13.932
3473	220	9	t	2026-06-02 07:53:13.936
3474	220	10	t	2026-06-02 07:53:13.94
3481	221	1	t	2026-06-02 07:53:13.978
3482	221	2	t	2026-06-02 07:53:13.982
3483	221	3	t	2026-06-02 07:53:13.985
3484	221	4	t	2026-06-02 07:53:13.989
3485	221	5	t	2026-06-02 07:53:13.993
3486	221	6	t	2026-06-02 07:53:13.997
3487	221	7	t	2026-06-02 07:53:14.001
3488	221	8	t	2026-06-02 07:53:14.006
3489	221	9	t	2026-06-02 07:53:14.01
3490	221	10	t	2026-06-02 07:53:14.014
3497	222	1	t	2026-06-02 07:53:14.05
3498	222	2	t	2026-06-02 07:53:14.054
3499	222	3	t	2026-06-02 07:53:14.058
3500	222	4	t	2026-06-02 07:53:14.062
3501	222	5	t	2026-06-02 07:53:14.066
3502	222	6	t	2026-06-02 07:53:14.069
3503	222	7	t	2026-06-02 07:53:14.073
3504	222	8	t	2026-06-02 07:53:14.077
3505	222	9	t	2026-06-02 07:53:14.081
3506	222	10	t	2026-06-02 07:53:14.084
3513	223	1	t	2026-06-02 07:53:14.126
3514	223	2	t	2026-06-02 07:53:14.13
3515	223	3	t	2026-06-02 07:53:14.134
3516	223	4	t	2026-06-02 07:53:14.138
3517	223	5	t	2026-06-02 07:53:14.143
3518	223	6	t	2026-06-02 07:53:14.147
3519	223	7	t	2026-06-02 07:53:14.151
3520	223	8	t	2026-06-02 07:53:14.155
3521	223	9	t	2026-06-02 07:53:14.159
3522	223	10	t	2026-06-02 07:53:14.163
3529	224	1	t	2026-06-02 07:53:14.204
3530	224	2	t	2026-06-02 07:53:14.208
3531	224	3	t	2026-06-02 07:53:14.216
3532	224	4	t	2026-06-02 07:53:14.223
3533	224	5	t	2026-06-02 07:53:14.228
3534	224	6	t	2026-06-02 07:53:14.232
3535	224	7	t	2026-06-02 07:53:14.236
3536	224	8	t	2026-06-02 07:53:14.24
3537	224	9	t	2026-06-02 07:53:14.244
3538	224	10	t	2026-06-02 07:53:14.248
3540	224	12	f	2026-06-02 07:53:14.256
3541	224	13	f	2026-06-02 07:53:14.26
3542	224	14	f	2026-06-02 07:53:14.264
3543	224	15	f	2026-06-02 07:53:14.268
3544	224	16	f	2026-06-02 07:53:14.272
3555	225	11	f	2026-06-02 07:53:14.327
3556	225	12	f	2026-06-02 07:53:14.332
3557	225	13	f	2026-06-02 07:53:14.336
3558	225	14	f	2026-06-02 07:53:14.34
3559	225	15	f	2026-06-02 07:53:14.344
3560	225	16	f	2026-06-02 07:53:14.348
3571	226	11	f	2026-06-02 07:53:14.401
3572	226	12	f	2026-06-02 07:53:14.406
3573	226	13	f	2026-06-02 07:53:14.41
3574	226	14	f	2026-06-02 07:53:14.414
3575	226	15	f	2026-06-02 07:53:14.418
3576	226	16	f	2026-06-02 07:53:14.422
3587	227	11	f	2026-06-02 07:53:14.475
3588	227	12	f	2026-06-02 07:53:14.479
3589	227	13	f	2026-06-02 07:53:14.483
3590	227	14	f	2026-06-02 07:53:14.488
3591	227	15	f	2026-06-02 07:53:14.492
3592	227	16	f	2026-06-02 07:53:14.496
3603	228	11	f	2026-06-02 07:53:14.549
3604	228	12	f	2026-06-02 07:53:14.553
3605	228	13	f	2026-06-02 07:53:14.557
3606	228	14	f	2026-06-02 07:53:14.561
3607	228	15	f	2026-06-02 07:53:14.564
3608	228	16	f	2026-06-02 07:53:14.568
3619	229	11	f	2026-06-02 07:53:14.62
3620	229	12	f	2026-06-02 07:53:14.624
3621	229	13	f	2026-06-02 07:53:14.628
3622	229	14	f	2026-06-02 07:53:14.632
3623	229	15	f	2026-06-02 07:53:14.637
3624	229	16	f	2026-06-02 07:53:14.641
3545	225	1	t	2026-06-02 07:53:14.284
3546	225	2	t	2026-06-02 07:53:14.288
3547	225	3	t	2026-06-02 07:53:14.293
3548	225	4	t	2026-06-02 07:53:14.297
3549	225	5	t	2026-06-02 07:53:14.302
3550	225	6	t	2026-06-02 07:53:14.306
3551	225	7	t	2026-06-02 07:53:14.31
3552	225	8	t	2026-06-02 07:53:14.314
3553	225	9	t	2026-06-02 07:53:14.318
3554	225	10	t	2026-06-02 07:53:14.323
3561	226	1	t	2026-06-02 07:53:14.36
3562	226	2	t	2026-06-02 07:53:14.364
3563	226	3	t	2026-06-02 07:53:14.368
3564	226	4	t	2026-06-02 07:53:14.372
3565	226	5	t	2026-06-02 07:53:14.376
3566	226	6	t	2026-06-02 07:53:14.38
3567	226	7	t	2026-06-02 07:53:14.384
3568	226	8	t	2026-06-02 07:53:14.389
3569	226	9	t	2026-06-02 07:53:14.393
3570	226	10	t	2026-06-02 07:53:14.397
3577	227	1	t	2026-06-02 07:53:14.434
3578	227	2	t	2026-06-02 07:53:14.438
3579	227	3	t	2026-06-02 07:53:14.442
3580	227	4	t	2026-06-02 07:53:14.446
3581	227	5	t	2026-06-02 07:53:14.45
3582	227	6	t	2026-06-02 07:53:14.455
3583	227	7	t	2026-06-02 07:53:14.459
3584	227	8	t	2026-06-02 07:53:14.463
3585	227	9	t	2026-06-02 07:53:14.467
3586	227	10	t	2026-06-02 07:53:14.471
3593	228	1	t	2026-06-02 07:53:14.508
3594	228	2	t	2026-06-02 07:53:14.512
3595	228	3	t	2026-06-02 07:53:14.516
3596	228	4	t	2026-06-02 07:53:14.521
3597	228	5	t	2026-06-02 07:53:14.525
3598	228	6	t	2026-06-02 07:53:14.528
3599	228	7	t	2026-06-02 07:53:14.532
3600	228	8	t	2026-06-02 07:53:14.536
3601	228	9	t	2026-06-02 07:53:14.54
3602	228	10	t	2026-06-02 07:53:14.545
3609	229	1	t	2026-06-02 07:53:14.581
3610	229	2	t	2026-06-02 07:53:14.585
3611	229	3	t	2026-06-02 07:53:14.589
3612	229	4	t	2026-06-02 07:53:14.592
3613	229	5	t	2026-06-02 07:53:14.596
3614	229	6	t	2026-06-02 07:53:14.6
3615	229	7	t	2026-06-02 07:53:14.604
3616	229	8	t	2026-06-02 07:53:14.608
3617	229	9	t	2026-06-02 07:53:14.612
3618	229	10	t	2026-06-02 07:53:14.616
3625	230	1	t	2026-06-02 07:53:14.654
3626	230	2	t	2026-06-02 07:53:14.658
3627	230	3	t	2026-06-02 07:53:14.662
3628	230	4	t	2026-06-02 07:53:14.666
3629	230	5	t	2026-06-02 07:53:14.67
3630	230	6	t	2026-06-02 07:53:14.674
3631	230	7	t	2026-06-02 07:53:14.678
3635	230	11	f	2026-06-02 07:53:14.695
3636	230	12	f	2026-06-02 07:53:14.699
3637	230	13	f	2026-06-02 07:53:14.703
3638	230	14	f	2026-06-02 07:53:14.707
3639	230	15	f	2026-06-02 07:53:14.711
3640	230	16	f	2026-06-02 07:53:14.715
3651	231	11	f	2026-06-02 07:53:14.768
3652	231	12	f	2026-06-02 07:53:14.772
3653	231	13	f	2026-06-02 07:53:14.775
3654	231	14	f	2026-06-02 07:53:14.779
3655	231	15	f	2026-06-02 07:53:14.783
3656	231	16	f	2026-06-02 07:53:14.787
3667	232	11	f	2026-06-02 07:53:14.839
3668	232	12	f	2026-06-02 07:53:14.843
3669	232	13	f	2026-06-02 07:53:14.846
3670	232	14	f	2026-06-02 07:53:14.851
3671	232	15	f	2026-06-02 07:53:14.855
3672	232	16	f	2026-06-02 07:53:14.858
3683	233	11	f	2026-06-02 07:53:14.912
3684	233	12	f	2026-06-02 07:53:14.916
3685	233	13	f	2026-06-02 07:53:14.92
3686	233	14	f	2026-06-02 07:53:14.924
3687	233	15	f	2026-06-02 07:53:14.928
3688	233	16	f	2026-06-02 07:53:14.933
3699	234	11	f	2026-06-02 07:53:14.986
3700	234	12	f	2026-06-02 07:53:14.99
3701	234	13	f	2026-06-02 07:53:14.994
3702	234	14	f	2026-06-02 07:53:14.998
3703	234	15	f	2026-06-02 07:53:15.003
3704	234	16	f	2026-06-02 07:53:15.008
3715	235	11	f	2026-06-02 07:53:15.062
3716	235	12	f	2026-06-02 07:53:15.066
3717	235	13	f	2026-06-02 07:53:15.07
3718	235	14	f	2026-06-02 07:53:15.074
3719	235	15	f	2026-06-02 07:53:15.078
3720	235	16	f	2026-06-02 07:53:15.082
3632	230	8	t	2026-06-02 07:53:14.682
3633	230	9	t	2026-06-02 07:53:14.687
3634	230	10	t	2026-06-02 07:53:14.691
3641	231	1	t	2026-06-02 07:53:14.728
3642	231	2	t	2026-06-02 07:53:14.732
3643	231	3	t	2026-06-02 07:53:14.736
3644	231	4	t	2026-06-02 07:53:14.739
3645	231	5	t	2026-06-02 07:53:14.743
3646	231	6	t	2026-06-02 07:53:14.748
3647	231	7	t	2026-06-02 07:53:14.752
3648	231	8	t	2026-06-02 07:53:14.756
3649	231	9	t	2026-06-02 07:53:14.759
3650	231	10	t	2026-06-02 07:53:14.764
3657	232	1	t	2026-06-02 07:53:14.8
3658	232	2	t	2026-06-02 07:53:14.804
3659	232	3	t	2026-06-02 07:53:14.808
3660	232	4	t	2026-06-02 07:53:14.812
3661	232	5	t	2026-06-02 07:53:14.816
3662	232	6	t	2026-06-02 07:53:14.82
3663	232	7	t	2026-06-02 07:53:14.824
3664	232	8	t	2026-06-02 07:53:14.827
3665	232	9	t	2026-06-02 07:53:14.831
3666	232	10	t	2026-06-02 07:53:14.835
3673	233	1	t	2026-06-02 07:53:14.871
3674	233	2	t	2026-06-02 07:53:14.875
3675	233	3	t	2026-06-02 07:53:14.879
3676	233	4	t	2026-06-02 07:53:14.883
3677	233	5	t	2026-06-02 07:53:14.888
3678	233	6	t	2026-06-02 07:53:14.892
3679	233	7	t	2026-06-02 07:53:14.896
3680	233	8	t	2026-06-02 07:53:14.9
3681	233	9	t	2026-06-02 07:53:14.904
3682	233	10	t	2026-06-02 07:53:14.908
3689	234	1	t	2026-06-02 07:53:14.945
3690	234	2	t	2026-06-02 07:53:14.95
3691	234	3	t	2026-06-02 07:53:14.954
3692	234	4	t	2026-06-02 07:53:14.958
3693	234	5	t	2026-06-02 07:53:14.962
3694	234	6	t	2026-06-02 07:53:14.966
3695	234	7	t	2026-06-02 07:53:14.97
3696	234	8	t	2026-06-02 07:53:14.974
3697	234	9	t	2026-06-02 07:53:14.979
3698	234	10	t	2026-06-02 07:53:14.983
3705	235	1	t	2026-06-02 07:53:15.021
3706	235	2	t	2026-06-02 07:53:15.025
3707	235	3	t	2026-06-02 07:53:15.029
3708	235	4	t	2026-06-02 07:53:15.033
3709	235	5	t	2026-06-02 07:53:15.037
3710	235	6	t	2026-06-02 07:53:15.042
3711	235	7	t	2026-06-02 07:53:15.046
3712	235	8	t	2026-06-02 07:53:15.05
3713	235	9	t	2026-06-02 07:53:15.054
3714	235	10	t	2026-06-02 07:53:15.058
3721	236	1	t	2026-06-02 07:53:15.095
3722	236	2	t	2026-06-02 07:53:15.099
3723	236	3	t	2026-06-02 07:53:15.103
3731	236	11	f	2026-06-02 07:53:15.136
3732	236	12	f	2026-06-02 07:53:15.14
3733	236	13	f	2026-06-02 07:53:15.144
3734	236	14	f	2026-06-02 07:53:15.148
3735	236	15	f	2026-06-02 07:53:15.152
3736	236	16	f	2026-06-02 07:53:15.156
3747	237	11	f	2026-06-02 07:53:15.208
3748	237	12	f	2026-06-02 07:53:15.213
3749	237	13	f	2026-06-02 07:53:15.219
3750	237	14	f	2026-06-02 07:53:15.223
3751	237	15	f	2026-06-02 07:53:15.226
3752	237	16	f	2026-06-02 07:53:15.233
3763	238	11	f	2026-06-02 07:53:15.282
3764	238	12	f	2026-06-02 07:53:15.286
3765	238	13	f	2026-06-02 07:53:15.29
3766	238	14	f	2026-06-02 07:53:15.294
3767	238	15	f	2026-06-02 07:53:15.297
3768	238	16	f	2026-06-02 07:53:15.301
3779	239	11	f	2026-06-02 07:53:15.356
3780	239	12	f	2026-06-02 07:53:15.36
3781	239	13	f	2026-06-02 07:53:15.364
3782	239	14	f	2026-06-02 07:53:15.368
3783	239	15	f	2026-06-02 07:53:15.372
3784	239	16	f	2026-06-02 07:53:15.376
3795	240	11	f	2026-06-02 07:53:15.43
3796	240	12	f	2026-06-02 07:53:15.435
3797	240	13	f	2026-06-02 07:53:15.438
3798	240	14	f	2026-06-02 07:53:15.443
3799	240	15	f	2026-06-02 07:53:15.447
3800	240	16	f	2026-06-02 07:53:15.451
3811	241	11	f	2026-06-02 07:53:15.504
3812	241	12	f	2026-06-02 07:53:15.508
3813	241	13	f	2026-06-02 07:53:15.512
3814	241	14	f	2026-06-02 07:53:15.516
3815	241	15	f	2026-06-02 07:53:15.52
3724	236	4	t	2026-06-02 07:53:15.107
3725	236	5	t	2026-06-02 07:53:15.111
3726	236	6	t	2026-06-02 07:53:15.116
3727	236	7	t	2026-06-02 07:53:15.12
3728	236	8	t	2026-06-02 07:53:15.124
3729	236	9	t	2026-06-02 07:53:15.128
3730	236	10	t	2026-06-02 07:53:15.132
3737	237	1	t	2026-06-02 07:53:15.168
3738	237	2	t	2026-06-02 07:53:15.172
3739	237	3	t	2026-06-02 07:53:15.176
3740	237	4	t	2026-06-02 07:53:15.181
3741	237	5	t	2026-06-02 07:53:15.184
3742	237	6	t	2026-06-02 07:53:15.188
3743	237	7	t	2026-06-02 07:53:15.192
3744	237	8	t	2026-06-02 07:53:15.196
3745	237	9	t	2026-06-02 07:53:15.2
3746	237	10	t	2026-06-02 07:53:15.204
3753	238	1	t	2026-06-02 07:53:15.245
3754	238	2	t	2026-06-02 07:53:15.248
3755	238	3	t	2026-06-02 07:53:15.252
3756	238	4	t	2026-06-02 07:53:15.256
3757	238	5	t	2026-06-02 07:53:15.259
3758	238	6	t	2026-06-02 07:53:15.263
3759	238	7	t	2026-06-02 07:53:15.267
3760	238	8	t	2026-06-02 07:53:15.271
3761	238	9	t	2026-06-02 07:53:15.275
3762	238	10	t	2026-06-02 07:53:15.279
3769	239	1	t	2026-06-02 07:53:15.313
3770	239	2	t	2026-06-02 07:53:15.317
3771	239	3	t	2026-06-02 07:53:15.321
3772	239	4	t	2026-06-02 07:53:15.326
3773	239	5	t	2026-06-02 07:53:15.33
3774	239	6	t	2026-06-02 07:53:15.334
3775	239	7	t	2026-06-02 07:53:15.339
3776	239	8	t	2026-06-02 07:53:15.343
3777	239	9	t	2026-06-02 07:53:15.347
3778	239	10	t	2026-06-02 07:53:15.351
3785	240	1	t	2026-06-02 07:53:15.389
3786	240	2	t	2026-06-02 07:53:15.393
3787	240	3	t	2026-06-02 07:53:15.398
3788	240	4	t	2026-06-02 07:53:15.402
3789	240	5	t	2026-06-02 07:53:15.406
3790	240	6	t	2026-06-02 07:53:15.41
3791	240	7	t	2026-06-02 07:53:15.414
3792	240	8	t	2026-06-02 07:53:15.418
3793	240	9	t	2026-06-02 07:53:15.422
3794	240	10	t	2026-06-02 07:53:15.426
3801	241	1	t	2026-06-02 07:53:15.463
3802	241	2	t	2026-06-02 07:53:15.467
3803	241	3	t	2026-06-02 07:53:15.471
3804	241	4	t	2026-06-02 07:53:15.475
3805	241	5	t	2026-06-02 07:53:15.479
3806	241	6	t	2026-06-02 07:53:15.484
3807	241	7	t	2026-06-02 07:53:15.488
3808	241	8	t	2026-06-02 07:53:15.492
3809	241	9	t	2026-06-02 07:53:15.496
3810	241	10	t	2026-06-02 07:53:15.5
3816	241	16	f	2026-06-02 07:53:15.524
3827	242	11	f	2026-06-02 07:53:15.575
3828	242	12	f	2026-06-02 07:53:15.579
3829	242	13	f	2026-06-02 07:53:15.583
3830	242	14	f	2026-06-02 07:53:15.59
3831	242	15	f	2026-06-02 07:53:15.594
3832	242	16	f	2026-06-02 07:53:15.598
3843	243	11	f	2026-06-02 07:53:15.65
3844	243	12	f	2026-06-02 07:53:15.653
3845	243	13	f	2026-06-02 07:53:15.657
3846	243	14	f	2026-06-02 07:53:15.661
3847	243	15	f	2026-06-02 07:53:15.665
3848	243	16	f	2026-06-02 07:53:15.669
3859	244	11	f	2026-06-02 07:53:15.723
3860	244	12	f	2026-06-02 07:53:15.727
3861	244	13	f	2026-06-02 07:53:15.731
3862	244	14	f	2026-06-02 07:53:15.736
3863	244	15	f	2026-06-02 07:53:15.74
3864	244	16	f	2026-06-02 07:53:15.744
3875	245	11	f	2026-06-02 07:53:15.798
3876	245	12	f	2026-06-02 07:53:15.803
3877	245	13	f	2026-06-02 07:53:15.807
3878	245	14	f	2026-06-02 07:53:15.81
3879	245	15	f	2026-06-02 07:53:15.814
3880	245	16	f	2026-06-02 07:53:15.818
3891	246	11	f	2026-06-02 07:53:15.872
3892	246	12	f	2026-06-02 07:53:15.875
3893	246	13	f	2026-06-02 07:53:15.879
3894	246	14	f	2026-06-02 07:53:15.883
3895	246	15	f	2026-06-02 07:53:15.886
3896	246	16	f	2026-06-02 07:53:15.89
3907	247	11	f	2026-06-02 07:53:15.939
3817	242	1	t	2026-06-02 07:53:15.536
3818	242	2	t	2026-06-02 07:53:15.54
3819	242	3	t	2026-06-02 07:53:15.544
3820	242	4	t	2026-06-02 07:53:15.548
3821	242	5	t	2026-06-02 07:53:15.552
3822	242	6	t	2026-06-02 07:53:15.556
3823	242	7	t	2026-06-02 07:53:15.559
3824	242	8	t	2026-06-02 07:53:15.564
3825	242	9	t	2026-06-02 07:53:15.567
3826	242	10	t	2026-06-02 07:53:15.571
3833	243	1	t	2026-06-02 07:53:15.61
3834	243	2	t	2026-06-02 07:53:15.614
3835	243	3	t	2026-06-02 07:53:15.618
3836	243	4	t	2026-06-02 07:53:15.622
3837	243	5	t	2026-06-02 07:53:15.626
3838	243	6	t	2026-06-02 07:53:15.63
3839	243	7	t	2026-06-02 07:53:15.634
3840	243	8	t	2026-06-02 07:53:15.638
3841	243	9	t	2026-06-02 07:53:15.642
3842	243	10	t	2026-06-02 07:53:15.646
3849	244	1	t	2026-06-02 07:53:15.681
3850	244	2	t	2026-06-02 07:53:15.684
3851	244	3	t	2026-06-02 07:53:15.691
3852	244	4	t	2026-06-02 07:53:15.696
3853	244	5	t	2026-06-02 07:53:15.7
3854	244	6	t	2026-06-02 07:53:15.703
3855	244	7	t	2026-06-02 07:53:15.707
3856	244	8	t	2026-06-02 07:53:15.711
3857	244	9	t	2026-06-02 07:53:15.715
3858	244	10	t	2026-06-02 07:53:15.719
3865	245	1	t	2026-06-02 07:53:15.756
3866	245	2	t	2026-06-02 07:53:15.76
3867	245	3	t	2026-06-02 07:53:15.766
3868	245	4	t	2026-06-02 07:53:15.771
3869	245	5	t	2026-06-02 07:53:15.774
3870	245	6	t	2026-06-02 07:53:15.778
3871	245	7	t	2026-06-02 07:53:15.782
3872	245	8	t	2026-06-02 07:53:15.786
3873	245	9	t	2026-06-02 07:53:15.79
3874	245	10	t	2026-06-02 07:53:15.794
3881	246	1	t	2026-06-02 07:53:15.83
3882	246	2	t	2026-06-02 07:53:15.834
3883	246	3	t	2026-06-02 07:53:15.837
3884	246	4	t	2026-06-02 07:53:15.841
3885	246	5	t	2026-06-02 07:53:15.845
3886	246	6	t	2026-06-02 07:53:15.849
3887	246	7	t	2026-06-02 07:53:15.853
3888	246	8	t	2026-06-02 07:53:15.857
3889	246	9	t	2026-06-02 07:53:15.861
3890	246	10	t	2026-06-02 07:53:15.865
3897	247	1	t	2026-06-02 07:53:15.902
3898	247	2	t	2026-06-02 07:53:15.906
3899	247	3	t	2026-06-02 07:53:15.909
3900	247	4	t	2026-06-02 07:53:15.913
3901	247	5	t	2026-06-02 07:53:15.917
3902	247	6	t	2026-06-02 07:53:15.92
3903	247	7	t	2026-06-02 07:53:15.924
3904	247	8	t	2026-06-02 07:53:15.928
3905	247	9	t	2026-06-02 07:53:15.931
3906	247	10	t	2026-06-02 07:53:15.935
3908	247	12	f	2026-06-02 07:53:15.943
3909	247	13	f	2026-06-02 07:53:15.946
3910	247	14	f	2026-06-02 07:53:15.95
3911	247	15	f	2026-06-02 07:53:15.954
3912	247	16	f	2026-06-02 07:53:15.957
3923	248	11	f	2026-06-02 07:53:16.012
3924	248	12	f	2026-06-02 07:53:16.016
3925	248	13	f	2026-06-02 07:53:16.021
3926	248	14	f	2026-06-02 07:53:16.025
3927	248	15	f	2026-06-02 07:53:16.029
3928	248	16	f	2026-06-02 07:53:16.033
3939	249	11	f	2026-06-02 07:53:16.086
3940	249	12	f	2026-06-02 07:53:16.09
3941	249	13	f	2026-06-02 07:53:16.094
3942	249	14	f	2026-06-02 07:53:16.098
3943	249	15	f	2026-06-02 07:53:16.102
3944	249	16	f	2026-06-02 07:53:16.106
3955	250	11	f	2026-06-02 07:53:16.158
3956	250	12	f	2026-06-02 07:53:16.162
3957	250	13	f	2026-06-02 07:53:16.167
3958	250	14	f	2026-06-02 07:53:16.171
3959	250	15	f	2026-06-02 07:53:16.175
3960	250	16	f	2026-06-02 07:53:16.179
3971	251	11	f	2026-06-02 07:53:16.23
3972	251	12	f	2026-06-02 07:53:16.234
3973	251	13	f	2026-06-02 07:53:16.238
3974	251	14	f	2026-06-02 07:53:16.242
3975	251	15	f	2026-06-02 07:53:16.247
3976	251	16	f	2026-06-02 07:53:16.251
3987	252	11	f	2026-06-02 07:53:16.302
3988	252	12	f	2026-06-02 07:53:16.306
3989	252	13	f	2026-06-02 07:53:16.31
3990	252	14	f	2026-06-02 07:53:16.314
3991	252	15	f	2026-06-02 07:53:16.318
3992	252	16	f	2026-06-02 07:53:16.322
3913	248	1	t	2026-06-02 07:53:15.971
3914	248	2	t	2026-06-02 07:53:15.975
3915	248	3	t	2026-06-02 07:53:15.979
3916	248	4	t	2026-06-02 07:53:15.983
3917	248	5	t	2026-06-02 07:53:15.987
3918	248	6	t	2026-06-02 07:53:15.991
3919	248	7	t	2026-06-02 07:53:15.995
3920	248	8	t	2026-06-02 07:53:15.999
3921	248	9	t	2026-06-02 07:53:16.004
3922	248	10	t	2026-06-02 07:53:16.008
3929	249	1	t	2026-06-02 07:53:16.046
3930	249	2	t	2026-06-02 07:53:16.05
3931	249	3	t	2026-06-02 07:53:16.053
3932	249	4	t	2026-06-02 07:53:16.057
3933	249	5	t	2026-06-02 07:53:16.061
3934	249	6	t	2026-06-02 07:53:16.067
3935	249	7	t	2026-06-02 07:53:16.071
3936	249	8	t	2026-06-02 07:53:16.074
3937	249	9	t	2026-06-02 07:53:16.078
3938	249	10	t	2026-06-02 07:53:16.082
3945	250	1	t	2026-06-02 07:53:16.118
3946	250	2	t	2026-06-02 07:53:16.122
3947	250	3	t	2026-06-02 07:53:16.126
3948	250	4	t	2026-06-02 07:53:16.13
3949	250	5	t	2026-06-02 07:53:16.134
3950	250	6	t	2026-06-02 07:53:16.138
3951	250	7	t	2026-06-02 07:53:16.142
3952	250	8	t	2026-06-02 07:53:16.146
3953	250	9	t	2026-06-02 07:53:16.15
3954	250	10	t	2026-06-02 07:53:16.154
3961	251	1	t	2026-06-02 07:53:16.191
3962	251	2	t	2026-06-02 07:53:16.195
3963	251	3	t	2026-06-02 07:53:16.199
3964	251	4	t	2026-06-02 07:53:16.203
3965	251	5	t	2026-06-02 07:53:16.206
3966	251	6	t	2026-06-02 07:53:16.21
3967	251	7	t	2026-06-02 07:53:16.214
3968	251	8	t	2026-06-02 07:53:16.218
3969	251	9	t	2026-06-02 07:53:16.222
3970	251	10	t	2026-06-02 07:53:16.226
3977	252	1	t	2026-06-02 07:53:16.263
3978	252	2	t	2026-06-02 07:53:16.266
3979	252	3	t	2026-06-02 07:53:16.27
3980	252	4	t	2026-06-02 07:53:16.275
3981	252	5	t	2026-06-02 07:53:16.279
3982	252	6	t	2026-06-02 07:53:16.282
3983	252	7	t	2026-06-02 07:53:16.286
3984	252	8	t	2026-06-02 07:53:16.29
3985	252	9	t	2026-06-02 07:53:16.294
3986	252	10	t	2026-06-02 07:53:16.298
3993	253	1	t	2026-06-02 07:53:16.334
3994	253	2	t	2026-06-02 07:53:16.339
3995	253	3	t	2026-06-02 07:53:16.343
3996	253	4	t	2026-06-02 07:53:16.346
3997	253	5	t	2026-06-02 07:53:16.35
3998	253	6	t	2026-06-02 07:53:16.354
4003	253	11	f	2026-06-02 07:53:16.375
4004	253	12	f	2026-06-02 07:53:16.379
4005	253	13	f	2026-06-02 07:53:16.383
4006	253	14	f	2026-06-02 07:53:16.387
4007	253	15	f	2026-06-02 07:53:16.391
4008	253	16	f	2026-06-02 07:53:16.396
4019	254	11	f	2026-06-02 07:53:16.448
4020	254	12	f	2026-06-02 07:53:16.452
4021	254	13	f	2026-06-02 07:53:16.455
4022	254	14	f	2026-06-02 07:53:16.459
4023	254	15	f	2026-06-02 07:53:16.463
4024	254	16	f	2026-06-02 07:53:16.468
4035	255	11	f	2026-06-02 07:53:16.521
4036	255	12	f	2026-06-02 07:53:16.525
4037	255	13	f	2026-06-02 07:53:16.529
4038	255	14	f	2026-06-02 07:53:16.533
4039	255	15	f	2026-06-02 07:53:16.537
4040	255	16	f	2026-06-02 07:53:16.541
4051	256	11	f	2026-06-02 07:53:16.595
4052	256	12	f	2026-06-02 07:53:16.599
4053	256	13	f	2026-06-02 07:53:16.603
4054	256	14	f	2026-06-02 07:53:16.606
4055	256	15	f	2026-06-02 07:53:16.61
4056	256	16	f	2026-06-02 07:53:16.614
4067	257	11	f	2026-06-02 07:53:16.666
4068	257	12	f	2026-06-02 07:53:16.67
4069	257	13	f	2026-06-02 07:53:16.674
4070	257	14	f	2026-06-02 07:53:16.678
4071	257	15	f	2026-06-02 07:53:16.682
4072	257	16	f	2026-06-02 07:53:16.685
4083	258	11	f	2026-06-02 07:53:16.737
4084	258	12	f	2026-06-02 07:53:16.741
4085	258	13	f	2026-06-02 07:53:16.745
4086	258	14	f	2026-06-02 07:53:16.749
4087	258	15	f	2026-06-02 07:53:16.753
4088	258	16	f	2026-06-02 07:53:16.757
3999	253	7	t	2026-06-02 07:53:16.358
4000	253	8	t	2026-06-02 07:53:16.362
4001	253	9	t	2026-06-02 07:53:16.366
4002	253	10	t	2026-06-02 07:53:16.37
4009	254	1	t	2026-06-02 07:53:16.409
4010	254	2	t	2026-06-02 07:53:16.412
4011	254	3	t	2026-06-02 07:53:16.416
4012	254	4	t	2026-06-02 07:53:16.42
4013	254	5	t	2026-06-02 07:53:16.424
4014	254	6	t	2026-06-02 07:53:16.428
4015	254	7	t	2026-06-02 07:53:16.432
4016	254	8	t	2026-06-02 07:53:16.436
4017	254	9	t	2026-06-02 07:53:16.44
4018	254	10	t	2026-06-02 07:53:16.444
4025	255	1	t	2026-06-02 07:53:16.481
4026	255	2	t	2026-06-02 07:53:16.485
4027	255	3	t	2026-06-02 07:53:16.49
4028	255	4	t	2026-06-02 07:53:16.493
4029	255	5	t	2026-06-02 07:53:16.497
4030	255	6	t	2026-06-02 07:53:16.502
4031	255	7	t	2026-06-02 07:53:16.506
4032	255	8	t	2026-06-02 07:53:16.51
4033	255	9	t	2026-06-02 07:53:16.513
4034	255	10	t	2026-06-02 07:53:16.517
4041	256	1	t	2026-06-02 07:53:16.554
4042	256	2	t	2026-06-02 07:53:16.558
4043	256	3	t	2026-06-02 07:53:16.562
4044	256	4	t	2026-06-02 07:53:16.566
4045	256	5	t	2026-06-02 07:53:16.57
4046	256	6	t	2026-06-02 07:53:16.574
4047	256	7	t	2026-06-02 07:53:16.577
4048	256	8	t	2026-06-02 07:53:16.582
4049	256	9	t	2026-06-02 07:53:16.586
4050	256	10	t	2026-06-02 07:53:16.59
4057	257	1	t	2026-06-02 07:53:16.626
4058	257	2	t	2026-06-02 07:53:16.63
4059	257	3	t	2026-06-02 07:53:16.635
4060	257	4	t	2026-06-02 07:53:16.639
4061	257	5	t	2026-06-02 07:53:16.643
4062	257	6	t	2026-06-02 07:53:16.646
4063	257	7	t	2026-06-02 07:53:16.65
4064	257	8	t	2026-06-02 07:53:16.654
4065	257	9	t	2026-06-02 07:53:16.658
4066	257	10	t	2026-06-02 07:53:16.662
4073	258	1	t	2026-06-02 07:53:16.697
4074	258	2	t	2026-06-02 07:53:16.701
4075	258	3	t	2026-06-02 07:53:16.705
4076	258	4	t	2026-06-02 07:53:16.709
4077	258	5	t	2026-06-02 07:53:16.713
4078	258	6	t	2026-06-02 07:53:16.717
4079	258	7	t	2026-06-02 07:53:16.721
4080	258	8	t	2026-06-02 07:53:16.725
4081	258	9	t	2026-06-02 07:53:16.729
4082	258	10	t	2026-06-02 07:53:16.733
4089	259	1	t	2026-06-02 07:53:16.77
4099	259	11	f	2026-06-02 07:53:16.81
4100	259	12	f	2026-06-02 07:53:16.814
4101	259	13	f	2026-06-02 07:53:16.819
4102	259	14	f	2026-06-02 07:53:16.823
4103	259	15	f	2026-06-02 07:53:16.827
4104	259	16	f	2026-06-02 07:53:16.831
4115	260	11	f	2026-06-02 07:53:16.885
4116	260	12	f	2026-06-02 07:53:16.889
4117	260	13	f	2026-06-02 07:53:16.893
4118	260	14	f	2026-06-02 07:53:16.897
4119	260	15	f	2026-06-02 07:53:16.901
4120	260	16	f	2026-06-02 07:53:16.905
4131	261	11	f	2026-06-02 07:53:16.959
4132	261	12	f	2026-06-02 07:53:16.963
4133	261	13	f	2026-06-02 07:53:16.967
4134	261	14	f	2026-06-02 07:53:16.971
4135	261	15	f	2026-06-02 07:53:16.975
4136	261	16	f	2026-06-02 07:53:16.978
4147	262	11	f	2026-06-02 07:53:17.031
4148	262	12	f	2026-06-02 07:53:17.035
4149	262	13	f	2026-06-02 07:53:17.039
4150	262	14	f	2026-06-02 07:53:17.042
4151	262	15	f	2026-06-02 07:53:17.046
4152	262	16	f	2026-06-02 07:53:17.05
4163	263	11	f	2026-06-02 07:53:17.104
4164	263	12	f	2026-06-02 07:53:17.108
4165	263	13	f	2026-06-02 07:53:17.112
4166	263	14	f	2026-06-02 07:53:17.116
4167	263	15	f	2026-06-02 07:53:17.119
4168	263	16	f	2026-06-02 07:53:17.123
4179	264	11	f	2026-06-02 07:53:17.177
4180	264	12	f	2026-06-02 07:53:17.181
4181	264	13	f	2026-06-02 07:53:17.185
4090	259	2	t	2026-06-02 07:53:16.774
4091	259	3	t	2026-06-02 07:53:16.778
4092	259	4	t	2026-06-02 07:53:16.782
4093	259	5	t	2026-06-02 07:53:16.786
4094	259	6	t	2026-06-02 07:53:16.79
4095	259	7	t	2026-06-02 07:53:16.794
4096	259	8	t	2026-06-02 07:53:16.798
4097	259	9	t	2026-06-02 07:53:16.802
4098	259	10	t	2026-06-02 07:53:16.806
4105	260	1	t	2026-06-02 07:53:16.844
4106	260	2	t	2026-06-02 07:53:16.848
4107	260	3	t	2026-06-02 07:53:16.852
4108	260	4	t	2026-06-02 07:53:16.856
4109	260	5	t	2026-06-02 07:53:16.86
4110	260	6	t	2026-06-02 07:53:16.864
4111	260	7	t	2026-06-02 07:53:16.868
4112	260	8	t	2026-06-02 07:53:16.872
4113	260	9	t	2026-06-02 07:53:16.877
4114	260	10	t	2026-06-02 07:53:16.881
4121	261	1	t	2026-06-02 07:53:16.918
4122	261	2	t	2026-06-02 07:53:16.922
4123	261	3	t	2026-06-02 07:53:16.926
4124	261	4	t	2026-06-02 07:53:16.93
4125	261	5	t	2026-06-02 07:53:16.934
4126	261	6	t	2026-06-02 07:53:16.938
4127	261	7	t	2026-06-02 07:53:16.942
4128	261	8	t	2026-06-02 07:53:16.946
4129	261	9	t	2026-06-02 07:53:16.951
4130	261	10	t	2026-06-02 07:53:16.955
4137	262	1	t	2026-06-02 07:53:16.99
4138	262	2	t	2026-06-02 07:53:16.994
4139	262	3	t	2026-06-02 07:53:16.998
4140	262	4	t	2026-06-02 07:53:17.003
4141	262	5	t	2026-06-02 07:53:17.007
4142	262	6	t	2026-06-02 07:53:17.011
4143	262	7	t	2026-06-02 07:53:17.015
4144	262	8	t	2026-06-02 07:53:17.018
4145	262	9	t	2026-06-02 07:53:17.023
4146	262	10	t	2026-06-02 07:53:17.027
4153	263	1	t	2026-06-02 07:53:17.062
4154	263	2	t	2026-06-02 07:53:17.066
4155	263	3	t	2026-06-02 07:53:17.07
4156	263	4	t	2026-06-02 07:53:17.074
4157	263	5	t	2026-06-02 07:53:17.078
4158	263	6	t	2026-06-02 07:53:17.082
4159	263	7	t	2026-06-02 07:53:17.087
4160	263	8	t	2026-06-02 07:53:17.091
4161	263	9	t	2026-06-02 07:53:17.095
4162	263	10	t	2026-06-02 07:53:17.1
4169	264	1	t	2026-06-02 07:53:17.136
4170	264	2	t	2026-06-02 07:53:17.14
4171	264	3	t	2026-06-02 07:53:17.144
4172	264	4	t	2026-06-02 07:53:17.148
4173	264	5	t	2026-06-02 07:53:17.153
4174	264	6	t	2026-06-02 07:53:17.157
4175	264	7	t	2026-06-02 07:53:17.161
4176	264	8	t	2026-06-02 07:53:17.165
4177	264	9	t	2026-06-02 07:53:17.169
4178	264	10	t	2026-06-02 07:53:17.173
4182	264	14	f	2026-06-02 07:53:17.189
4183	264	15	f	2026-06-02 07:53:17.194
4184	264	16	f	2026-06-02 07:53:17.198
4195	265	11	f	2026-06-02 07:53:17.25
4196	265	12	f	2026-06-02 07:53:17.254
4197	265	13	f	2026-06-02 07:53:17.258
4198	265	14	f	2026-06-02 07:53:17.262
4199	265	15	f	2026-06-02 07:53:17.266
4200	265	16	f	2026-06-02 07:53:17.27
4211	266	11	f	2026-06-02 07:53:17.332
4212	266	12	f	2026-06-02 07:53:17.336
4213	266	13	f	2026-06-02 07:53:17.34
4214	266	14	f	2026-06-02 07:53:17.344
4215	266	15	f	2026-06-02 07:53:17.348
4216	266	16	f	2026-06-02 07:53:17.352
4227	267	11	f	2026-06-02 07:53:17.405
4228	267	12	f	2026-06-02 07:53:17.409
4229	267	13	f	2026-06-02 07:53:17.413
4230	267	14	f	2026-06-02 07:53:17.417
4231	267	15	f	2026-06-02 07:53:17.421
4232	267	16	f	2026-06-02 07:53:17.425
4243	268	11	f	2026-06-02 07:53:17.478
4244	268	12	f	2026-06-02 07:53:17.482
4245	268	13	f	2026-06-02 07:53:17.486
4246	268	14	f	2026-06-02 07:53:17.49
4247	268	15	f	2026-06-02 07:53:17.494
4248	268	16	f	2026-06-02 07:53:17.498
4259	269	11	f	2026-06-02 07:53:17.552
4260	269	12	f	2026-06-02 07:53:17.557
4261	269	13	f	2026-06-02 07:53:17.561
4262	269	14	f	2026-06-02 07:53:17.566
4263	269	15	f	2026-06-02 07:53:17.57
4264	269	16	f	2026-06-02 07:53:17.574
4275	270	11	f	2026-06-02 07:53:17.627
4276	270	12	f	2026-06-02 07:53:17.631
4277	270	13	f	2026-06-02 07:53:17.635
4278	270	14	f	2026-06-02 07:53:17.64
4185	265	1	t	2026-06-02 07:53:17.21
4186	265	2	t	2026-06-02 07:53:17.214
4187	265	3	t	2026-06-02 07:53:17.218
4188	265	4	t	2026-06-02 07:53:17.222
4189	265	5	t	2026-06-02 07:53:17.226
4190	265	6	t	2026-06-02 07:53:17.231
4191	265	7	t	2026-06-02 07:53:17.235
4192	265	8	t	2026-06-02 07:53:17.239
4193	265	9	t	2026-06-02 07:53:17.243
4194	265	10	t	2026-06-02 07:53:17.247
4201	266	1	t	2026-06-02 07:53:17.286
4202	266	2	t	2026-06-02 07:53:17.292
4203	266	3	t	2026-06-02 07:53:17.298
4204	266	4	t	2026-06-02 07:53:17.304
4205	266	5	t	2026-06-02 07:53:17.308
4206	266	6	t	2026-06-02 07:53:17.312
4207	266	7	t	2026-06-02 07:53:17.316
4208	266	8	t	2026-06-02 07:53:17.32
4209	266	9	t	2026-06-02 07:53:17.324
4210	266	10	t	2026-06-02 07:53:17.328
4217	267	1	t	2026-06-02 07:53:17.364
4218	267	2	t	2026-06-02 07:53:17.368
4219	267	3	t	2026-06-02 07:53:17.372
4220	267	4	t	2026-06-02 07:53:17.376
4221	267	5	t	2026-06-02 07:53:17.38
4222	267	6	t	2026-06-02 07:53:17.384
4223	267	7	t	2026-06-02 07:53:17.388
4224	267	8	t	2026-06-02 07:53:17.392
4225	267	9	t	2026-06-02 07:53:17.396
4226	267	10	t	2026-06-02 07:53:17.401
4233	268	1	t	2026-06-02 07:53:17.437
4234	268	2	t	2026-06-02 07:53:17.441
4235	268	3	t	2026-06-02 07:53:17.445
4236	268	4	t	2026-06-02 07:53:17.45
4237	268	5	t	2026-06-02 07:53:17.454
4238	268	6	t	2026-06-02 07:53:17.458
4239	268	7	t	2026-06-02 07:53:17.462
4240	268	8	t	2026-06-02 07:53:17.466
4241	268	9	t	2026-06-02 07:53:17.47
4242	268	10	t	2026-06-02 07:53:17.474
4249	269	1	t	2026-06-02 07:53:17.51
4250	269	2	t	2026-06-02 07:53:17.514
4251	269	3	t	2026-06-02 07:53:17.518
4252	269	4	t	2026-06-02 07:53:17.521
4253	269	5	t	2026-06-02 07:53:17.528
4254	269	6	t	2026-06-02 07:53:17.532
4255	269	7	t	2026-06-02 07:53:17.536
4256	269	8	t	2026-06-02 07:53:17.539
4257	269	9	t	2026-06-02 07:53:17.543
4258	269	10	t	2026-06-02 07:53:17.547
4265	270	1	t	2026-06-02 07:53:17.586
4266	270	2	t	2026-06-02 07:53:17.591
4267	270	3	t	2026-06-02 07:53:17.594
4268	270	4	t	2026-06-02 07:53:17.598
4269	270	5	t	2026-06-02 07:53:17.602
4270	270	6	t	2026-06-02 07:53:17.607
4271	270	7	t	2026-06-02 07:53:17.611
4272	270	8	t	2026-06-02 07:53:17.615
4273	270	9	t	2026-06-02 07:53:17.619
4274	270	10	t	2026-06-02 07:53:17.623
4279	270	15	f	2026-06-02 07:53:17.644
4280	270	16	f	2026-06-02 07:53:17.647
4291	271	11	f	2026-06-02 07:53:17.698
4292	271	12	f	2026-06-02 07:53:17.702
4293	271	13	f	2026-06-02 07:53:17.706
4294	271	14	f	2026-06-02 07:53:17.71
4295	271	15	f	2026-06-02 07:53:17.714
4296	271	16	f	2026-06-02 07:53:17.719
4307	272	11	f	2026-06-02 07:53:17.777
4308	272	12	f	2026-06-02 07:53:17.781
4309	272	13	f	2026-06-02 07:53:17.786
4310	272	14	f	2026-06-02 07:53:17.79
4311	272	15	f	2026-06-02 07:53:17.794
4312	272	16	f	2026-06-02 07:53:17.798
4323	273	11	f	2026-06-02 07:53:17.86
4324	273	12	f	2026-06-02 07:53:17.864
4325	273	13	f	2026-06-02 07:53:17.868
4326	273	14	f	2026-06-02 07:53:17.873
4327	273	15	f	2026-06-02 07:53:17.877
4328	273	16	f	2026-06-02 07:53:17.881
4339	274	11	f	2026-06-02 07:53:17.936
4340	274	12	f	2026-06-02 07:53:17.94
4341	274	13	f	2026-06-02 07:53:17.948
4342	274	14	f	2026-06-02 07:53:17.952
4343	274	15	f	2026-06-02 07:53:17.956
4344	274	16	f	2026-06-02 07:53:17.96
4355	275	11	f	2026-06-02 07:53:18.018
4356	275	12	f	2026-06-02 07:53:18.023
4357	275	13	f	2026-06-02 07:53:18.032
4358	275	14	f	2026-06-02 07:53:18.036
4359	275	15	f	2026-06-02 07:53:18.043
4360	275	16	f	2026-06-02 07:53:18.047
4419	279	11	f	2026-06-02 07:53:18.42
4420	279	12	f	2026-06-02 07:53:18.425
4421	279	13	f	2026-06-02 07:53:18.429
4422	279	14	f	2026-06-02 07:53:18.434
4423	279	15	f	2026-06-02 07:53:18.438
4424	279	16	f	2026-06-02 07:53:18.442
4435	280	11	f	2026-06-02 07:53:18.498
4436	280	12	f	2026-06-02 07:53:18.502
4437	280	13	f	2026-06-02 07:53:18.509
4438	280	14	f	2026-06-02 07:53:18.514
4439	280	15	f	2026-06-02 07:53:18.518
4440	280	16	f	2026-06-02 07:53:18.522
4451	281	11	f	2026-06-02 07:53:18.58
4452	281	12	f	2026-06-02 07:53:18.584
4453	281	13	f	2026-06-02 07:53:18.589
4454	281	14	f	2026-06-02 07:53:18.593
4455	281	15	f	2026-06-02 07:53:18.597
4456	281	16	f	2026-06-02 07:53:18.601
4467	282	11	f	2026-06-02 07:53:18.657
4468	282	12	f	2026-06-02 07:53:18.662
4469	282	13	f	2026-06-02 07:53:18.666
4371	276	11	f	2026-06-02 07:53:18.172
4372	276	12	f	2026-06-02 07:53:18.176
4373	276	13	f	2026-06-02 07:53:18.18
4374	276	14	f	2026-06-02 07:53:18.184
4375	276	15	f	2026-06-02 07:53:18.188
4376	276	16	f	2026-06-02 07:53:18.192
4387	277	11	f	2026-06-02 07:53:18.247
4388	277	12	f	2026-06-02 07:53:18.251
4389	277	13	f	2026-06-02 07:53:18.255
4390	277	14	f	2026-06-02 07:53:18.259
4391	277	15	f	2026-06-02 07:53:18.263
4392	277	16	f	2026-06-02 07:53:18.268
4403	278	11	f	2026-06-02 07:53:18.344
4404	278	12	f	2026-06-02 07:53:18.348
4405	278	13	f	2026-06-02 07:53:18.352
4406	278	14	f	2026-06-02 07:53:18.356
4407	278	15	f	2026-06-02 07:53:18.36
4408	278	16	f	2026-06-02 07:53:18.364
4366	276	6	t	2026-06-02 07:53:18.102
4367	276	7	t	2026-06-02 07:53:18.149
4368	276	8	t	2026-06-02 07:53:18.154
4369	276	9	t	2026-06-02 07:53:18.158
4370	276	10	t	2026-06-02 07:53:18.167
4377	277	1	t	2026-06-02 07:53:18.208
4378	277	2	t	2026-06-02 07:53:18.212
4379	277	3	t	2026-06-02 07:53:18.216
4380	277	4	t	2026-06-02 07:53:18.22
4381	277	5	t	2026-06-02 07:53:18.223
4382	277	6	t	2026-06-02 07:53:18.227
4383	277	7	t	2026-06-02 07:53:18.231
4384	277	8	t	2026-06-02 07:53:18.235
4385	277	9	t	2026-06-02 07:53:18.24
4386	277	10	t	2026-06-02 07:53:18.243
4393	278	1	t	2026-06-02 07:53:18.292
4394	278	2	t	2026-06-02 07:53:18.3
4395	278	3	t	2026-06-02 07:53:18.307
4396	278	4	t	2026-06-02 07:53:18.311
4397	278	5	t	2026-06-02 07:53:18.315
4398	278	6	t	2026-06-02 07:53:18.319
4399	278	7	t	2026-06-02 07:53:18.323
4400	278	8	t	2026-06-02 07:53:18.332
4401	278	9	t	2026-06-02 07:53:18.336
4402	278	10	t	2026-06-02 07:53:18.34
4409	279	1	t	2026-06-02 07:53:18.378
4410	279	2	t	2026-06-02 07:53:18.382
4411	279	3	t	2026-06-02 07:53:18.386
4412	279	4	t	2026-06-02 07:53:18.39
4413	279	5	t	2026-06-02 07:53:18.394
4470	282	14	f	2026-06-02 07:53:18.67
4471	282	15	f	2026-06-02 07:53:18.674
4472	282	16	f	2026-06-02 07:53:18.679
4483	283	11	f	2026-06-02 07:53:18.732
4484	283	12	f	2026-06-02 07:53:18.736
4485	283	13	f	2026-06-02 07:53:18.741
4486	283	14	f	2026-06-02 07:53:18.745
4487	283	15	f	2026-06-02 07:53:18.749
4488	283	16	f	2026-06-02 07:53:18.753
4499	284	11	f	2026-06-02 07:53:18.811
4500	284	12	f	2026-06-02 07:53:18.815
4501	284	13	f	2026-06-02 07:53:18.819
4502	284	14	f	2026-06-02 07:53:18.823
4503	284	15	f	2026-06-02 07:53:18.828
4504	284	16	f	2026-06-02 07:53:18.832
4515	285	11	f	2026-06-02 07:53:18.888
4516	285	12	f	2026-06-02 07:53:18.892
4517	285	13	f	2026-06-02 07:53:18.896
4518	285	14	f	2026-06-02 07:53:18.9
4519	285	15	f	2026-06-02 07:53:18.906
4520	285	16	f	2026-06-02 07:53:18.91
4531	286	11	f	2026-06-02 07:53:18.962
4532	286	12	f	2026-06-02 07:53:18.966
4533	286	13	f	2026-06-02 07:53:18.971
4534	286	14	f	2026-06-02 07:53:18.975
4535	286	15	f	2026-06-02 07:53:18.978
4536	286	16	f	2026-06-02 07:53:18.982
4547	287	11	f	2026-06-02 07:53:19.034
4548	287	12	f	2026-06-02 07:53:19.039
4549	287	13	f	2026-06-02 07:53:19.043
4550	287	14	f	2026-06-02 07:53:19.047
4551	287	15	f	2026-06-02 07:53:19.051
4552	287	16	f	2026-06-02 07:53:19.055
4563	288	11	f	2026-06-02 07:53:19.109
4564	288	12	f	2026-06-02 07:53:19.113
4565	288	13	f	2026-06-02 07:53:19.117
4566	288	14	f	2026-06-02 07:53:19.121
4567	288	15	f	2026-06-02 07:53:19.125
4568	288	16	f	2026-06-02 07:53:19.129
4579	289	11	f	2026-06-02 07:53:19.179
4580	289	12	f	2026-06-02 07:53:19.183
4581	289	13	f	2026-06-02 07:53:19.187
4582	289	14	f	2026-06-02 07:53:19.191
4583	289	15	f	2026-06-02 07:53:19.195
4584	289	16	f	2026-06-02 07:53:19.199
4595	290	11	f	2026-06-02 07:53:19.25
4596	290	12	f	2026-06-02 07:53:19.255
4597	290	13	f	2026-06-02 07:53:19.259
4598	290	14	f	2026-06-02 07:53:19.262
4599	290	15	f	2026-06-02 07:53:19.266
4600	290	16	f	2026-06-02 07:53:19.27
4611	291	11	f	2026-06-02 07:53:19.322
4612	291	12	f	2026-06-02 07:53:19.326
4613	291	13	f	2026-06-02 07:53:19.33
4614	291	14	f	2026-06-02 07:53:19.335
4615	291	15	f	2026-06-02 07:53:19.339
4616	291	16	f	2026-06-02 07:53:19.343
4474	283	2	t	2026-06-02 07:53:18.696
4476	283	4	t	2026-06-02 07:53:18.704
4477	283	5	t	2026-06-02 07:53:18.708
4478	283	6	t	2026-06-02 07:53:18.712
4479	283	7	t	2026-06-02 07:53:18.716
4480	283	8	t	2026-06-02 07:53:18.72
4481	283	9	t	2026-06-02 07:53:18.724
4482	283	10	t	2026-06-02 07:53:18.728
4489	284	1	t	2026-06-02 07:53:18.767
4490	284	2	t	2026-06-02 07:53:18.771
4491	284	3	t	2026-06-02 07:53:18.777
4492	284	4	t	2026-06-02 07:53:18.781
4493	284	5	t	2026-06-02 07:53:18.786
4495	284	7	t	2026-06-02 07:53:18.794
4496	284	8	t	2026-06-02 07:53:18.798
4497	284	9	t	2026-06-02 07:53:18.802
4498	284	10	t	2026-06-02 07:53:18.807
4505	285	1	t	2026-06-02 07:53:18.845
4506	285	2	t	2026-06-02 07:53:18.85
4507	285	3	t	2026-06-02 07:53:18.854
4508	285	4	t	2026-06-02 07:53:18.858
4509	285	5	t	2026-06-02 07:53:18.862
4510	285	6	t	2026-06-02 07:53:18.866
4511	285	7	t	2026-06-02 07:53:18.871
4512	285	8	t	2026-06-02 07:53:18.876
4514	285	10	t	2026-06-02 07:53:18.884
4521	286	1	t	2026-06-02 07:53:18.922
4522	286	2	t	2026-06-02 07:53:18.926
4523	286	3	t	2026-06-02 07:53:18.93
4524	286	4	t	2026-06-02 07:53:18.934
4525	286	5	t	2026-06-02 07:53:18.938
4526	286	6	t	2026-06-02 07:53:18.942
4527	286	7	t	2026-06-02 07:53:18.946
4528	286	8	t	2026-06-02 07:53:18.95
4529	286	9	t	2026-06-02 07:53:18.954
4530	286	10	t	2026-06-02 07:53:18.958
4537	287	1	t	2026-06-02 07:53:18.994
4539	287	3	t	2026-06-02 07:53:19.002
4540	287	4	t	2026-06-02 07:53:19.007
4541	287	5	t	2026-06-02 07:53:19.01
4542	287	6	t	2026-06-02 07:53:19.014
4543	287	7	t	2026-06-02 07:53:19.018
4544	287	8	t	2026-06-02 07:53:19.022
4545	287	9	t	2026-06-02 07:53:19.026
4546	287	10	t	2026-06-02 07:53:19.03
4553	288	1	t	2026-06-02 07:53:19.068
4554	288	2	t	2026-06-02 07:53:19.072
4555	288	3	t	2026-06-02 07:53:19.076
4556	288	4	t	2026-06-02 07:53:19.08
4558	288	6	t	2026-06-02 07:53:19.089
4559	288	7	t	2026-06-02 07:53:19.093
4560	288	8	t	2026-06-02 07:53:19.097
4561	288	9	t	2026-06-02 07:53:19.1
4562	288	10	t	2026-06-02 07:53:19.104
4569	289	1	t	2026-06-02 07:53:19.141
4570	289	2	t	2026-06-02 07:53:19.145
4571	289	3	t	2026-06-02 07:53:19.148
4572	289	4	t	2026-06-02 07:53:19.152
4573	289	5	t	2026-06-02 07:53:19.156
4574	289	6	t	2026-06-02 07:53:19.159
4575	289	7	t	2026-06-02 07:53:19.163
4577	289	9	t	2026-06-02 07:53:19.17
4578	289	10	t	2026-06-02 07:53:19.174
4585	290	1	t	2026-06-02 07:53:19.211
4586	290	2	t	2026-06-02 07:53:19.215
4587	290	3	t	2026-06-02 07:53:19.219
4588	290	4	t	2026-06-02 07:53:19.223
4589	290	5	t	2026-06-02 07:53:19.227
4590	290	6	t	2026-06-02 07:53:19.23
4591	290	7	t	2026-06-02 07:53:19.234
4592	290	8	t	2026-06-02 07:53:19.238
4593	290	9	t	2026-06-02 07:53:19.242
4594	290	10	t	2026-06-02 07:53:19.246
4602	291	2	t	2026-06-02 07:53:19.287
4603	291	3	t	2026-06-02 07:53:19.291
4604	291	4	t	2026-06-02 07:53:19.295
4605	291	5	t	2026-06-02 07:53:19.299
4606	291	6	t	2026-06-02 07:53:19.303
4607	291	7	t	2026-06-02 07:53:19.307
4608	291	8	t	2026-06-02 07:53:19.31
4609	291	9	t	2026-06-02 07:53:19.314
4610	291	10	t	2026-06-02 07:53:19.318
4617	292	1	t	2026-06-02 07:53:19.354
4618	292	2	t	2026-06-02 07:53:19.358
4619	292	3	t	2026-06-02 07:53:19.362
4621	292	5	t	2026-06-02 07:53:19.369
4622	292	6	t	2026-06-02 07:53:19.373
4623	292	7	t	2026-06-02 07:53:19.377
4624	292	8	t	2026-06-02 07:53:19.381
4625	292	9	t	2026-06-02 07:53:19.385
4626	292	10	t	2026-06-02 07:53:19.389
4627	292	11	f	2026-06-02 07:53:19.393
4628	292	12	f	2026-06-02 07:53:19.397
4629	292	13	f	2026-06-02 07:53:19.402
4630	292	14	f	2026-06-02 07:53:19.405
4631	292	15	f	2026-06-02 07:53:19.409
4632	292	16	f	2026-06-02 07:53:19.413
4643	293	11	f	2026-06-02 07:53:19.466
4644	293	12	f	2026-06-02 07:53:19.47
4645	293	13	f	2026-06-02 07:53:19.474
4646	293	14	f	2026-06-02 07:53:19.478
4647	293	15	f	2026-06-02 07:53:19.482
4648	293	16	f	2026-06-02 07:53:19.486
4659	294	11	f	2026-06-02 07:53:19.538
4660	294	12	f	2026-06-02 07:53:19.542
4661	294	13	f	2026-06-02 07:53:19.546
4662	294	14	f	2026-06-02 07:53:19.549
4663	294	15	f	2026-06-02 07:53:19.553
4664	294	16	f	2026-06-02 07:53:19.557
4675	295	11	f	2026-06-02 07:53:19.61
4676	295	12	f	2026-06-02 07:53:19.613
4677	295	13	f	2026-06-02 07:53:19.617
4678	295	14	f	2026-06-02 07:53:19.621
4679	295	15	f	2026-06-02 07:53:19.625
4680	295	16	f	2026-06-02 07:53:19.629
4691	296	11	f	2026-06-02 07:53:19.689
4692	296	12	f	2026-06-02 07:53:19.693
4693	296	13	f	2026-06-02 07:53:19.697
4694	296	14	f	2026-06-02 07:53:19.701
4695	296	15	f	2026-06-02 07:53:19.705
4696	296	16	f	2026-06-02 07:53:19.709
4707	297	11	f	2026-06-02 07:53:19.76
4708	297	12	f	2026-06-02 07:53:19.764
4709	297	13	f	2026-06-02 07:53:19.768
4710	297	14	f	2026-06-02 07:53:19.772
4711	297	15	f	2026-06-02 07:53:19.776
4712	297	16	f	2026-06-02 07:53:19.78
4723	298	11	f	2026-06-02 07:53:19.832
4724	298	12	f	2026-06-02 07:53:19.836
4725	298	13	f	2026-06-02 07:53:19.84
4726	298	14	f	2026-06-02 07:53:19.844
4727	298	15	f	2026-06-02 07:53:19.848
4728	298	16	f	2026-06-02 07:53:19.851
4739	299	11	f	2026-06-02 07:53:19.903
4740	299	12	f	2026-06-02 07:53:19.907
4741	299	13	f	2026-06-02 07:53:19.911
4742	299	14	f	2026-06-02 07:53:19.914
4743	299	15	f	2026-06-02 07:53:19.918
4744	299	16	f	2026-06-02 07:53:19.922
4755	300	11	f	2026-06-02 07:53:19.972
4756	300	12	f	2026-06-02 07:53:19.975
4757	300	13	f	2026-06-02 07:53:19.979
4758	300	14	f	2026-06-02 07:53:19.983
4759	300	15	f	2026-06-02 07:53:19.987
4760	300	16	f	2026-06-02 07:53:19.991
4771	301	11	f	2026-06-02 07:53:20.045
4772	301	12	f	2026-06-02 07:53:20.051
4773	301	13	f	2026-06-02 07:53:20.055
4774	301	14	f	2026-06-02 07:53:20.059
4775	301	15	f	2026-06-02 07:53:20.063
4776	301	16	f	2026-06-02 07:53:20.068
4634	293	2	t	2026-06-02 07:53:19.429
4636	293	4	t	2026-06-02 07:53:19.437
4637	293	5	t	2026-06-02 07:53:19.441
4638	293	6	t	2026-06-02 07:53:19.445
4639	293	7	t	2026-06-02 07:53:19.45
4640	293	8	t	2026-06-02 07:53:19.454
4641	293	9	t	2026-06-02 07:53:19.458
4642	293	10	t	2026-06-02 07:53:19.462
4649	294	1	t	2026-06-02 07:53:19.498
4650	294	2	t	2026-06-02 07:53:19.502
4651	294	3	t	2026-06-02 07:53:19.508
4652	294	4	t	2026-06-02 07:53:19.512
4653	294	5	t	2026-06-02 07:53:19.516
4655	294	7	t	2026-06-02 07:53:19.523
4656	294	8	t	2026-06-02 07:53:19.527
4657	294	9	t	2026-06-02 07:53:19.53
4658	294	10	t	2026-06-02 07:53:19.534
4665	295	1	t	2026-06-02 07:53:19.569
4666	295	2	t	2026-06-02 07:53:19.573
4667	295	3	t	2026-06-02 07:53:19.577
4668	295	4	t	2026-06-02 07:53:19.581
4669	295	5	t	2026-06-02 07:53:19.585
4670	295	6	t	2026-06-02 07:53:19.589
4671	295	7	t	2026-06-02 07:53:19.593
4672	295	8	t	2026-06-02 07:53:19.596
4674	295	10	t	2026-06-02 07:53:19.605
4681	296	1	t	2026-06-02 07:53:19.641
4682	296	2	t	2026-06-02 07:53:19.644
4683	296	3	t	2026-06-02 07:53:19.65
4684	296	4	t	2026-06-02 07:53:19.654
4685	296	5	t	2026-06-02 07:53:19.658
4686	296	6	t	2026-06-02 07:53:19.661
4687	296	7	t	2026-06-02 07:53:19.665
4688	296	8	t	2026-06-02 07:53:19.672
4689	296	9	t	2026-06-02 07:53:19.677
4690	296	10	t	2026-06-02 07:53:19.683
4697	297	1	t	2026-06-02 07:53:19.721
4699	297	3	t	2026-06-02 07:53:19.728
4700	297	4	t	2026-06-02 07:53:19.732
4701	297	5	t	2026-06-02 07:53:19.736
4702	297	6	t	2026-06-02 07:53:19.74
4703	297	7	t	2026-06-02 07:53:19.744
4704	297	8	t	2026-06-02 07:53:19.748
4705	297	9	t	2026-06-02 07:53:19.752
4706	297	10	t	2026-06-02 07:53:19.756
4713	298	1	t	2026-06-02 07:53:19.792
4714	298	2	t	2026-06-02 07:53:19.796
4715	298	3	t	2026-06-02 07:53:19.8
4716	298	4	t	2026-06-02 07:53:19.804
4718	298	6	t	2026-06-02 07:53:19.812
4719	298	7	t	2026-06-02 07:53:19.816
4720	298	8	t	2026-06-02 07:53:19.82
4721	298	9	t	2026-06-02 07:53:19.824
4722	298	10	t	2026-06-02 07:53:19.828
4729	299	1	t	2026-06-02 07:53:19.864
4730	299	2	t	2026-06-02 07:53:19.868
4731	299	3	t	2026-06-02 07:53:19.872
4732	299	4	t	2026-06-02 07:53:19.876
4733	299	5	t	2026-06-02 07:53:19.88
4734	299	6	t	2026-06-02 07:53:19.883
4735	299	7	t	2026-06-02 07:53:19.887
4737	299	9	t	2026-06-02 07:53:19.895
4738	299	10	t	2026-06-02 07:53:19.899
4745	300	1	t	2026-06-02 07:53:19.933
4746	300	2	t	2026-06-02 07:53:19.937
4747	300	3	t	2026-06-02 07:53:19.941
4748	300	4	t	2026-06-02 07:53:19.945
4749	300	5	t	2026-06-02 07:53:19.949
4750	300	6	t	2026-06-02 07:53:19.953
4751	300	7	t	2026-06-02 07:53:19.956
4752	300	8	t	2026-06-02 07:53:19.96
4753	300	9	t	2026-06-02 07:53:19.964
4754	300	10	t	2026-06-02 07:53:19.968
4762	301	2	t	2026-06-02 07:53:20.008
4763	301	3	t	2026-06-02 07:53:20.012
4764	301	4	t	2026-06-02 07:53:20.016
4765	301	5	t	2026-06-02 07:53:20.02
4766	301	6	t	2026-06-02 07:53:20.025
4767	301	7	t	2026-06-02 07:53:20.029
4768	301	8	t	2026-06-02 07:53:20.033
4769	301	9	t	2026-06-02 07:53:20.037
4770	301	10	t	2026-06-02 07:53:20.041
4777	302	1	t	2026-06-02 07:53:20.079
4778	302	2	t	2026-06-02 07:53:20.083
4779	302	3	t	2026-06-02 07:53:20.086
4781	302	5	t	2026-06-02 07:53:20.094
4782	302	6	t	2026-06-02 07:53:20.097
4783	302	7	t	2026-06-02 07:53:20.101
4787	302	11	f	2026-06-02 07:53:20.117
4788	302	12	f	2026-06-02 07:53:20.121
4789	302	13	f	2026-06-02 07:53:20.128
4790	302	14	f	2026-06-02 07:53:20.132
4791	302	15	f	2026-06-02 07:53:20.135
4792	302	16	f	2026-06-02 07:53:20.139
4803	303	11	f	2026-06-02 07:53:20.195
4804	303	12	f	2026-06-02 07:53:20.198
4805	303	13	f	2026-06-02 07:53:20.202
4806	303	14	f	2026-06-02 07:53:20.206
4807	303	15	f	2026-06-02 07:53:20.209
4808	303	16	f	2026-06-02 07:53:20.213
4819	304	11	f	2026-06-02 07:53:20.264
4820	304	12	f	2026-06-02 07:53:20.268
4821	304	13	f	2026-06-02 07:53:20.272
4822	304	14	f	2026-06-02 07:53:20.276
4823	304	15	f	2026-06-02 07:53:20.28
4824	304	16	f	2026-06-02 07:53:20.284
4835	305	11	f	2026-06-02 07:53:20.336
4836	305	12	f	2026-06-02 07:53:20.34
4837	305	13	f	2026-06-02 07:53:20.344
4838	305	14	f	2026-06-02 07:53:20.348
4839	305	15	f	2026-06-02 07:53:20.351
4840	305	16	f	2026-06-02 07:53:20.355
4281	271	1	t	2026-06-02 07:53:17.659
4282	271	2	t	2026-06-02 07:53:17.663
4283	271	3	t	2026-06-02 07:53:17.666
4284	271	4	t	2026-06-02 07:53:17.67
4285	271	5	t	2026-06-02 07:53:17.676
4286	271	6	t	2026-06-02 07:53:17.679
4287	271	7	t	2026-06-02 07:53:17.683
4288	271	8	t	2026-06-02 07:53:17.687
4289	271	9	t	2026-06-02 07:53:17.69
4290	271	10	t	2026-06-02 07:53:17.694
4297	272	1	t	2026-06-02 07:53:17.735
4298	272	2	t	2026-06-02 07:53:17.739
4299	272	3	t	2026-06-02 07:53:17.743
4300	272	4	t	2026-06-02 07:53:17.747
4301	272	5	t	2026-06-02 07:53:17.752
4302	272	6	t	2026-06-02 07:53:17.756
4303	272	7	t	2026-06-02 07:53:17.761
4304	272	8	t	2026-06-02 07:53:17.765
4305	272	9	t	2026-06-02 07:53:17.769
4306	272	10	t	2026-06-02 07:53:17.773
4313	273	1	t	2026-06-02 07:53:17.811
4314	273	2	t	2026-06-02 07:53:17.815
4315	273	3	t	2026-06-02 07:53:17.82
4316	273	4	t	2026-06-02 07:53:17.825
4317	273	5	t	2026-06-02 07:53:17.829
4318	273	6	t	2026-06-02 07:53:17.834
4319	273	7	t	2026-06-02 07:53:17.838
4320	273	8	t	2026-06-02 07:53:17.843
4321	273	9	t	2026-06-02 07:53:17.847
4322	273	10	t	2026-06-02 07:53:17.855
4329	274	1	t	2026-06-02 07:53:17.896
4330	274	2	t	2026-06-02 07:53:17.9
4331	274	3	t	2026-06-02 07:53:17.903
4332	274	4	t	2026-06-02 07:53:17.907
4333	274	5	t	2026-06-02 07:53:17.911
4334	274	6	t	2026-06-02 07:53:17.916
4335	274	7	t	2026-06-02 07:53:17.92
4336	274	8	t	2026-06-02 07:53:17.924
4337	274	9	t	2026-06-02 07:53:17.928
4338	274	10	t	2026-06-02 07:53:17.932
4345	275	1	t	2026-06-02 07:53:17.973
4346	275	2	t	2026-06-02 07:53:17.979
4347	275	3	t	2026-06-02 07:53:17.983
4348	275	4	t	2026-06-02 07:53:17.987
4349	275	5	t	2026-06-02 07:53:17.992
4350	275	6	t	2026-06-02 07:53:17.996
4351	275	7	t	2026-06-02 07:53:18.001
4352	275	8	t	2026-06-02 07:53:18.005
4353	275	9	t	2026-06-02 07:53:18.009
4354	275	10	t	2026-06-02 07:53:18.014
4361	276	1	t	2026-06-02 07:53:18.068
4362	276	2	t	2026-06-02 07:53:18.073
4363	276	3	t	2026-06-02 07:53:18.078
4364	276	4	t	2026-06-02 07:53:18.087
4365	276	5	t	2026-06-02 07:53:18.092
4414	279	6	t	2026-06-02 07:53:18.398
4415	279	7	t	2026-06-02 07:53:18.403
4416	279	8	t	2026-06-02 07:53:18.407
4417	279	9	t	2026-06-02 07:53:18.412
4418	279	10	t	2026-06-02 07:53:18.416
4425	280	1	t	2026-06-02 07:53:18.455
4426	280	2	t	2026-06-02 07:53:18.459
4427	280	3	t	2026-06-02 07:53:18.463
4428	280	4	t	2026-06-02 07:53:18.467
4429	280	5	t	2026-06-02 07:53:18.472
4430	280	6	t	2026-06-02 07:53:18.476
4431	280	7	t	2026-06-02 07:53:18.48
4432	280	8	t	2026-06-02 07:53:18.484
4433	280	9	t	2026-06-02 07:53:18.489
4434	280	10	t	2026-06-02 07:53:18.493
4441	281	1	t	2026-06-02 07:53:18.536
4442	281	2	t	2026-06-02 07:53:18.54
4443	281	3	t	2026-06-02 07:53:18.545
4444	281	4	t	2026-06-02 07:53:18.549
4445	281	5	t	2026-06-02 07:53:18.553
4446	281	6	t	2026-06-02 07:53:18.557
4447	281	7	t	2026-06-02 07:53:18.561
4448	281	8	t	2026-06-02 07:53:18.565
4449	281	9	t	2026-06-02 07:53:18.572
4450	281	10	t	2026-06-02 07:53:18.576
4457	282	1	t	2026-06-02 07:53:18.614
4458	282	2	t	2026-06-02 07:53:18.618
4459	282	3	t	2026-06-02 07:53:18.623
4460	282	4	t	2026-06-02 07:53:18.627
4461	282	5	t	2026-06-02 07:53:18.632
4462	282	6	t	2026-06-02 07:53:18.636
4463	282	7	t	2026-06-02 07:53:18.641
4464	282	8	t	2026-06-02 07:53:18.645
4465	282	9	t	2026-06-02 07:53:18.649
4466	282	10	t	2026-06-02 07:53:18.653
4473	283	1	t	2026-06-02 07:53:18.692
4475	283	3	t	2026-06-02 07:53:18.7
4494	284	6	t	2026-06-02 07:53:18.79
4513	285	9	t	2026-06-02 07:53:18.88
4538	287	2	t	2026-06-02 07:53:18.998
4557	288	5	t	2026-06-02 07:53:19.084
4576	289	8	t	2026-06-02 07:53:19.166
4601	291	1	t	2026-06-02 07:53:19.283
4620	292	4	t	2026-06-02 07:53:19.366
4633	293	1	t	2026-06-02 07:53:19.425
4785	302	9	t	2026-06-02 07:53:20.109
4793	303	1	t	2026-06-02 07:53:20.154
4794	303	2	t	2026-06-02 07:53:20.158
4795	303	3	t	2026-06-02 07:53:20.162
4796	303	4	t	2026-06-02 07:53:20.166
4797	303	5	t	2026-06-02 07:53:20.17
4798	303	6	t	2026-06-02 07:53:20.174
4799	303	7	t	2026-06-02 07:53:20.178
4800	303	8	t	2026-06-02 07:53:20.182
4801	303	9	t	2026-06-02 07:53:20.186
4802	303	10	t	2026-06-02 07:53:20.189
4809	304	1	t	2026-06-02 07:53:20.225
4810	304	2	t	2026-06-02 07:53:20.229
4812	304	4	t	2026-06-02 07:53:20.237
4813	304	5	t	2026-06-02 07:53:20.24
4814	304	6	t	2026-06-02 07:53:20.244
4815	304	7	t	2026-06-02 07:53:20.248
4816	304	8	t	2026-06-02 07:53:20.252
4817	304	9	t	2026-06-02 07:53:20.256
4818	304	10	t	2026-06-02 07:53:20.26
4825	305	1	t	2026-06-02 07:53:20.296
4826	305	2	t	2026-06-02 07:53:20.3
4827	305	3	t	2026-06-02 07:53:20.304
4828	305	4	t	2026-06-02 07:53:20.308
4829	305	5	t	2026-06-02 07:53:20.312
4831	305	7	t	2026-06-02 07:53:20.32
4832	305	8	t	2026-06-02 07:53:20.324
4833	305	9	t	2026-06-02 07:53:20.328
4834	305	10	t	2026-06-02 07:53:20.332
4635	293	3	t	2026-06-02 07:53:19.433
4654	294	6	t	2026-06-02 07:53:19.519
4673	295	9	t	2026-06-02 07:53:19.6
4698	297	2	t	2026-06-02 07:53:19.724
4717	298	5	t	2026-06-02 07:53:19.808
4736	299	8	t	2026-06-02 07:53:19.891
4761	301	1	t	2026-06-02 07:53:20.004
4780	302	4	t	2026-06-02 07:53:20.09
4784	302	8	t	2026-06-02 07:53:20.105
4786	302	10	t	2026-06-02 07:53:20.113
4811	304	3	t	2026-06-02 07:53:20.233
4830	305	6	t	2026-06-02 07:53:20.316
\.


--
-- Data for Name: Olt; Type: TABLE DATA; Schema: public; Owner: wifian
--

COPY public."Olt" (id, "routerId", name, latitude, longitude, "createdAt", "updatedAt") FROM stdin;
1	1	OLT Klapagading	-7.5167041	109.0735102	2026-05-31 02:30:01.992	2026-05-31 02:30:01.992
4	4	OLT_LoadTest_1	-6.2	106.8166	2026-06-02 07:53:12.154	2026-06-02 07:53:12.154
\.


--
-- Data for Name: OltPort; Type: TABLE DATA; Schema: public; Owner: wifian
--

COPY public."OltPort" (id, "oltId", index, "isUsed", "createdAt", "roadCoordinates") FROM stdin;
1	1	1	t	2026-05-31 02:30:03.847	\N
5	1	2	t	2026-06-01 08:16:42.103	\N
26	4	5	f	2026-06-02 07:53:12.174	\N
27	4	6	f	2026-06-02 07:53:12.176	\N
28	4	7	f	2026-06-02 07:53:12.18	\N
29	4	8	f	2026-06-02 07:53:12.182	\N
22	4	1	t	2026-06-02 07:53:12.161	\N
23	4	2	t	2026-06-02 07:53:12.166	\N
24	4	3	t	2026-06-02 07:53:12.168	\N
25	4	4	t	2026-06-02 07:53:12.172	\N
\.


--
-- Data for Name: PppoeProfile; Type: TABLE DATA; Schema: public; Owner: wifian
--

COPY public."PppoeProfile" (id, "routerId", name, "localAddress", "remoteAddress", "rateLimit", "burstLimit", "burstThreshold", "burstTime", "onlyOne", "sessionTimeout", "createdAt", "updatedAt") FROM stdin;
1	1	default	\N	\N	\N	\N	\N	\N	f	\N	2026-05-31 02:29:29.107	2026-06-02 09:14:40.117
2	1	5 Mbps	\N	\N	5M/5M	\N	\N	\N	t	\N	2026-05-31 02:29:29.112	2026-06-02 09:14:40.117
3	1	10 Mbps	\N	\N	10M/10M	\N	\N	\N	f	\N	2026-05-31 02:29:29.115	2026-06-02 09:14:40.117
4	1	15 Mbps	\N	\N	15M/15M	\N	\N	\N	f	\N	2026-05-31 02:29:29.118	2026-06-02 09:14:40.117
5	1	20 Mbps	\N	\N	20M/20M	\N	\N	\N	f	\N	2026-05-31 02:29:29.122	2026-06-02 09:14:40.117
6	1	100 Mbps	\N	\N	100M/100M	\N	\N	\N	f	\N	2026-05-31 02:29:29.125	2026-06-02 09:14:40.117
7	1	default-encryption	\N	\N	\N	\N	\N	\N	f	\N	2026-05-31 02:29:29.127	2026-06-02 09:14:40.117
\.


--
-- Data for Name: PppoeUser; Type: TABLE DATA; Schema: public; Owner: wifian
--

COPY public."PppoeUser" (id, "routerId", username, "odpPortId", latitude, longitude, "isOnline", "lastSeen", "lastDisconnect", "localAddress", "remoteAddress", profile, "createdAt", "updatedAt", address, "photoUrl", whatsapp, "photoUrl2", "photoUrl3", "roadCoordinates") FROM stdin;
2	1	asas	\N	\N	\N	f	\N	\N	\N	\N	10 Mbps	2026-05-31 02:29:29.038	2026-05-31 02:29:29.038	\N	\N	\N	\N	\N	\N
3	1	user2	\N	\N	\N	f	\N	\N	\N	\N	100 Mbps	2026-05-31 02:29:29.038	2026-05-31 02:29:29.038	\N	\N	\N	\N	\N	\N
2963	4	loadtest_pppoe_959	4769	-6.188579517188267	106.8191530154084	t	\N	\N	10.10.10.4	10.10.10.198	Profile_LoadTest	2026-06-02 07:53:24.404	2026-06-02 07:53:24.404	\N	\N	\N	\N	\N	[[-6.18843407627263,106.8192902995665],[-6.188579517188267,106.81915301540843]]
2964	4	loadtest_pppoe_960	4770	-6.188628178970411	106.8193385089298	t	\N	\N	10.10.10.4	10.10.10.199	Profile_LoadTest	2026-06-02 07:53:24.404	2026-06-02 07:53:24.404	\N	\N	\N	\N	\N	[[-6.18843407627263,106.8192902995665],[-6.1886281789704105,106.81933850892985]]
2965	4	loadtest_pppoe_961	4777	-6.189102363633772	106.8187349618976	t	\N	\N	10.10.10.4	10.10.10.200	Profile_LoadTest	2026-06-02 07:53:24.404	2026-06-02 07:53:24.404	\N	\N	\N	\N	\N	[[-6.189038056279037,106.8185455824792],[-6.189102363633772,106.81873496189763]]
2966	4	loadtest_pppoe_962	4778	-6.188913444405351	106.8187020173888	t	\N	\N	10.10.10.4	10.10.10.201	Profile_LoadTest	2026-06-02 07:53:24.404	2026-06-02 07:53:24.404	\N	\N	\N	\N	\N	[[-6.189038056279037,106.8185455824792],[-6.188913444405351,106.81870201738879]]
2967	4	loadtest_pppoe_963	4779	-6.188839092758919	106.8185252473455	t	\N	\N	10.10.10.4	10.10.10.202	Profile_LoadTest	2026-06-02 07:53:24.404	2026-06-02 07:53:24.404	\N	\N	\N	\N	\N	[[-6.189038056279037,106.8185455824792],[-6.188839092758919,106.8185252473455]]
2968	4	loadtest_pppoe_964	4780	-6.188947667255317	106.8183671733304	t	\N	\N	10.10.10.4	10.10.10.203	Profile_LoadTest	2026-06-02 07:53:24.404	2026-06-02 07:53:24.404	\N	\N	\N	\N	\N	[[-6.189038056279037,106.8185455824792],[-6.1889476672553165,106.81836717333036]]
2969	4	loadtest_pppoe_965	4781	-6.189139345003271	106.8183731278639	t	\N	\N	10.10.10.4	10.10.10.204	Profile_LoadTest	2026-06-02 07:53:24.404	2026-06-02 07:53:24.404	\N	\N	\N	\N	\N	[[-6.189038056279037,106.8185455824792],[-6.189139345003271,106.8183731278639]]
2970	4	loadtest_pppoe_966	4782	-6.189237898365281	106.8185376363754	t	\N	\N	10.10.10.4	10.10.10.205	Profile_LoadTest	2026-06-02 07:53:24.404	2026-06-02 07:53:24.404	\N	\N	\N	\N	\N	[[-6.189038056279037,106.8185455824792],[-6.189237898365281,106.81853763637542]]
2971	4	loadtest_pppoe_967	4783	-6.189152717834817	106.8187094504981	t	\N	\N	10.10.10.4	10.10.10.206	Profile_LoadTest	2026-06-02 07:53:24.404	2026-06-02 07:53:24.404	\N	\N	\N	\N	\N	[[-6.189038056279037,106.8185455824792],[-6.189152717834817,106.81870945049813]]
2972	4	loadtest_pppoe_968	4784	-6.188962117998757	106.81873060512	t	\N	\N	10.10.10.4	10.10.10.207	Profile_LoadTest	2026-06-02 07:53:24.404	2026-06-02 07:53:24.404	\N	\N	\N	\N	\N	[[-6.189038056279037,106.8185455824792],[-6.188962117998757,106.81873060511995]]
2973	4	loadtest_pppoe_969	4785	-6.188841335467378	106.8185816507791	t	\N	\N	10.10.10.4	10.10.10.208	Profile_LoadTest	2026-06-02 07:53:24.404	2026-06-02 07:53:24.404	\N	\N	\N	\N	\N	[[-6.189038056279037,106.8185455824792],[-6.188841335467378,106.81858165077914]]
4	1	Rumah2	3	-7.522022369351882	109.0688753128052	t	2026-06-02 23:14:22.631	\N	192.168.10.30	192.168.10.30	default	2026-05-31 02:29:29.038	2026-06-02 23:14:22.633	\N	https://res.cloudinary.com/dgiauzfqp/image/upload/v1780281282/ftth_monitoring/Rumah2_1780281280106.png	+62085715448426	https://res.cloudinary.com/dgiauzfqp/image/upload/v1780284480/ftth_monitoring/Rumah2_1780284478435.png	\N	[[-7.518039,109.0693474],[-7.518139360926875,109.06932659569564],[-7.518145344017429,109.06915828480739],[-7.518148667956591,109.06888336292855],[-7.5182344255780675,109.06879218600287],[-7.518416,109.068904],[-7.518818,109.068908],[-7.518979044283701,109.06891344690884],[-7.519136,109.068938],[-7.519449849427151,109.06894001300336],[-7.519654,109.068977],[-7.519816602745901,109.06897320150573],[-7.519958,109.069005],[-7.520181,109.069028],[-7.520301,109.069047],[-7.520455,109.069062],[-7.520546,109.069076],[-7.521001,109.069117],[-7.521352,109.069115],[-7.521735174676107,109.06912610502836],[-7.52205361409986,109.06912811100486],[-7.5220562732272445,109.06903892755511],[-7.522054278881703,109.06898126006129],[-7.522058932354616,109.06889073550703],[-7.522022369351882,109.0688753128052]]
2974	4	loadtest_pppoe_970	4786	-6.188901417143014	106.8183995354097	t	\N	\N	10.10.10.4	10.10.10.209	Profile_LoadTest	2026-06-02 07:53:24.404	2026-06-02 07:53:24.404	\N	\N	\N	\N	\N	[[-6.189038056279037,106.8185455824792],[-6.188901417143014,106.81839953540971]]
2975	4	loadtest_pppoe_971	4793	-6.190040113821182	106.8184575543337	f	\N	\N	10.10.10.4	10.10.10.210	Profile_LoadTest	2026-06-02 07:53:24.404	2026-06-02 07:53:24.404	\N	\N	\N	\N	\N	[[-6.189991045890054,106.8186514417705],[-6.190040113821182,106.81845755433373]]
2976	4	loadtest_pppoe_972	4794	-6.190180708058742	106.8185879731817	t	\N	\N	10.10.10.4	10.10.10.211	Profile_LoadTest	2026-06-02 07:53:24.404	2026-06-02 07:53:24.404	\N	\N	\N	\N	\N	[[-6.189991045890054,106.8186514417705],[-6.190180708058742,106.81858797318166]]
2977	4	loadtest_pppoe_973	4795	-6.190146927773082	106.8187767447575	t	\N	\N	10.10.10.4	10.10.10.212	Profile_LoadTest	2026-06-02 07:53:24.404	2026-06-02 07:53:24.404	\N	\N	\N	\N	\N	[[-6.189991045890054,106.8186514417705],[-6.190146927773082,106.81877674475747]]
2978	4	loadtest_pppoe_974	4796	-6.189969830403052	106.8188503133449	t	\N	\N	10.10.10.4	10.10.10.213	Profile_LoadTest	2026-06-02 07:53:24.404	2026-06-02 07:53:24.404	\N	\N	\N	\N	\N	[[-6.189991045890054,106.8186514417705],[-6.189969830403052,106.81885031334491]]
2979	4	loadtest_pppoe_975	4797	-6.189812238453931	106.818741040324	t	\N	\N	10.10.10.4	10.10.10.214	Profile_LoadTest	2026-06-02 07:53:24.404	2026-06-02 07:53:24.404	\N	\N	\N	\N	\N	[[-6.189991045890054,106.8186514417705],[-6.189812238453931,106.81874104032399]]
2980	4	loadtest_pppoe_976	4798	-6.189819041236968	106.8185493908062	t	\N	\N	10.10.10.4	10.10.10.215	Profile_LoadTest	2026-06-02 07:53:24.404	2026-06-02 07:53:24.404	\N	\N	\N	\N	\N	[[-6.189991045890054,106.8186514417705],[-6.1898190412369685,106.81854939080618]]
2981	4	loadtest_pppoe_977	4799	-6.189983984304813	106.8184515664743	t	\N	\N	10.10.10.4	10.10.10.216	Profile_LoadTest	2026-06-02 07:53:24.404	2026-06-02 07:53:24.404	\N	\N	\N	\N	\N	[[-6.189991045890054,106.8186514417705],[-6.189983984304813,106.81845156647434]]
2982	4	loadtest_pppoe_978	4800	-6.19015541976156	106.818537506568	t	\N	\N	10.10.10.4	10.10.10.217	Profile_LoadTest	2026-06-02 07:53:24.404	2026-06-02 07:53:24.404	\N	\N	\N	\N	\N	[[-6.189991045890054,106.8186514417705],[-6.1901554197615605,106.818537506568]]
2983	4	loadtest_pppoe_979	4801	-6.190175730638894	106.8187281981614	t	\N	\N	10.10.10.4	10.10.10.218	Profile_LoadTest	2026-06-02 07:53:24.404	2026-06-02 07:53:24.404	\N	\N	\N	\N	\N	[[-6.189991045890054,106.8186514417705],[-6.190175730638894,106.81872819816141]]
2984	4	loadtest_pppoe_980	4802	-6.190026243209861	106.818848320283	t	\N	\N	10.10.10.4	10.10.10.219	Profile_LoadTest	2026-06-02 07:53:24.404	2026-06-02 07:53:24.404	\N	\N	\N	\N	\N	[[-6.189991045890054,106.8186514417705],[-6.190026243209861,106.81884832028298]]
2985	4	loadtest_pppoe_981	4809	-6.190270220489515	106.8196465423338	f	\N	\N	10.10.10.4	10.10.10.220	Profile_LoadTest	2026-06-02 07:53:24.404	2026-06-02 07:53:24.404	\N	\N	\N	\N	\N	[[-6.190416870852251,106.8195105508962],[-6.190270220489515,106.81964654233383]]
2986	4	loadtest_pppoe_982	4810	-6.190223202474158	106.8194606253584	t	\N	\N	10.10.10.4	10.10.10.221	Profile_LoadTest	2026-06-02 07:53:24.404	2026-06-02 07:53:24.404	\N	\N	\N	\N	\N	[[-6.190416870852251,106.8195105508962],[-6.190223202474158,106.81946062535837]]
2987	4	loadtest_pppoe_983	4811	-6.190354242272472	106.8193206096922	t	\N	\N	10.10.10.4	10.10.10.222	Profile_LoadTest	2026-06-02 07:53:24.404	2026-06-02 07:53:24.404	\N	\N	\N	\N	\N	[[-6.190416870852251,106.8195105508962],[-6.190354242272472,106.81932060969216]]
2988	4	loadtest_pppoe_984	4812	-6.190542862498209	106.819355225093	t	\N	\N	10.10.10.4	10.10.10.223	Profile_LoadTest	2026-06-02 07:53:24.404	2026-06-02 07:53:24.404	\N	\N	\N	\N	\N	[[-6.190416870852251,106.8195105508962],[-6.190542862498209,106.81935522509296]]
2989	4	loadtest_pppoe_985	4813	-6.190615646585691	106.819532646321	t	\N	\N	10.10.10.4	10.10.10.224	Profile_LoadTest	2026-06-02 07:53:24.404	2026-06-02 07:53:24.404	\N	\N	\N	\N	\N	[[-6.190416870852251,106.8195105508962],[-6.190615646585691,106.81953264632095]]
2990	4	loadtest_pppoe_986	4814	-6.19050567718055	106.8196897531173	t	\N	\N	10.10.10.4	10.10.10.225	Profile_LoadTest	2026-06-02 07:53:24.404	2026-06-02 07:53:24.404	\N	\N	\N	\N	\N	[[-6.190416870852251,106.8195105508962],[-6.19050567718055,106.81968975311732]]
2991	4	loadtest_pppoe_987	4815	-6.190314059646722	106.819682102218	t	\N	\N	10.10.10.4	10.10.10.226	Profile_LoadTest	2026-06-02 07:53:24.404	2026-06-02 07:53:24.404	\N	\N	\N	\N	\N	[[-6.190416870852251,106.8195105508962],[-6.190314059646722,106.81968210221801]]
2992	4	loadtest_pppoe_988	4816	-6.190216966261119	106.8195167278246	t	\N	\N	10.10.10.4	10.10.10.227	Profile_LoadTest	2026-06-02 07:53:24.404	2026-06-02 07:53:24.404	\N	\N	\N	\N	\N	[[-6.190416870852251,106.8195105508962],[-6.190216966261119,106.81951672782459]]
2993	4	loadtest_pppoe_989	4817	-6.190303664234695	106.8193456743917	f	\N	\N	10.10.10.4	10.10.10.228	Profile_LoadTest	2026-06-02 07:53:24.404	2026-06-02 07:53:24.404	\N	\N	\N	\N	\N	[[-6.190416870852251,106.8195105508962],[-6.190303664234695,106.81934567439168]]
2994	4	loadtest_pppoe_990	4818	-6.190494443850373	106.8193262076567	t	\N	\N	10.10.10.4	10.10.10.229	Profile_LoadTest	2026-06-02 07:53:24.404	2026-06-02 07:53:24.404	\N	\N	\N	\N	\N	[[-6.190416870852251,106.8195105508962],[-6.190494443850373,106.81932620765666]]
2995	4	loadtest_pppoe_991	4825	-6.190121062016247	106.8202987232378	f	\N	\N	10.10.10.4	10.10.10.230	Profile_LoadTest	2026-06-02 07:53:24.404	2026-06-02 07:53:24.404	\N	\N	\N	\N	\N	[[-6.189924029659174,106.8203330488881],[-6.190121062016247,106.82029872323784]]
2996	4	loadtest_pppoe_992	4826	-6.190059370734766	106.8204802996717	t	\N	\N	10.10.10.4	10.10.10.231	Profile_LoadTest	2026-06-02 07:53:24.404	2026-06-02 07:53:24.404	\N	\N	\N	\N	\N	[[-6.189924029659174,106.8203330488881],[-6.190059370734766,106.82048029967166]]
2997	4	loadtest_pppoe_993	4827	-6.189873247492543	106.8205264944142	t	\N	\N	10.10.10.4	10.10.10.232	Profile_LoadTest	2026-06-02 07:53:24.404	2026-06-02 07:53:24.404	\N	\N	\N	\N	\N	[[-6.189924029659174,106.8203330488881],[-6.189873247492543,106.82052649441417]]
2998	4	loadtest_pppoe_994	4828	-6.189733813140127	106.8203948362321	t	\N	\N	10.10.10.4	10.10.10.233	Profile_LoadTest	2026-06-02 07:53:24.404	2026-06-02 07:53:24.404	\N	\N	\N	\N	\N	[[-6.189924029659174,106.8203330488881],[-6.189733813140127,106.82039483623213]]
2999	4	loadtest_pppoe_995	4829	-6.189769262978094	106.8202063710509	t	\N	\N	10.10.10.4	10.10.10.234	Profile_LoadTest	2026-06-02 07:53:24.404	2026-06-02 07:53:24.404	\N	\N	\N	\N	\N	[[-6.189924029659174,106.8203330488881],[-6.1897692629780945,106.82020637105094]]
3000	4	loadtest_pppoe_996	4830	-6.189947004588904	106.820134372889	t	\N	\N	10.10.10.4	10.10.10.235	Profile_LoadTest	2026-06-02 07:53:24.404	2026-06-02 07:53:24.404	\N	\N	\N	\N	\N	[[-6.189924029659174,106.8203330488881],[-6.189947004588904,106.82013437288904]]
3001	4	loadtest_pppoe_997	4831	-6.190103623155274	106.8202450365244	t	\N	\N	10.10.10.4	10.10.10.236	Profile_LoadTest	2026-06-02 07:53:24.404	2026-06-02 07:53:24.404	\N	\N	\N	\N	\N	[[-6.189924029659174,106.8203330488881],[-6.190103623155274,106.82024503652443]]
3002	4	loadtest_pppoe_998	4832	-6.190095124289568	106.8204366183211	t	\N	\N	10.10.10.4	10.10.10.237	Profile_LoadTest	2026-06-02 07:53:24.404	2026-06-02 07:53:24.404	\N	\N	\N	\N	\N	[[-6.189924029659174,106.8203330488881],[-6.190095124289568,106.8204366183211]]
3003	4	loadtest_pppoe_999	4833	-6.189929321809721	106.8205329788587	t	\N	\N	10.10.10.4	10.10.10.238	Profile_LoadTest	2026-06-02 07:53:24.404	2026-06-02 07:53:24.404	\N	\N	\N	\N	\N	[[-6.189924029659174,106.8203330488881],[-6.189929321809721,106.8205329788587]]
3004	4	loadtest_pppoe_1000	4834	-6.189758653751068	106.8204455247034	f	\N	\N	10.10.10.4	10.10.10.239	Profile_LoadTest	2026-06-02 07:53:24.404	2026-06-02 07:53:24.404	\N	\N	\N	\N	\N	[[-6.189924029659174,106.8203330488881],[-6.189758653751068,106.82044552470336]]
1	1	Rumah1	1	-7.510960257668041	109.0711498260498	t	2026-06-02 23:14:22.631	\N	192.168.11.20	192.168.11.20	100 Mbps	2026-05-31 02:29:29.038	2026-06-02 23:14:22.633	\N	\N	\N	\N	\N	[[-7.518039,109.0693474],[-7.5182,109.069342],[-7.518208,109.069625],[-7.518221,109.069935],[-7.518233,109.070137],[-7.518245,109.07108],[-7.518256,109.071438],[-7.518255,109.071483],[-7.518255,109.071514],[-7.51826,109.071624],[-7.518262,109.071665],[-7.518269,109.071811],[-7.518286,109.071938],[-7.518159,109.072035],[-7.51809,109.072081],[-7.517959,109.072002],[-7.517627,109.071753],[-7.517142,109.071382],[-7.516591,109.070972],[-7.516155,109.070654],[-7.515613,109.070261],[-7.515224,109.069957],[-7.515041,109.069836],[-7.514571,109.06946],[-7.51382,109.06892],[-7.513391,109.068607],[-7.513256,109.068501],[-7.513183,109.068428],[-7.512860919237733,109.06816452741626],[-7.511978,109.069606],[-7.511888,109.069755],[-7.511808,109.069889],[-7.511029,109.071192],[-7.510960257668041,109.0711498260498]]
2005	4	loadtest_pppoe_1	3241	-6.198990234818231	106.8272483627671	f	\N	\N	10.10.10.1	10.10.10.2	Profile_LoadTest	2026-06-02 07:53:24.404	2026-06-02 07:53:24.404	\N	\N	\N	\N	\N	[[-6.199158529015192,106.8271403023059],[-6.198990234818231,106.82724836276708]]
2006	4	loadtest_pppoe_2	3242	-6.198976669529827	106.8270570729386	t	\N	\N	10.10.10.1	10.10.10.3	Profile_LoadTest	2026-06-02 07:53:24.404	2026-06-02 07:53:24.404	\N	\N	\N	\N	\N	[[-6.199158529015192,106.8271403023059],[-6.198976669529827,106.8270570729386]]
2007	4	loadtest_pppoe_3	3243	-6.19913030501358	106.8269423038066	f	\N	\N	10.10.10.1	10.10.10.4	Profile_LoadTest	2026-06-02 07:53:24.404	2026-06-02 07:53:24.404	\N	\N	\N	\N	\N	[[-6.199158529015192,106.8271403023059],[-6.19913030501358,106.82694230380659]]
2008	4	loadtest_pppoe_4	3244	-6.199309889514254	106.8270095735817	t	\N	\N	10.10.10.1	10.10.10.5	Profile_LoadTest	2026-06-02 07:53:24.404	2026-06-02 07:53:24.404	\N	\N	\N	\N	\N	[[-6.199158529015192,106.8271403023059],[-6.199309889514254,106.82700957358173]]
2009	4	loadtest_pppoe_5	3245	-6.199350313870124	106.827197034743	t	\N	\N	10.10.10.1	10.10.10.6	Profile_LoadTest	2026-06-02 07:53:24.404	2026-06-02 07:53:24.404	\N	\N	\N	\N	\N	[[-6.199158529015192,106.8271403023059],[-6.1993503138701245,106.827197034743]]
2010	4	loadtest_pppoe_6	3246	-6.199214412114832	106.8273323363632	t	\N	\N	10.10.10.1	10.10.10.7	Profile_LoadTest	2026-06-02 07:53:24.404	2026-06-02 07:53:24.404	\N	\N	\N	\N	\N	[[-6.199158529015192,106.8271403023059],[-6.1992144121148325,106.82733233636324]]
2011	4	loadtest_pppoe_7	3247	-6.199027131695448	106.8272910827568	t	\N	\N	10.10.10.1	10.10.10.8	Profile_LoadTest	2026-06-02 07:53:24.404	2026-06-02 07:53:24.404	\N	\N	\N	\N	\N	[[-6.199158529015192,106.8271403023059],[-6.199027131695448,106.82729108275677]]
2012	4	loadtest_pppoe_8	3248	-6.198960657365868	106.8271112022992	f	\N	\N	10.10.10.1	10.10.10.9	Profile_LoadTest	2026-06-02 07:53:24.404	2026-06-02 07:53:24.404	\N	\N	\N	\N	\N	[[-6.199158529015192,106.8271403023059],[-6.198960657365868,106.82711120229915]]
2013	4	loadtest_pppoe_9	3249	-6.199076105318144	106.8269580762535	t	\N	\N	10.10.10.1	10.10.10.10	Profile_LoadTest	2026-06-02 07:53:24.404	2026-06-02 07:53:24.404	\N	\N	\N	\N	\N	[[-6.199158529015192,106.8271403023059],[-6.199076105318144,106.82695807625353]]
2014	4	loadtest_pppoe_10	3250	-6.19926733323737	106.8269724880001	t	\N	\N	10.10.10.1	10.10.10.11	Profile_LoadTest	2026-06-02 07:53:24.404	2026-06-02 07:53:24.404	\N	\N	\N	\N	\N	[[-6.199158529015192,106.8271403023059],[-6.19926733323737,106.8269724880001]]
2015	4	loadtest_pppoe_11	3257	-6.199290700614485	106.8261847383031	t	\N	\N	10.10.10.1	10.10.10.12	Profile_LoadTest	2026-06-02 07:53:24.404	2026-06-02 07:53:24.404	\N	\N	\N	\N	\N	[[-6.199090702573175,106.8261838531635],[-6.199290700614485,106.8261847383031]]
2016	4	loadtest_pppoe_12	3258	-6.199198017156775	106.8263526239552	t	\N	\N	10.10.10.1	10.10.10.13	Profile_LoadTest	2026-06-02 07:53:24.404	2026-06-02 07:53:24.404	\N	\N	\N	\N	\N	[[-6.199090702573175,106.8261838531635],[-6.199198017156775,106.82635262395524]]
2017	4	loadtest_pppoe_13	3259	-6.19900666916581	106.8263653425198	t	\N	\N	10.10.10.1	10.10.10.14	Profile_LoadTest	2026-06-02 07:53:24.404	2026-06-02 07:53:24.404	\N	\N	\N	\N	\N	[[-6.199090702573175,106.8261838531635],[-6.19900666916581,106.8263653425198]]
2018	4	loadtest_pppoe_14	3260	-6.198892581102036	106.8262112006071	t	\N	\N	10.10.10.1	10.10.10.15	Profile_LoadTest	2026-06-02 07:53:24.404	2026-06-02 07:53:24.404	\N	\N	\N	\N	\N	[[-6.199090702573175,106.8261838531635],[-6.198892581102036,106.82621120060715]]
2019	4	loadtest_pppoe_15	3261	-6.198960645005143	106.8260319155809	t	\N	\N	10.10.10.1	10.10.10.16	Profile_LoadTest	2026-06-02 07:53:24.404	2026-06-02 07:53:24.404	\N	\N	\N	\N	\N	[[-6.199090702573175,106.8261838531635],[-6.198960645005143,106.82603191558093]]
2020	4	loadtest_pppoe_16	3262	-6.199148283236508	106.8259923212674	t	\N	\N	10.10.10.1	10.10.10.17	Profile_LoadTest	2026-06-02 07:53:24.404	2026-06-02 07:53:24.404	\N	\N	\N	\N	\N	[[-6.199090702573175,106.8261838531635],[-6.199148283236508,106.82599232126744]]
2021	4	loadtest_pppoe_17	3263	-6.19928298207155	106.8261288204959	t	\N	\N	10.10.10.1	10.10.10.18	Profile_LoadTest	2026-06-02 07:53:24.404	2026-06-02 07:53:24.404	\N	\N	\N	\N	\N	[[-6.199090702573175,106.8261838531635],[-6.1992829820715505,106.8261288204959]]
2022	4	loadtest_pppoe_18	3264	-6.199240900022529	106.8263159165052	t	\N	\N	10.10.10.1	10.10.10.19	Profile_LoadTest	2026-06-02 07:53:24.404	2026-06-02 07:53:24.404	\N	\N	\N	\N	\N	[[-6.199090702573175,106.8261838531635],[-6.199240900022529,106.82631591650515]]
2023	4	loadtest_pppoe_19	3265	-6.199060727131243	106.8263815940871	t	\N	\N	10.10.10.1	10.10.10.20	Profile_LoadTest	2026-06-02 07:53:24.404	2026-06-02 07:53:24.404	\N	\N	\N	\N	\N	[[-6.199090702573175,106.8261838531635],[-6.199060727131243,106.82638159408714]]
2024	4	loadtest_pppoe_20	3266	-6.19890811352303	106.8262654695759	t	\N	\N	10.10.10.1	10.10.10.21	Profile_LoadTest	2026-06-02 07:53:24.404	2026-06-02 07:53:24.404	\N	\N	\N	\N	\N	[[-6.199090702573175,106.8261838531635],[-6.1989081135230295,106.82626546957586]]
2025	4	loadtest_pppoe_21	3273	-6.199691548864235	106.8255004616514	t	\N	\N	10.10.10.1	10.10.10.22	Profile_LoadTest	2026-06-02 07:53:24.404	2026-06-02 07:53:24.404	\N	\N	\N	\N	\N	[[-6.199858879991941,106.8256100075034],[-6.199691548864235,106.82550046165136]]
2026	4	loadtest_pppoe_22	3274	-6.199860650253799	106.8254100153381	t	\N	\N	10.10.10.1	10.10.10.23	Profile_LoadTest	2026-06-02 07:53:24.404	2026-06-02 07:53:24.404	\N	\N	\N	\N	\N	[[-6.199858879991941,106.8256100075034],[-6.199860650253799,106.82541001533812]]
2027	4	loadtest_pppoe_23	3275	-6.200028124072777	106.8255034408993	t	\N	\N	10.10.10.1	10.10.10.24	Profile_LoadTest	2026-06-02 07:53:24.404	2026-06-02 07:53:24.404	\N	\N	\N	\N	\N	[[-6.199858879991941,106.8256100075034],[-6.200028124072777,106.82550344089934]]
2028	4	loadtest_pppoe_24	3276	-6.200039995664342	106.8256948433049	t	\N	\N	10.10.10.1	10.10.10.25	Profile_LoadTest	2026-06-02 07:53:24.404	2026-06-02 07:53:24.404	\N	\N	\N	\N	\N	[[-6.199858879991941,106.8256100075034],[-6.200039995664342,106.82569484330487]]
2029	4	loadtest_pppoe_25	3277	-6.199885350341961	106.8258082480658	t	\N	\N	10.10.10.1	10.10.10.26	Profile_LoadTest	2026-06-02 07:53:24.404	2026-06-02 07:53:24.404	\N	\N	\N	\N	\N	[[-6.199858879991941,106.8256100075034],[-6.199885350341961,106.82580824806577]]
2030	4	loadtest_pppoe_26	3278	-6.199706368301846	106.8257393913679	t	\N	\N	10.10.10.1	10.10.10.27	Profile_LoadTest	2026-06-02 07:53:24.404	2026-06-02 07:53:24.404	\N	\N	\N	\N	\N	[[-6.199858879991941,106.8256100075034],[-6.199706368301846,106.82573939136786]]
2031	4	loadtest_pppoe_27	3279	-6.199667604806261	106.8255515797417	f	\N	\N	10.10.10.1	10.10.10.28	Profile_LoadTest	2026-06-02 07:53:24.404	2026-06-02 07:53:24.404	\N	\N	\N	\N	\N	[[-6.199858879991941,106.8256100075034],[-6.199667604806261,106.82555157974166]]
2032	4	loadtest_pppoe_28	3280	-6.19980469883428	106.8254174863301	t	\N	\N	10.10.10.1	10.10.10.29	Profile_LoadTest	2026-06-02 07:53:24.404	2026-06-02 07:53:24.404	\N	\N	\N	\N	\N	[[-6.199858879991941,106.8256100075034],[-6.19980469883428,106.82541748633014]]
2033	4	loadtest_pppoe_29	3281	-6.199991606768784	106.8254603959975	t	\N	\N	10.10.10.1	10.10.10.30	Profile_LoadTest	2026-06-02 07:53:24.404	2026-06-02 07:53:24.404	\N	\N	\N	\N	\N	[[-6.199858879991941,106.8256100075034],[-6.199991606768784,106.82546039599747]]
2034	4	loadtest_pppoe_30	3282	-6.20005648631676	106.8256408577934	t	\N	\N	10.10.10.1	10.10.10.31	Profile_LoadTest	2026-06-02 07:53:24.404	2026-06-02 07:53:24.404	\N	\N	\N	\N	\N	[[-6.199858879991941,106.8256100075034],[-6.20005648631676,106.82564085779337]]
2035	4	loadtest_pppoe_31	3289	-6.200837610024372	106.8261293048507	f	\N	\N	10.10.10.1	10.10.10.32	Profile_LoadTest	2026-06-02 07:53:24.404	2026-06-02 07:53:24.404	\N	\N	\N	\N	\N	[[-6.200756802495308,106.8259463563791],[-6.200837610024372,106.82612930485067]]
2036	4	loadtest_pppoe_32	3290	-6.200646517159059	106.8261132010512	t	\N	\N	10.10.10.1	10.10.10.33	Profile_LoadTest	2026-06-02 07:53:24.404	2026-06-02 07:53:24.404	\N	\N	\N	\N	\N	[[-6.200756802495308,106.8259463563791],[-6.2006465171590595,106.82611320105121]]
2037	4	loadtest_pppoe_33	3291	-6.200556820123286	106.8259437010297	t	\N	\N	10.10.10.1	10.10.10.34	Profile_LoadTest	2026-06-02 07:53:24.404	2026-06-02 07:53:24.404	\N	\N	\N	\N	\N	[[-6.200756802495308,106.8259463563791],[-6.200556820123286,106.82594370102966]]
2038	4	loadtest_pppoe_34	3292	-6.200650985958084	106.8257766423241	t	\N	\N	10.10.10.1	10.10.10.35	Profile_LoadTest	2026-06-02 07:53:24.404	2026-06-02 07:53:24.404	\N	\N	\N	\N	\N	[[-6.200756802495308,106.8259463563791],[-6.200650985958084,106.82577664232414]]
2039	4	loadtest_pppoe_35	3293	-6.200842439029207	106.8257656179381	f	\N	\N	10.10.10.1	10.10.10.36	Profile_LoadTest	2026-06-02 07:53:24.404	2026-06-02 07:53:24.404	\N	\N	\N	\N	\N	[[-6.200756802495308,106.8259463563791],[-6.2008424390292065,106.82576561793809]]
2040	4	loadtest_pppoe_36	3294	-6.200955158265996	106.8259207636412	t	\N	\N	10.10.10.1	10.10.10.37	Profile_LoadTest	2026-06-02 07:53:24.404	2026-06-02 07:53:24.404	\N	\N	\N	\N	\N	[[-6.200756802495308,106.8259463563791],[-6.200955158265996,106.82592076364118]]
2041	4	loadtest_pppoe_37	3295	-6.200885510121979	106.8260994391895	t	\N	\N	10.10.10.1	10.10.10.38	Profile_LoadTest	2026-06-02 07:53:24.404	2026-06-02 07:53:24.404	\N	\N	\N	\N	\N	[[-6.200756802495308,106.8259463563791],[-6.200885510121979,106.82609943918949]]
2042	4	loadtest_pppoe_38	3296	-6.200697528779566	106.8261373711079	t	\N	\N	10.10.10.1	10.10.10.39	Profile_LoadTest	2026-06-02 07:53:24.404	2026-06-02 07:53:24.404	\N	\N	\N	\N	\N	[[-6.200756802495308,106.8259463563791],[-6.200697528779566,106.82613737110792]]
2043	4	loadtest_pppoe_39	3297	-6.20056404341805	106.8259996849656	t	\N	\N	10.10.10.1	10.10.10.40	Profile_LoadTest	2026-06-02 07:53:24.404	2026-06-02 07:53:24.404	\N	\N	\N	\N	\N	[[-6.200756802495308,106.8259463563791],[-6.2005640434180505,106.82599968496558]]
2044	4	loadtest_pppoe_40	3298	-6.200607779863212	106.8258129687668	t	\N	\N	10.10.10.1	10.10.10.41	Profile_LoadTest	2026-06-02 07:53:24.404	2026-06-02 07:53:24.404	\N	\N	\N	\N	\N	[[-6.200756802495308,106.8259463563791],[-6.200607779863212,106.82581296876677]]
2045	4	loadtest_pppoe_41	3305	-6.200990648808424	106.82668619433	f	\N	\N	10.10.10.1	10.10.10.42	Profile_LoadTest	2026-06-02 07:53:24.404	2026-06-02 07:53:24.404	\N	\N	\N	\N	\N	[[-6.200958924274663,106.8268836621855],[-6.200990648808424,106.82668619433]]
2046	4	loadtest_pppoe_42	3306	-6.201142228584246	106.8268036651225	t	\N	\N	10.10.10.1	10.10.10.43	Profile_LoadTest	2026-06-02 07:53:24.404	2026-06-02 07:53:24.404	\N	\N	\N	\N	\N	[[-6.200958924274663,106.8268836621855],[-6.201142228584246,106.8268036651225]]
2047	4	loadtest_pppoe_43	3307	-6.201125279223189	106.8269946848458	t	\N	\N	10.10.10.1	10.10.10.44	Profile_LoadTest	2026-06-02 07:53:24.404	2026-06-02 07:53:24.404	\N	\N	\N	\N	\N	[[-6.200958924274663,106.8268836621855],[-6.201125279223189,106.8269946848458]]
2048	4	loadtest_pppoe_44	3308	-6.200955383889642	106.8270836308472	t	\N	\N	10.10.10.1	10.10.10.45	Profile_LoadTest	2026-06-02 07:53:24.404	2026-06-02 07:53:24.404	\N	\N	\N	\N	\N	[[-6.200958924274663,106.8268836621855],[-6.200955383889642,106.82708363084723]]
2049	4	loadtest_pppoe_45	3309	-6.200788743569756	106.8269887265833	t	\N	\N	10.10.10.1	10.10.10.46	Profile_LoadTest	2026-06-02 07:53:24.404	2026-06-02 07:53:24.404	\N	\N	\N	\N	\N	[[-6.200958924274663,106.8268836621855],[-6.200788743569756,106.82698872658325]]
2050	4	loadtest_pppoe_46	3310	-6.200778566605133	106.8267972265965	t	\N	\N	10.10.10.1	10.10.10.47	Profile_LoadTest	2026-06-02 07:53:24.404	2026-06-02 07:53:24.404	\N	\N	\N	\N	\N	[[-6.200958924274663,106.8268836621855],[-6.200778566605133,106.82679722659651]]
2051	4	loadtest_pppoe_47	3311	-6.200934209650114	106.8266851950917	t	\N	\N	10.10.10.1	10.10.10.48	Profile_LoadTest	2026-06-02 07:53:24.404	2026-06-02 07:53:24.404	\N	\N	\N	\N	\N	[[-6.200958924274663,106.8268836621855],[-6.200934209650114,106.82668519509167]]
2052	4	loadtest_pppoe_48	3312	-6.201112575206928	106.8267556333176	t	\N	\N	10.10.10.1	10.10.10.49	Profile_LoadTest	2026-06-02 07:53:24.404	2026-06-02 07:53:24.404	\N	\N	\N	\N	\N	[[-6.200958924274663,106.8268836621855],[-6.201112575206928,106.8267556333176]]
2053	4	loadtest_pppoe_49	3313	-6.201149674805215	106.8269437806942	f	\N	\N	10.10.10.1	10.10.10.50	Profile_LoadTest	2026-06-02 07:53:24.404	2026-06-02 07:53:24.404	\N	\N	\N	\N	\N	[[-6.200958924274663,106.8268836621855],[-6.201149674805215,106.82694378069424]]
2054	4	loadtest_pppoe_50	3314	-6.201011399245404	106.8270766553912	t	\N	\N	10.10.10.1	10.10.10.51	Profile_LoadTest	2026-06-02 07:53:24.404	2026-06-02 07:53:24.404	\N	\N	\N	\N	\N	[[-6.200958924274663,106.8268836621855],[-6.201011399245404,106.8270766553912]]
2055	4	loadtest_pppoe_51	3321	-6.20014536966303	106.827708601126	t	\N	\N	10.10.10.1	10.10.10.52	Profile_LoadTest	2026-06-02 07:53:24.404	2026-06-02 07:53:24.404	\N	\N	\N	\N	\N	[[-6.200279415498199,106.8275601702866],[-6.20014536966303,106.82770860112596]]
2056	4	loadtest_pppoe_52	3322	-6.200082089979791	106.8275275721304	t	\N	\N	10.10.10.1	10.10.10.53	Profile_LoadTest	2026-06-02 07:53:24.404	2026-06-02 07:53:24.404	\N	\N	\N	\N	\N	[[-6.200279415498199,106.8275601702866],[-6.200082089979791,106.82752757213045]]
2057	4	loadtest_pppoe_53	3323	-6.200200230468162	106.8273765137294	t	\N	\N	10.10.10.1	10.10.10.54	Profile_LoadTest	2026-06-02 07:53:24.404	2026-06-02 07:53:24.404	\N	\N	\N	\N	\N	[[-6.200279415498199,106.8275601702866],[-6.2002002304681625,106.82737651372936]]
2058	4	loadtest_pppoe_54	3324	-6.200391173307969	106.82739430832	t	\N	\N	10.10.10.1	10.10.10.55	Profile_LoadTest	2026-06-02 07:53:24.404	2026-06-02 07:53:24.404	\N	\N	\N	\N	\N	[[-6.200279415498199,106.8275601702866],[-6.200391173307969,106.82739430832002]]
2059	4	loadtest_pppoe_55	3325	-6.20047936653287	106.8275645956379	t	\N	\N	10.10.10.1	10.10.10.56	Profile_LoadTest	2026-06-02 07:53:24.404	2026-06-02 07:53:24.404	\N	\N	\N	\N	\N	[[-6.200279415498199,106.8275601702866],[-6.20047936653287,106.82756459563785]]
2060	4	loadtest_pppoe_56	3326	-6.200383725698616	106.8277308143082	t	\N	\N	10.10.10.1	10.10.10.57	Profile_LoadTest	2026-06-02 07:53:24.404	2026-06-02 07:53:24.404	\N	\N	\N	\N	\N	[[-6.200279415498199,106.8275601702866],[-6.200383725698616,106.82773081430815]]
2061	4	loadtest_pppoe_57	3327	-6.200192182547149	106.827740143652	t	\N	\N	10.10.10.1	10.10.10.58	Profile_LoadTest	2026-06-02 07:53:24.404	2026-06-02 07:53:24.404	\N	\N	\N	\N	\N	[[-6.200279415498199,106.8275601702866],[-6.200192182547149,106.827740143652]]
2062	4	loadtest_pppoe_58	3328	-6.200080840968582	106.8275840063137	t	\N	\N	10.10.10.1	10.10.10.59	Profile_LoadTest	2026-06-02 07:53:24.404	2026-06-02 07:53:24.404	\N	\N	\N	\N	\N	[[-6.200279415498199,106.8275601702866],[-6.200080840968582,106.82758400631369]]
2063	4	loadtest_pppoe_59	3329	-6.200152067896771	106.827405954242	t	\N	\N	10.10.10.1	10.10.10.60	Profile_LoadTest	2026-06-02 07:53:24.404	2026-06-02 07:53:24.404	\N	\N	\N	\N	\N	[[-6.200279415498199,106.8275601702866],[-6.200152067896771,106.82740595424201]]
2064	4	loadtest_pppoe_60	3330	-6.200340377622419	106.8273696876905	t	\N	\N	10.10.10.1	10.10.10.61	Profile_LoadTest	2026-06-02 07:53:24.404	2026-06-02 07:53:24.404	\N	\N	\N	\N	\N	[[-6.200279415498199,106.8275601702866],[-6.200340377622419,106.82736968769052]]
2065	4	loadtest_pppoe_61	3337	-6.199536236955283	106.8273022819271	t	\N	\N	10.10.10.1	10.10.10.62	Profile_LoadTest	2026-06-02 07:53:24.404	2026-06-02 07:53:24.404	\N	\N	\N	\N	\N	[[-6.199343013401282,106.8273539022543],[-6.199536236955283,106.82730228192712]]
2066	4	loadtest_pppoe_62	3338	-6.199490849540611	106.8274886036868	t	\N	\N	10.10.10.1	10.10.10.63	Profile_LoadTest	2026-06-02 07:53:24.404	2026-06-02 07:53:24.404	\N	\N	\N	\N	\N	[[-6.199343013401282,106.8273539022543],[-6.199490849540611,106.82748860368676]]
2067	4	loadtest_pppoe_63	3339	-6.199309542261221	106.8275510815706	t	\N	\N	10.10.10.1	10.10.10.64	Profile_LoadTest	2026-06-02 07:53:24.404	2026-06-02 07:53:24.404	\N	\N	\N	\N	\N	[[-6.199343013401282,106.8273539022543],[-6.199309542261221,106.82755108157062]]
2068	4	loadtest_pppoe_64	3340	-6.199159008193642	106.8274322737004	t	\N	\N	10.10.10.1	10.10.10.65	Profile_LoadTest	2026-06-02 07:53:24.404	2026-06-02 07:53:24.404	\N	\N	\N	\N	\N	[[-6.199343013401282,106.8273539022543],[-6.199159008193642,106.82743227370038]]
2069	4	loadtest_pppoe_65	3341	-6.199177647665383	106.8272414114841	t	\N	\N	10.10.10.1	10.10.10.66	Profile_LoadTest	2026-06-02 07:53:24.404	2026-06-02 07:53:24.404	\N	\N	\N	\N	\N	[[-6.199343013401282,106.8273539022543],[-6.199177647665383,106.82724141148405]]
2070	4	loadtest_pppoe_66	3342	-6.199348323632086	106.8271539727631	t	\N	\N	10.10.10.1	10.10.10.67	Profile_LoadTest	2026-06-02 07:53:24.404	2026-06-02 07:53:24.404	\N	\N	\N	\N	\N	[[-6.199343013401282,106.8273539022543],[-6.199348323632086,106.82715397276311]]
2071	4	loadtest_pppoe_67	3343	-6.199514117397077	106.8272503482943	t	\N	\N	10.10.10.1	10.10.10.68	Profile_LoadTest	2026-06-02 07:53:24.404	2026-06-02 07:53:24.404	\N	\N	\N	\N	\N	[[-6.199343013401282,106.8273539022543],[-6.199514117397077,106.82725034829434]]
2072	4	loadtest_pppoe_68	3344	-6.19952259893742	106.8274419308588	t	\N	\N	10.10.10.1	10.10.10.69	Profile_LoadTest	2026-06-02 07:53:24.404	2026-06-02 07:53:24.404	\N	\N	\N	\N	\N	[[-6.199343013401282,106.8273539022543],[-6.19952259893742,106.8274419308588]]
2073	4	loadtest_pppoe_69	3345	-6.199365970364038	106.8275525803302	t	\N	\N	10.10.10.1	10.10.10.70	Profile_LoadTest	2026-06-02 07:53:24.404	2026-06-02 07:53:24.404	\N	\N	\N	\N	\N	[[-6.199343013401282,106.8273539022543],[-6.199365970364038,106.82755258033025]]
2074	4	loadtest_pppoe_70	3346	-6.199188235264971	106.8274805660949	t	\N	\N	10.10.10.1	10.10.10.71	Profile_LoadTest	2026-06-02 07:53:24.404	2026-06-02 07:53:24.404	\N	\N	\N	\N	\N	[[-6.199343013401282,106.8273539022543],[-6.1991882352649705,106.82748056609492]]
2075	4	loadtest_pppoe_71	3353	-6.198820430822726	106.8263926954206	t	\N	\N	10.10.10.1	10.10.10.72	Profile_LoadTest	2026-06-02 07:53:24.404	2026-06-02 07:53:24.404	\N	\N	\N	\N	\N	[[-6.199010641753377,106.8264544999662],[-6.198820430822726,106.82639269542057]]
2076	4	loadtest_pppoe_72	3354	-6.198959877080824	106.8262610498486	t	\N	\N	10.10.10.1	10.10.10.73	Profile_LoadTest	2026-06-02 07:53:24.404	2026-06-02 07:53:24.404	\N	\N	\N	\N	\N	[[-6.199010641753377,106.8264544999662],[-6.198959877080824,106.82626104984855]]
2077	4	loadtest_pppoe_73	3355	-6.199145996144755	106.8263072614226	t	\N	\N	10.10.10.1	10.10.10.74	Profile_LoadTest	2026-06-02 07:53:24.404	2026-06-02 07:53:24.404	\N	\N	\N	\N	\N	[[-6.199010641753377,106.8264544999662],[-6.199145996144755,106.82630726142256]]
2078	4	loadtest_pppoe_74	3356	-6.199207671005471	106.8264888434346	t	\N	\N	10.10.10.1	10.10.10.75	Profile_LoadTest	2026-06-02 07:53:24.404	2026-06-02 07:53:24.404	\N	\N	\N	\N	\N	[[-6.199010641753377,106.8264544999662],[-6.199207671005471,106.82648884343457]]
2079	4	loadtest_pppoe_75	3357	-6.199088198080459	106.8266388502201	f	\N	\N	10.10.10.1	10.10.10.76	Profile_LoadTest	2026-06-02 07:53:24.404	2026-06-02 07:53:24.404	\N	\N	\N	\N	\N	[[-6.199010641753377,106.8264544999662],[-6.199088198080459,106.82663885022015]]
2080	4	loadtest_pppoe_76	3358	-6.198897420225998	106.8266193662324	t	\N	\N	10.10.10.1	10.10.10.77	Profile_LoadTest	2026-06-02 07:53:24.404	2026-06-02 07:53:24.404	\N	\N	\N	\N	\N	[[-6.199010641753377,106.8264544999662],[-6.198897420225998,106.82661936623242]]
2081	4	loadtest_pppoe_77	3359	-6.198810737721661	106.8264483049599	t	\N	\N	10.10.10.1	10.10.10.78	Profile_LoadTest	2026-06-02 07:53:24.404	2026-06-02 07:53:24.404	\N	\N	\N	\N	\N	[[-6.199010641753377,106.8264544999662],[-6.198810737721661,106.82644830495985]]
2082	4	loadtest_pppoe_78	3360	-6.19890784606218	106.8262829393475	t	\N	\N	10.10.10.1	10.10.10.79	Profile_LoadTest	2026-06-02 07:53:24.404	2026-06-02 07:53:24.404	\N	\N	\N	\N	\N	[[-6.199010641753377,106.8264544999662],[-6.19890784606218,106.82628293934755]]
2083	4	loadtest_pppoe_79	3361	-6.199099464287118	106.8262753057768	t	\N	\N	10.10.10.1	10.10.10.80	Profile_LoadTest	2026-06-02 07:53:24.404	2026-06-02 07:53:24.404	\N	\N	\N	\N	\N	[[-6.199010641753377,106.8264544999662],[-6.199099464287118,106.82627530577685]]
2084	4	loadtest_pppoe_80	3362	-6.199209419484162	106.8264324225174	t	\N	\N	10.10.10.1	10.10.10.81	Profile_LoadTest	2026-06-02 07:53:24.404	2026-06-02 07:53:24.404	\N	\N	\N	\N	\N	[[-6.199010641753377,106.8264544999662],[-6.199209419484162,106.82643242251744]]
2085	4	loadtest_pppoe_81	3369	-6.199713859113613	106.8258442069345	t	\N	\N	10.10.10.1	10.10.10.82	Profile_LoadTest	2026-06-02 07:53:24.404	2026-06-02 07:53:24.404	\N	\N	\N	\N	\N	[[-6.199587881514758,106.8256888697381],[-6.199713859113613,106.8258442069345]]
2086	4	loadtest_pppoe_82	3370	-6.199525235758272	106.8258788052777	t	\N	\N	10.10.10.1	10.10.10.83	Profile_LoadTest	2026-06-02 07:53:24.404	2026-06-02 07:53:24.404	\N	\N	\N	\N	\N	[[-6.199587881514758,106.8256888697381],[-6.199525235758272,106.82587880527768]]
2087	4	loadtest_pppoe_83	3371	-6.199394208622539	106.8257387777617	t	\N	\N	10.10.10.1	10.10.10.84	Profile_LoadTest	2026-06-02 07:53:24.404	2026-06-02 07:53:24.404	\N	\N	\N	\N	\N	[[-6.199587881514758,106.8256888697381],[-6.199394208622539,106.8257387777617]]
2088	4	loadtest_pppoe_84	3372	-6.199441243450743	106.825552865039	t	\N	\N	10.10.10.1	10.10.10.85	Profile_LoadTest	2026-06-02 07:53:24.404	2026-06-02 07:53:24.404	\N	\N	\N	\N	\N	[[-6.199587881514758,106.8256888697381],[-6.199441243450743,106.82555286503899]]
2089	4	loadtest_pppoe_85	3373	-6.199623096638748	106.8254919944094	f	\N	\N	10.10.10.1	10.10.10.86	Profile_LoadTest	2026-06-02 07:53:24.404	2026-06-02 07:53:24.404	\N	\N	\N	\N	\N	[[-6.199587881514758,106.8256888697381],[-6.1996230966387476,106.82549199440942]]
2090	4	loadtest_pppoe_86	3374	-6.199772573204159	106.8256121300491	f	\N	\N	10.10.10.1	10.10.10.87	Profile_LoadTest	2026-06-02 07:53:24.404	2026-06-02 07:53:24.404	\N	\N	\N	\N	\N	[[-6.199587881514758,106.8256888697381],[-6.199772573204159,106.82561213004911]]
2091	4	loadtest_pppoe_87	3375	-6.199752245082085	106.8258028198049	t	\N	\N	10.10.10.1	10.10.10.88	Profile_LoadTest	2026-06-02 07:53:24.404	2026-06-02 07:53:24.404	\N	\N	\N	\N	\N	[[-6.199587881514758,106.8256888697381],[-6.199752245082085,106.82580281980495]]
2092	4	loadtest_pppoe_88	3376	-6.199580801854212	106.8258887443948	t	\N	\N	10.10.10.1	10.10.10.89	Profile_LoadTest	2026-06-02 07:53:24.404	2026-06-02 07:53:24.404	\N	\N	\N	\N	\N	[[-6.199587881514758,106.8256888697381],[-6.199580801854212,106.82588874439485]]
2093	4	loadtest_pppoe_89	3377	-6.199415867633596	106.8257909051471	t	\N	\N	10.10.10.1	10.10.10.90	Profile_LoadTest	2026-06-02 07:53:24.404	2026-06-02 07:53:24.404	\N	\N	\N	\N	\N	[[-6.199587881514758,106.8256888697381],[-6.199415867633596,106.82579090514709]]
2094	4	loadtest_pppoe_90	3378	-6.199409082182038	106.8255992550149	t	\N	\N	10.10.10.1	10.10.10.91	Profile_LoadTest	2026-06-02 07:53:24.404	2026-06-02 07:53:24.404	\N	\N	\N	\N	\N	[[-6.199587881514758,106.8256888697381],[-6.199409082182038,106.82559925501488]]
2095	4	loadtest_pppoe_91	3385	-6.20052282360854	106.8255620549787	t	\N	\N	10.10.10.1	10.10.10.92	Profile_LoadTest	2026-06-02 07:53:24.404	2026-06-02 07:53:24.404	\N	\N	\N	\N	\N	[[-6.20054402111089,106.8257609284709],[-6.20052282360854,106.82556205497872]]
2096	4	loadtest_pppoe_92	3386	-6.200699914324812	106.8256356395813	t	\N	\N	10.10.10.1	10.10.10.93	Profile_LoadTest	2026-06-02 07:53:24.404	2026-06-02 07:53:24.404	\N	\N	\N	\N	\N	[[-6.20054402111089,106.8257609284709],[-6.2006999143248125,106.82563563958132]]
2097	4	loadtest_pppoe_93	3387	-6.200733677539144	106.8258244142112	t	\N	\N	10.10.10.1	10.10.10.94	Profile_LoadTest	2026-06-02 07:53:24.404	2026-06-02 07:53:24.404	\N	\N	\N	\N	\N	[[-6.20054402111089,106.8257609284709],[-6.2007336775391435,106.8258244142112]]
2098	4	loadtest_pppoe_94	3388	-6.200593071507983	106.8259548203442	t	\N	\N	10.10.10.1	10.10.10.95	Profile_LoadTest	2026-06-02 07:53:24.404	2026-06-02 07:53:24.404	\N	\N	\N	\N	\N	[[-6.20054402111089,106.8257609284709],[-6.200593071507983,106.82595482034424]]
2099	4	loadtest_pppoe_95	3389	-6.200407368767943	106.8259069631831	t	\N	\N	10.10.10.1	10.10.10.96	Profile_LoadTest	2026-06-02 07:53:24.404	2026-06-02 07:53:24.404	\N	\N	\N	\N	\N	[[-6.20054402111089,106.8257609284709],[-6.200407368767943,106.8259069631831]]
2100	4	loadtest_pppoe_96	3390	-6.200347303561803	106.825724842381	t	\N	\N	10.10.10.1	10.10.10.97	Profile_LoadTest	2026-06-02 07:53:24.404	2026-06-02 07:53:24.404	\N	\N	\N	\N	\N	[[-6.20054402111089,106.8257609284709],[-6.200347303561803,106.82572484238104]]
2101	4	loadtest_pppoe_97	3391	-6.200468099563084	106.8255758989636	f	\N	\N	10.10.10.1	10.10.10.98	Profile_LoadTest	2026-06-02 07:53:24.404	2026-06-02 07:53:24.404	\N	\N	\N	\N	\N	[[-6.20054402111089,106.8257609284709],[-6.200468099563084,106.82557589896358]]
2102	4	loadtest_pppoe_98	3392	-6.200658697485288	106.8255970708218	t	\N	\N	10.10.10.1	10.10.10.99	Profile_LoadTest	2026-06-02 07:53:24.404	2026-06-02 07:53:24.404	\N	\N	\N	\N	\N	[[-6.20054402111089,106.8257609284709],[-6.200658697485288,106.82559707082184]]
2103	4	loadtest_pppoe_99	3393	-6.200743862477727	106.825768892647	t	\N	\N	10.10.10.1	10.10.10.100	Profile_LoadTest	2026-06-02 07:53:24.404	2026-06-02 07:53:24.404	\N	\N	\N	\N	\N	[[-6.20054402111089,106.8257609284709],[-6.200743862477727,106.82576889264698]]
2104	4	loadtest_pppoe_100	3394	-6.200645294239112	106.8259333922454	t	\N	\N	10.10.10.1	10.10.10.101	Profile_LoadTest	2026-06-02 07:53:24.404	2026-06-02 07:53:24.404	\N	\N	\N	\N	\N	[[-6.20054402111089,106.8257609284709],[-6.200645294239112,106.82593339224536]]
2105	4	loadtest_pppoe_101	3401	-6.192494875201036	106.8221858497306	t	\N	\N	10.10.10.1	10.10.10.102	Profile_LoadTest	2026-06-02 07:53:24.404	2026-06-02 07:53:24.404	\N	\N	\N	\N	\N	[[-6.192585280358472,106.8220074487567],[-6.192494875201036,106.82218584973064]]
2106	4	loadtest_pppoe_102	3402	-6.1923863150002	106.8220277658974	f	\N	\N	10.10.10.1	10.10.10.103	Profile_LoadTest	2026-06-02 07:53:24.404	2026-06-02 07:53:24.404	\N	\N	\N	\N	\N	[[-6.192585280358472,106.8220074487567],[-6.1923863150002,106.82202776589743]]
2107	4	loadtest_pppoe_103	3403	-6.192460682632183	106.8218510025787	t	\N	\N	10.10.10.1	10.10.10.104	Profile_LoadTest	2026-06-02 07:53:24.404	2026-06-02 07:53:24.404	\N	\N	\N	\N	\N	[[-6.192585280358472,106.8220074487567],[-6.192460682632183,106.82185100257871]]
2108	4	loadtest_pppoe_104	3404	-6.192649604839104	106.8218180751545	t	\N	\N	10.10.10.1	10.10.10.105	Profile_LoadTest	2026-06-02 07:53:24.404	2026-06-02 07:53:24.404	\N	\N	\N	\N	\N	[[-6.192585280358472,106.8220074487567],[-6.192649604839104,106.82181807515454]]
2109	4	loadtest_pppoe_105	3405	-6.192779387415179	106.8219592569468	t	\N	\N	10.10.10.1	10.10.10.106	Profile_LoadTest	2026-06-02 07:53:24.404	2026-06-02 07:53:24.404	\N	\N	\N	\N	\N	[[-6.192585280358472,106.8220074487567],[-6.192779387415179,106.82195925694684]]
2110	4	loadtest_pppoe_106	3406	-6.192730708858488	106.8221447460669	t	\N	\N	10.10.10.1	10.10.10.107	Profile_LoadTest	2026-06-02 07:53:24.404	2026-06-02 07:53:24.404	\N	\N	\N	\N	\N	[[-6.192585280358472,106.8220074487567],[-6.1927307088584875,106.82214474606687]]
2111	4	loadtest_pppoe_107	3407	-6.19254832400956	106.8222040046731	t	\N	\N	10.10.10.1	10.10.10.108	Profile_LoadTest	2026-06-02 07:53:24.404	2026-06-02 07:53:24.404	\N	\N	\N	\N	\N	[[-6.192585280358472,106.8220074487567],[-6.19254832400956,106.8222040046731]]
2112	4	loadtest_pppoe_108	3408	-6.192399916657388	106.8220825506762	t	\N	\N	10.10.10.1	10.10.10.109	Profile_LoadTest	2026-06-02 07:53:24.404	2026-06-02 07:53:24.404	\N	\N	\N	\N	\N	[[-6.192585280358472,106.8220074487567],[-6.192399916657388,106.82208255067624]]
2113	4	loadtest_pppoe_109	3409	-6.192421931837145	106.8218920483209	t	\N	\N	10.10.10.1	10.10.10.110	Profile_LoadTest	2026-06-02 07:53:24.404	2026-06-02 07:53:24.404	\N	\N	\N	\N	\N	[[-6.192585280358472,106.8220074487567],[-6.192421931837145,106.8218920483209]]
2114	4	loadtest_pppoe_110	3410	-6.192594128894089	106.821807644594	t	\N	\N	10.10.10.1	10.10.10.111	Profile_LoadTest	2026-06-02 07:53:24.404	2026-06-02 07:53:24.404	\N	\N	\N	\N	\N	[[-6.192585280358472,106.8220074487567],[-6.192594128894089,106.82180764459403]]
2115	4	loadtest_pppoe_111	3417	-6.192294773359644	106.8227463681536	t	\N	\N	10.10.10.1	10.10.10.112	Profile_LoadTest	2026-06-02 07:53:24.404	2026-06-02 07:53:24.404	\N	\N	\N	\N	\N	[[-6.192121863069922,106.8228468770174],[-6.192294773359644,106.82274636815357]]
2116	4	loadtest_pppoe_112	3418	-6.192299862190795	106.8229380708383	t	\N	\N	10.10.10.1	10.10.10.113	Profile_LoadTest	2026-06-02 07:53:24.404	2026-06-02 07:53:24.404	\N	\N	\N	\N	\N	[[-6.192121863069922,106.8228468770174],[-6.192299862190795,106.82293807083829]]
2117	4	loadtest_pppoe_113	3419	-6.192141299451101	106.8230459303446	f	\N	\N	10.10.10.1	10.10.10.114	Profile_LoadTest	2026-06-02 07:53:24.404	2026-06-02 07:53:24.404	\N	\N	\N	\N	\N	[[-6.192121863069922,106.8228468770174],[-6.192141299451101,106.82304593034465]]
2118	4	loadtest_pppoe_114	3420	-6.191964866992186	106.8229707811399	t	\N	\N	10.10.10.1	10.10.10.115	Profile_LoadTest	2026-06-02 07:53:24.404	2026-06-02 07:53:24.404	\N	\N	\N	\N	\N	[[-6.192121863069922,106.8228468770174],[-6.191964866992186,106.82297078113992]]
2119	4	loadtest_pppoe_115	3421	-6.191932776003117	106.8227817150564	t	\N	\N	10.10.10.1	10.10.10.116	Profile_LoadTest	2026-06-02 07:53:24.404	2026-06-02 07:53:24.404	\N	\N	\N	\N	\N	[[-6.192121863069922,106.8228468770174],[-6.191932776003117,106.82278171505635]]
2120	4	loadtest_pppoe_116	3422	-6.19207453079125	106.8226525585793	t	\N	\N	10.10.10.1	10.10.10.117	Profile_LoadTest	2026-06-02 07:53:24.404	2026-06-02 07:53:24.404	\N	\N	\N	\N	\N	[[-6.192121863069922,106.8228468770174],[-6.19207453079125,106.82265255857928]]
2121	4	loadtest_pppoe_117	3423	-6.19225980265811	106.8227020575781	f	\N	\N	10.10.10.1	10.10.10.118	Profile_LoadTest	2026-06-02 07:53:24.404	2026-06-02 07:53:24.404	\N	\N	\N	\N	\N	[[-6.192121863069922,106.8228468770174],[-6.19225980265811,106.82270205757806]]
2122	4	loadtest_pppoe_118	3424	-6.192318253503731	106.8228847029015	t	\N	\N	10.10.10.1	10.10.10.119	Profile_LoadTest	2026-06-02 07:53:24.404	2026-06-02 07:53:24.404	\N	\N	\N	\N	\N	[[-6.192121863069922,106.8228468770174],[-6.192318253503731,106.8228847029015]]
2123	4	loadtest_pppoe_119	3425	-6.19219614389021	106.8230325712815	t	\N	\N	10.10.10.1	10.10.10.120	Profile_LoadTest	2026-06-02 07:53:24.404	2026-06-02 07:53:24.404	\N	\N	\N	\N	\N	[[-6.192121863069922,106.8228468770174],[-6.19219614389021,106.82303257128154]]
2124	4	loadtest_pppoe_120	3426	-6.19200574083308	106.8230097132115	f	\N	\N	10.10.10.1	10.10.10.121	Profile_LoadTest	2026-06-02 07:53:24.404	2026-06-02 07:53:24.404	\N	\N	\N	\N	\N	[[-6.192121863069922,106.8228468770174],[-6.19200574083308,106.8230097132115]]
2125	4	loadtest_pppoe_121	3433	-6.19096536007015	106.8229007371184	t	\N	\N	10.10.10.1	10.10.10.122	Profile_LoadTest	2026-06-02 07:53:24.404	2026-06-02 07:53:24.404	\N	\N	\N	\N	\N	[[-6.191165123115095,106.8229104698402],[-6.19096536007015,106.82290073711836]]
2126	4	loadtest_pppoe_122	3434	-6.191065380484315	106.822737116422	t	\N	\N	10.10.10.1	10.10.10.123	Profile_LoadTest	2026-06-02 07:53:24.404	2026-06-02 07:53:24.404	\N	\N	\N	\N	\N	[[-6.191165123115095,106.8229104698402],[-6.191065380484315,106.82273711642199]]
2127	4	loadtest_pppoe_123	3435	-6.191257103813233	106.8227328760589	t	\N	\N	10.10.10.1	10.10.10.124	Profile_LoadTest	2026-06-02 07:53:24.404	2026-06-02 07:53:24.404	\N	\N	\N	\N	\N	[[-6.191165123115095,106.8229104698402],[-6.191257103813233,106.82273287605885]]
2128	4	loadtest_pppoe_124	3436	-6.191364260512473	106.8228919145993	t	\N	\N	10.10.10.1	10.10.10.125	Profile_LoadTest	2026-06-02 07:53:24.404	2026-06-02 07:53:24.404	\N	\N	\N	\N	\N	[[-6.191165123115095,106.8229104698402],[-6.191364260512473,106.82289191459928]]
2129	4	loadtest_pppoe_125	3437	-6.191288331206932	106.8230680127426	t	\N	\N	10.10.10.1	10.10.10.126	Profile_LoadTest	2026-06-02 07:53:24.404	2026-06-02 07:53:24.404	\N	\N	\N	\N	\N	[[-6.191165123115095,106.8229104698402],[-6.191288331206932,106.82306801274262]]
2130	4	loadtest_pppoe_126	3438	-6.19109912494996	106.823099266668	t	\N	\N	10.10.10.1	10.10.10.127	Profile_LoadTest	2026-06-02 07:53:24.404	2026-06-02 07:53:24.404	\N	\N	\N	\N	\N	[[-6.191165123115095,106.8229104698402],[-6.19109912494996,106.82309926666802]]
2131	4	loadtest_pppoe_127	3439	-6.190970597101646	106.8229569416606	t	\N	\N	10.10.10.1	10.10.10.128	Profile_LoadTest	2026-06-02 07:53:24.404	2026-06-02 07:53:24.404	\N	\N	\N	\N	\N	[[-6.191165123115095,106.8229104698402],[-6.190970597101646,106.8229569416606]]
2132	4	loadtest_pppoe_128	3440	-6.191020915572994	106.8227718906758	t	\N	\N	10.10.10.1	10.10.10.129	Profile_LoadTest	2026-06-02 07:53:24.404	2026-06-02 07:53:24.404	\N	\N	\N	\N	\N	[[-6.191165123115095,106.8229104698402],[-6.191020915572994,106.82277189067581]]
2133	4	loadtest_pppoe_129	3441	-6.191203817793503	106.8227142487357	t	\N	\N	10.10.10.1	10.10.10.130	Profile_LoadTest	2026-06-02 07:53:24.404	2026-06-02 07:53:24.404	\N	\N	\N	\N	\N	[[-6.191165123115095,106.8229104698402],[-6.191203817793503,106.82271424873566]]
2134	4	loadtest_pppoe_130	3442	-6.191351144305132	106.8228370115741	t	\N	\N	10.10.10.1	10.10.10.131	Profile_LoadTest	2026-06-02 07:53:24.404	2026-06-02 07:53:24.404	\N	\N	\N	\N	\N	[[-6.191165123115095,106.8229104698402],[-6.191351144305132,106.82283701157411]]
2135	4	loadtest_pppoe_131	3449	-6.190757003473654	106.8222566020403	t	\N	\N	10.10.10.1	10.10.10.132	Profile_LoadTest	2026-06-02 07:53:24.404	2026-06-02 07:53:24.404	\N	\N	\N	\N	\N	[[-6.190594682796227,106.8221397602769],[-6.190757003473654,106.82225660204031]]
2136	4	loadtest_pppoe_132	3450	-6.190584066078797	106.8223394782914	t	\N	\N	10.10.10.1	10.10.10.133	Profile_LoadTest	2026-06-02 07:53:24.404	2026-06-02 07:53:24.404	\N	\N	\N	\N	\N	[[-6.190594682796227,106.8221397602769],[-6.190584066078797,106.82233947829138]]
2137	4	loadtest_pppoe_133	3451	-6.190420889644984	106.822238734721	t	\N	\N	10.10.10.1	10.10.10.134	Profile_LoadTest	2026-06-02 07:53:24.404	2026-06-02 07:53:24.404	\N	\N	\N	\N	\N	[[-6.190594682796227,106.8221397602769],[-6.190420889644984,106.82223873472098]]
2138	4	loadtest_pppoe_134	3452	-6.190417497832935	106.8220469945031	t	\N	\N	10.10.10.1	10.10.10.135	Profile_LoadTest	2026-06-02 07:53:24.404	2026-06-02 07:53:24.404	\N	\N	\N	\N	\N	[[-6.190594682796227,106.8221397602769],[-6.190417497832935,106.82204699450313]]
2139	4	loadtest_pppoe_135	3453	-6.190577009059006	106.8219405427099	t	\N	\N	10.10.10.1	10.10.10.136	Profile_LoadTest	2026-06-02 07:53:24.404	2026-06-02 07:53:24.404	\N	\N	\N	\N	\N	[[-6.190594682796227,106.8221397602769],[-6.190577009059006,106.82194054270987]]
2140	4	loadtest_pppoe_136	3454	-6.190752769437571	106.822017250629	t	\N	\N	10.10.10.1	10.10.10.137	Profile_LoadTest	2026-06-02 07:53:24.404	2026-06-02 07:53:24.404	\N	\N	\N	\N	\N	[[-6.190594682796227,106.8221397602769],[-6.190752769437571,106.822017250629]]
2141	4	loadtest_pppoe_137	3455	-6.190783185687138	106.8222065933534	f	\N	\N	10.10.10.1	10.10.10.138	Profile_LoadTest	2026-06-02 07:53:24.404	2026-06-02 07:53:24.404	\N	\N	\N	\N	\N	[[-6.190594682796227,106.8221397602769],[-6.190783185687138,106.82220659335343]]
2142	4	loadtest_pppoe_138	3456	-6.190640293248126	106.8223344900555	t	\N	\N	10.10.10.1	10.10.10.139	Profile_LoadTest	2026-06-02 07:53:24.404	2026-06-02 07:53:24.404	\N	\N	\N	\N	\N	[[-6.190594682796227,106.8221397602769],[-6.190640293248126,106.82233449005551]]
2143	4	loadtest_pppoe_139	3457	-6.190455466769982	106.8222833530972	t	\N	\N	10.10.10.1	10.10.10.140	Profile_LoadTest	2026-06-02 07:53:24.404	2026-06-02 07:53:24.404	\N	\N	\N	\N	\N	[[-6.190594682796227,106.8221397602769],[-6.190455466769982,106.82228335309718]]
2144	4	loadtest_pppoe_140	3458	-6.190398634864339	106.8221001975621	f	\N	\N	10.10.10.1	10.10.10.141	Profile_LoadTest	2026-06-02 07:53:24.404	2026-06-02 07:53:24.404	\N	\N	\N	\N	\N	[[-6.190594682796227,106.8221397602769],[-6.190398634864339,106.8221001975621]]
2145	4	loadtest_pppoe_141	3465	-6.190862368038689	106.8210569906734	t	\N	\N	10.10.10.1	10.10.10.142	Profile_LoadTest	2026-06-02 07:53:24.404	2026-06-02 07:53:24.404	\N	\N	\N	\N	\N	[[-6.190935002311764,106.8212433351458],[-6.190862368038689,106.82105699067344]]
2146	4	loadtest_pppoe_142	3466	-6.191052561313197	106.8210815331644	t	\N	\N	10.10.10.1	10.10.10.143	Profile_LoadTest	2026-06-02 07:53:24.404	2026-06-02 07:53:24.404	\N	\N	\N	\N	\N	[[-6.190935002311764,106.8212433351458],[-6.191052561313197,106.8210815331644]]
2147	4	loadtest_pppoe_143	3467	-6.191134671383939	106.8212548356509	t	\N	\N	10.10.10.1	10.10.10.144	Profile_LoadTest	2026-06-02 07:53:24.404	2026-06-02 07:53:24.404	\N	\N	\N	\N	\N	[[-6.190935002311764,106.8212433351458],[-6.191134671383939,106.82125483565086]]
2148	4	loadtest_pppoe_144	3468	-6.191033206630544	106.821417564626	t	\N	\N	10.10.10.1	10.10.10.145	Profile_LoadTest	2026-06-02 07:53:24.404	2026-06-02 07:53:24.404	\N	\N	\N	\N	\N	[[-6.190935002311764,106.8212433351458],[-6.191033206630544,106.821417564626]]
2149	4	loadtest_pppoe_145	3469	-6.190841453279354	106.8214201078205	f	\N	\N	10.10.10.1	10.10.10.146	Profile_LoadTest	2026-06-02 07:53:24.404	2026-06-02 07:53:24.404	\N	\N	\N	\N	\N	[[-6.190935002311764,106.8212433351458],[-6.190841453279354,106.82142010782054]]
2150	4	loadtest_pppoe_146	3470	-6.190735708477139	106.8212601270331	t	\N	\N	10.10.10.1	10.10.10.147	Profile_LoadTest	2026-06-02 07:53:24.404	2026-06-02 07:53:24.404	\N	\N	\N	\N	\N	[[-6.190935002311764,106.8212433351458],[-6.190735708477139,106.82126012703314]]
2151	4	loadtest_pppoe_147	3471	-6.190813193507387	106.821084707862	t	\N	\N	10.10.10.1	10.10.10.148	Profile_LoadTest	2026-06-02 07:53:24.404	2026-06-02 07:53:24.404	\N	\N	\N	\N	\N	[[-6.190935002311764,106.8212433351458],[-6.190813193507387,106.82108470786196]]
2152	4	loadtest_pppoe_148	3472	-6.191002668990628	106.821055129884	t	\N	\N	10.10.10.1	10.10.10.149	Profile_LoadTest	2026-06-02 07:53:24.404	2026-06-02 07:53:24.404	\N	\N	\N	\N	\N	[[-6.190935002311764,106.8212433351458],[-6.191002668990628,106.82105512988399]]
2153	4	loadtest_pppoe_149	3473	-6.191129932041383	106.8211985869558	f	\N	\N	10.10.10.1	10.10.10.150	Profile_LoadTest	2026-06-02 07:53:24.404	2026-06-02 07:53:24.404	\N	\N	\N	\N	\N	[[-6.190935002311764,106.8212433351458],[-6.191129932041383,106.82119858695577]]
2154	4	loadtest_pppoe_150	3474	-6.19107797759769	106.8213831853071	t	\N	\N	10.10.10.1	10.10.10.151	Profile_LoadTest	2026-06-02 07:53:24.404	2026-06-02 07:53:24.404	\N	\N	\N	\N	\N	[[-6.190935002311764,106.8212433351458],[-6.19107797759769,106.82138318530708]]
2155	4	loadtest_pppoe_151	3481	-6.191832763492303	106.8212412344977	t	\N	\N	10.10.10.1	10.10.10.152	Profile_LoadTest	2026-06-02 07:53:24.404	2026-06-02 07:53:24.404	\N	\N	\N	\N	\N	[[-6.191873193468586,106.8210453635784],[-6.191832763492303,106.82124123449768]]
2156	4	loadtest_pppoe_152	3482	-6.191686529363836	106.8211171724358	t	\N	\N	10.10.10.1	10.10.10.153	Profile_LoadTest	2026-06-02 07:53:24.404	2026-06-02 07:53:24.404	\N	\N	\N	\N	\N	[[-6.191873193468586,106.8210453635784],[-6.191686529363836,106.82111717243579]]
2157	4	loadtest_pppoe_153	3483	-6.191711913352431	106.8209270896416	f	\N	\N	10.10.10.1	10.10.10.154	Profile_LoadTest	2026-06-02 07:53:24.404	2026-06-02 07:53:24.404	\N	\N	\N	\N	\N	[[-6.191873193468586,106.8210453635784],[-6.191711913352431,106.82092708964157]]
2158	4	loadtest_pppoe_154	3484	-6.191885577536038	106.8208457473594	t	\N	\N	10.10.10.1	10.10.10.155	Profile_LoadTest	2026-06-02 07:53:24.404	2026-06-02 07:53:24.404	\N	\N	\N	\N	\N	[[-6.191873193468586,106.8210453635784],[-6.191885577536038,106.82084574735944]]
2159	4	loadtest_pppoe_155	3485	-6.192047855865141	106.8209479313084	t	\N	\N	10.10.10.1	10.10.10.156	Profile_LoadTest	2026-06-02 07:53:24.404	2026-06-02 07:53:24.404	\N	\N	\N	\N	\N	[[-6.191873193468586,106.8210453635784],[-6.192047855865141,106.82094793130844]]
2160	4	loadtest_pppoe_156	3486	-6.192049550392349	106.8211396940371	f	\N	\N	10.10.10.1	10.10.10.157	Profile_LoadTest	2026-06-02 07:53:24.404	2026-06-02 07:53:24.404	\N	\N	\N	\N	\N	[[-6.191873193468586,106.8210453635784],[-6.192049550392349,106.82113969403711]]
2161	4	loadtest_pppoe_157	3487	-6.191889103177161	106.8212447297771	t	\N	\N	10.10.10.1	10.10.10.158	Profile_LoadTest	2026-06-02 07:53:24.404	2026-06-02 07:53:24.404	\N	\N	\N	\N	\N	[[-6.191873193468586,106.8210453635784],[-6.191889103177161,106.82124472977708]]
2162	4	loadtest_pppoe_158	3488	-6.19171402864928	106.8211664691534	t	\N	\N	10.10.10.1	10.10.10.159	Profile_LoadTest	2026-06-02 07:53:24.404	2026-06-02 07:53:24.404	\N	\N	\N	\N	\N	[[-6.191873193468586,106.8210453635784],[-6.19171402864928,106.8211664691534]]
2163	4	loadtest_pppoe_159	3489	-6.191685289522243	106.8209768646226	t	\N	\N	10.10.10.1	10.10.10.160	Profile_LoadTest	2026-06-02 07:53:24.404	2026-06-02 07:53:24.404	\N	\N	\N	\N	\N	[[-6.191873193468586,106.8210453635784],[-6.191685289522243,106.82097686462258]]
2164	4	loadtest_pppoe_160	3490	-6.19182930841691	106.8208502377158	t	\N	\N	10.10.10.1	10.10.10.161	Profile_LoadTest	2026-06-02 07:53:24.404	2026-06-02 07:53:24.404	\N	\N	\N	\N	\N	[[-6.191873193468586,106.8210453635784],[-6.19182930841691,106.82085023771585]]
2165	4	loadtest_pppoe_161	3497	-6.192687169200916	106.8215855047696	t	\N	\N	10.10.10.1	10.10.10.162	Profile_LoadTest	2026-06-02 07:53:24.404	2026-06-02 07:53:24.404	\N	\N	\N	\N	\N	[[-6.192546687643801,106.8217278597207],[-6.192687169200916,106.82158550476957]]
2166	4	loadtest_pppoe_162	3498	-6.19274237771396	106.8217691561666	t	\N	\N	10.10.10.1	10.10.10.163	Profile_LoadTest	2026-06-02 07:53:24.404	2026-06-02 07:53:24.404	\N	\N	\N	\N	\N	[[-6.192546687643801,106.8217278597207],[-6.19274237771396,106.82176915616657]]
2167	4	loadtest_pppoe_163	3499	-6.192617669678969	106.8219148398017	t	\N	\N	10.10.10.1	10.10.10.164	Profile_LoadTest	2026-06-02 07:53:24.404	2026-06-02 07:53:24.404	\N	\N	\N	\N	\N	[[-6.192546687643801,106.8217278597207],[-6.192617669678969,106.82191483980168]]
2168	4	loadtest_pppoe_164	3500	-6.192427701088196	106.8218886148126	t	\N	\N	10.10.10.1	10.10.10.165	Profile_LoadTest	2026-06-02 07:53:24.404	2026-06-02 07:53:24.404	\N	\N	\N	\N	\N	[[-6.192546687643801,106.8217278597207],[-6.192427701088196,106.82188861481264]]
2169	4	loadtest_pppoe_165	3501	-6.192347128187911	106.8217145923334	t	\N	\N	10.10.10.1	10.10.10.166	Profile_LoadTest	2026-06-02 07:53:24.404	2026-06-02 07:53:24.404	\N	\N	\N	\N	\N	[[-6.192546687643801,106.8217278597207],[-6.192347128187911,106.82171459233342]]
2170	4	loadtest_pppoe_166	3502	-6.192450029331055	106.8215527678289	t	\N	\N	10.10.10.1	10.10.10.167	Profile_LoadTest	2026-06-02 07:53:24.404	2026-06-02 07:53:24.404	\N	\N	\N	\N	\N	[[-6.192546687643801,106.8217278597207],[-6.192450029331055,106.82155276782889]]
2171	4	loadtest_pppoe_167	3503	-6.192641797681175	106.8215519220022	t	\N	\N	10.10.10.1	10.10.10.168	Profile_LoadTest	2026-06-02 07:53:24.404	2026-06-02 07:53:24.404	\N	\N	\N	\N	\N	[[-6.192546687643801,106.8217278597207],[-6.192641797681175,106.8215519220022]]
2172	4	loadtest_pppoe_168	3504	-6.192746122301555	106.8217128325025	t	\N	\N	10.10.10.1	10.10.10.169	Profile_LoadTest	2026-06-02 07:53:24.404	2026-06-02 07:53:24.404	\N	\N	\N	\N	\N	[[-6.192546687643801,106.8217278597207],[-6.192746122301555,106.82171283250251]]
2173	4	loadtest_pppoe_169	3505	-6.192667087617336	106.8218875589579	t	\N	\N	10.10.10.1	10.10.10.170	Profile_LoadTest	2026-06-02 07:53:24.404	2026-06-02 07:53:24.404	\N	\N	\N	\N	\N	[[-6.192546687643801,106.8217278597207],[-6.192667087617336,106.82188755895793]]
2174	4	loadtest_pppoe_170	3506	-6.192477357752701	106.8219154586711	t	\N	\N	10.10.10.1	10.10.10.171	Profile_LoadTest	2026-06-02 07:53:24.404	2026-06-02 07:53:24.404	\N	\N	\N	\N	\N	[[-6.192546687643801,106.8217278597207],[-6.1924773577527015,106.82191545867111]]
2175	4	loadtest_pppoe_171	3513	-6.192140959225105	106.8227063608207	t	\N	\N	10.10.10.1	10.10.10.172	Profile_LoadTest	2026-06-02 07:53:24.404	2026-06-02 07:53:24.404	\N	\N	\N	\N	\N	[[-6.192336277398693,106.8226633397669],[-6.192140959225105,106.82270636082066]]
2176	4	loadtest_pppoe_172	3514	-6.192194545570657	106.8225222295656	f	\N	\N	10.10.10.1	10.10.10.173	Profile_LoadTest	2026-06-02 07:53:24.404	2026-06-02 07:53:24.404	\N	\N	\N	\N	\N	[[-6.192336277398693,106.8226633397669],[-6.192194545570657,106.82252222956556]]
2177	4	loadtest_pppoe_173	3515	-6.192378439505276	106.8224678343788	t	\N	\N	10.10.10.1	10.10.10.174	Profile_LoadTest	2026-06-02 07:53:24.404	2026-06-02 07:53:24.404	\N	\N	\N	\N	\N	[[-6.192336277398693,106.8226633397669],[-6.192378439505276,106.82246783437883]]
2178	4	loadtest_pppoe_174	3516	-6.192523569793543	106.8225931859443	t	\N	\N	10.10.10.1	10.10.10.175	Profile_LoadTest	2026-06-02 07:53:24.404	2026-06-02 07:53:24.404	\N	\N	\N	\N	\N	[[-6.192336277398693,106.8226633397669],[-6.1925235697935435,106.82259318594426]]
2179	4	loadtest_pppoe_175	3517	-6.192496504317729	106.8227830366107	t	\N	\N	10.10.10.1	10.10.10.176	Profile_LoadTest	2026-06-02 07:53:24.404	2026-06-02 07:53:24.404	\N	\N	\N	\N	\N	[[-6.192336277398693,106.8226633397669],[-6.192496504317729,106.8227830366107]]
2180	4	loadtest_pppoe_176	3518	-6.192322126951478	106.822862838551	t	\N	\N	10.10.10.1	10.10.10.177	Profile_LoadTest	2026-06-02 07:53:24.404	2026-06-02 07:53:24.404	\N	\N	\N	\N	\N	[[-6.192336277398693,106.8226633397669],[-6.192322126951478,106.82286283855098]]
2181	4	loadtest_pppoe_177	3519	-6.192160759441138	106.8227592222292	t	\N	\N	10.10.10.1	10.10.10.178	Profile_LoadTest	2026-06-02 07:53:24.404	2026-06-02 07:53:24.404	\N	\N	\N	\N	\N	[[-6.192336277398693,106.8226633397669],[-6.192160759441138,106.8227592222292]]
2182	4	loadtest_pppoe_178	3520	-6.192160762331532	106.8225674520138	t	\N	\N	10.10.10.1	10.10.10.179	Profile_LoadTest	2026-06-02 07:53:24.404	2026-06-02 07:53:24.404	\N	\N	\N	\N	\N	[[-6.192336277398693,106.8226633397669],[-6.1921607623315325,106.82256745201379]]
2183	4	loadtest_pppoe_179	3521	-6.192322132965246	106.8224638405564	t	\N	\N	10.10.10.1	10.10.10.180	Profile_LoadTest	2026-06-02 07:53:24.404	2026-06-02 07:53:24.404	\N	\N	\N	\N	\N	[[-6.192336277398693,106.8226633397669],[-6.192322132965246,106.82246384055638]]
2184	4	loadtest_pppoe_180	3522	-6.19249650792584	106.8225436477531	f	\N	\N	10.10.10.1	10.10.10.181	Profile_LoadTest	2026-06-02 07:53:24.404	2026-06-02 07:53:24.404	\N	\N	\N	\N	\N	[[-6.192336277398693,106.8226633397669],[-6.19249650792584,106.8225436477531]]
2185	4	loadtest_pppoe_181	3529	-6.191622703222282	106.8230618871453	t	\N	\N	10.10.10.1	10.10.10.182	Profile_LoadTest	2026-06-02 07:53:24.404	2026-06-02 07:53:24.404	\N	\N	\N	\N	\N	[[-6.191435412942258,106.8229917276769],[-6.191622703222282,106.82306188714531]]
2186	4	loadtest_pppoe_182	3530	-6.191477569155438	106.8231872343358	t	\N	\N	10.10.10.1	10.10.10.183	Profile_LoadTest	2026-06-02 07:53:24.404	2026-06-02 07:53:24.404	\N	\N	\N	\N	\N	[[-6.191435412942258,106.8229917276769],[-6.191477569155438,106.82318723433583]]
2187	4	loadtest_pppoe_183	3531	-6.19129367686061	106.8231328336058	t	\N	\N	10.10.10.1	10.10.10.184	Profile_LoadTest	2026-06-02 07:53:24.404	2026-06-02 07:53:24.404	\N	\N	\N	\N	\N	[[-6.191435412942258,106.8229917276769],[-6.19129367686061,106.82313283360575]]
2188	4	loadtest_pppoe_184	3532	-6.1912400960656	106.8229487007354	t	\N	\N	10.10.10.1	10.10.10.185	Profile_LoadTest	2026-06-02 07:53:24.404	2026-06-02 07:53:24.404	\N	\N	\N	\N	\N	[[-6.191435412942258,106.8229917276769],[-6.1912400960656,106.82294870073542]]
2189	4	loadtest_pppoe_185	3533	-6.191366088706239	106.8228041266367	t	\N	\N	10.10.10.1	10.10.10.186	Profile_LoadTest	2026-06-02 07:53:24.404	2026-06-02 07:53:24.404	\N	\N	\N	\N	\N	[[-6.191435412942258,106.8229917276769],[-6.191366088706239,106.82280412663665]]
2190	4	loadtest_pppoe_186	3534	-6.191555817729769	106.8228320320691	f	\N	\N	10.10.10.1	10.10.10.187	Profile_LoadTest	2026-06-02 07:53:24.404	2026-06-02 07:53:24.404	\N	\N	\N	\N	\N	[[-6.191435412942258,106.8229917276769],[-6.191555817729769,106.82283203206912]]
2191	4	loadtest_pppoe_187	3535	-6.191634847146937	106.8230067609069	t	\N	\N	10.10.10.1	10.10.10.188	Profile_LoadTest	2026-06-02 07:53:24.404	2026-06-02 07:53:24.404	\N	\N	\N	\N	\N	[[-6.191435412942258,106.8229917276769],[-6.191634847146937,106.82300676090689]]
2192	4	loadtest_pppoe_188	3536	-6.19153051767606	106.8231676682623	t	\N	\N	10.10.10.1	10.10.10.189	Profile_LoadTest	2026-06-02 07:53:24.404	2026-06-02 07:53:24.404	\N	\N	\N	\N	\N	[[-6.191435412942258,106.8229917276769],[-6.19153051767606,106.82316766826234]]
2193	4	loadtest_pppoe_189	3537	-6.191338749351525	106.8231668166549	t	\N	\N	10.10.10.1	10.10.10.190	Profile_LoadTest	2026-06-02 07:53:24.404	2026-06-02 07:53:24.404	\N	\N	\N	\N	\N	[[-6.191435412942258,106.8229917276769],[-6.191338749351525,106.82316681665492]]
2194	4	loadtest_pppoe_190	3538	-6.191235853086522	106.8230049890486	t	\N	\N	10.10.10.1	10.10.10.191	Profile_LoadTest	2026-06-02 07:53:24.404	2026-06-02 07:53:24.404	\N	\N	\N	\N	\N	[[-6.191435412942258,106.8229917276769],[-6.191235853086522,106.82300498904857]]
2195	4	loadtest_pppoe_191	3545	-6.1905533631915	106.8222503464418	t	\N	\N	10.10.10.1	10.10.10.192	Profile_LoadTest	2026-06-02 07:53:24.404	2026-06-02 07:53:24.404	\N	\N	\N	\N	\N	[[-6.190672344901193,106.8224111051205],[-6.1905533631915,106.82225034644185]]
2196	4	loadtest_pppoe_192	3546	-6.190743332572723	106.8222241271793	t	\N	\N	10.10.10.1	10.10.10.193	Profile_LoadTest	2026-06-02 07:53:24.404	2026-06-02 07:53:24.404	\N	\N	\N	\N	\N	[[-6.190672344901193,106.8224111051205],[-6.1907433325727235,106.82222412717931]]
2197	4	loadtest_pppoe_193	3547	-6.190868036216117	106.8223698145736	t	\N	\N	10.10.10.1	10.10.10.194	Profile_LoadTest	2026-06-02 07:53:24.404	2026-06-02 07:53:24.404	\N	\N	\N	\N	\N	[[-6.190672344901193,106.8224111051205],[-6.190868036216117,106.82236981457359]]
2198	4	loadtest_pppoe_194	3548	-6.190812822167047	106.8225534643063	t	\N	\N	10.10.10.1	10.10.10.195	Profile_LoadTest	2026-06-02 07:53:24.404	2026-06-02 07:53:24.404	\N	\N	\N	\N	\N	[[-6.190672344901193,106.8224111051205],[-6.190812822167047,106.82255346430628]]
2199	4	loadtest_pppoe_195	3549	-6.190628453967594	106.8226062296601	t	\N	\N	10.10.10.1	10.10.10.196	Profile_LoadTest	2026-06-02 07:53:24.404	2026-06-02 07:53:24.404	\N	\N	\N	\N	\N	[[-6.190672344901193,106.8224111051205],[-6.190628453967594,106.82260622966008]]
2200	4	loadtest_pppoe_196	3550	-6.190484438890079	106.822479598412	t	\N	\N	10.10.10.1	10.10.10.197	Profile_LoadTest	2026-06-02 07:53:24.404	2026-06-02 07:53:24.404	\N	\N	\N	\N	\N	[[-6.190672344901193,106.8224111051205],[-6.1904844388900795,106.82247959841204]]
2201	4	loadtest_pppoe_197	3551	-6.190513183732609	106.8222899947476	t	\N	\N	10.10.10.1	10.10.10.198	Profile_LoadTest	2026-06-02 07:53:24.404	2026-06-02 07:53:24.404	\N	\N	\N	\N	\N	[[-6.190672344901193,106.8224111051205],[-6.190513183732609,106.82228999474763]]
2202	4	loadtest_pppoe_198	3552	-6.190688260619526	106.8222117394015	f	\N	\N	10.10.10.1	10.10.10.199	Profile_LoadTest	2026-06-02 07:53:24.404	2026-06-02 07:53:24.404	\N	\N	\N	\N	\N	[[-6.190672344901193,106.8224111051205],[-6.190688260619526,106.8222117394015]]
2203	4	loadtest_pppoe_199	3553	-6.190848704668406	106.822316779978	f	\N	\N	10.10.10.1	10.10.10.200	Profile_LoadTest	2026-06-02 07:53:24.404	2026-06-02 07:53:24.404	\N	\N	\N	\N	\N	[[-6.190672344901193,106.8224111051205],[-6.190848704668406,106.822316779978]]
2204	4	loadtest_pppoe_200	3554	-6.190847004360636	106.8225085426555	t	\N	\N	10.10.10.1	10.10.10.201	Profile_LoadTest	2026-06-02 07:53:24.404	2026-06-02 07:53:24.404	\N	\N	\N	\N	\N	[[-6.190672344901193,106.8224111051205],[-6.190847004360636,106.8225085426555]]
2205	4	loadtest_pppoe_201	3561	-6.190082748143351	106.8120904189665	t	\N	\N	10.10.10.1	10.10.10.202	Profile_LoadTest	2026-06-02 07:53:24.404	2026-06-02 07:53:24.404	\N	\N	\N	\N	\N	[[-6.190070370093207,106.8118908023743],[-6.190082748143351,106.81209041896648]]
2206	4	loadtest_pppoe_202	3562	-6.189909086411834	106.8120090714494	t	\N	\N	10.10.10.1	10.10.10.203	Profile_LoadTest	2026-06-02 07:53:24.404	2026-06-02 07:53:24.404	\N	\N	\N	\N	\N	[[-6.190070370093207,106.8118908023743],[-6.189909086411834,106.81200907144938]]
2207	4	loadtest_pppoe_203	3563	-6.189883708153173	106.8118189878901	t	\N	\N	10.10.10.1	10.10.10.204	Profile_LoadTest	2026-06-02 07:53:24.404	2026-06-02 07:53:24.404	\N	\N	\N	\N	\N	[[-6.190070370093207,106.8118908023743],[-6.1898837081531735,106.81181898789008]]
2208	4	loadtest_pppoe_204	3564	-6.190029946021345	106.8116949302364	t	\N	\N	10.10.10.1	10.10.10.205	Profile_LoadTest	2026-06-02 07:53:24.404	2026-06-02 07:53:24.404	\N	\N	\N	\N	\N	[[-6.190070370093207,106.8118908023743],[-6.190029946021345,106.81169493023637]]
2209	4	loadtest_pppoe_205	3565	-6.190213349594761	106.811750956523	t	\N	\N	10.10.10.1	10.10.10.206	Profile_LoadTest	2026-06-02 07:53:24.404	2026-06-02 07:53:24.404	\N	\N	\N	\N	\N	[[-6.190070370093207,106.8118908023743],[-6.190213349594761,106.81175095652296]]
2210	4	loadtest_pppoe_206	3566	-6.190265298473832	106.8119355564403	t	\N	\N	10.10.10.1	10.10.10.207	Profile_LoadTest	2026-06-02 07:53:24.404	2026-06-02 07:53:24.404	\N	\N	\N	\N	\N	[[-6.190070370093207,106.8118908023743],[-6.1902652984738324,106.81193555644033]]
2211	4	loadtest_pppoe_207	3567	-6.190138031098716	106.8120790096758	t	\N	\N	10.10.10.1	10.10.10.208	Profile_LoadTest	2026-06-02 07:53:24.404	2026-06-02 07:53:24.404	\N	\N	\N	\N	\N	[[-6.190070370093207,106.8118908023743],[-6.190138031098716,106.81207900967578]]
2212	4	loadtest_pppoe_208	3568	-6.189948556507169	106.8120494259862	t	\N	\N	10.10.10.1	10.10.10.209	Profile_LoadTest	2026-06-02 07:53:24.404	2026-06-02 07:53:24.404	\N	\N	\N	\N	\N	[[-6.190070370093207,106.8118908023743],[-6.189948556507169,106.8120494259862]]
2213	4	loadtest_pppoe_209	3569	-6.189871076764854	106.8118740044794	t	\N	\N	10.10.10.1	10.10.10.210	Profile_LoadTest	2026-06-02 07:53:24.404	2026-06-02 07:53:24.404	\N	\N	\N	\N	\N	[[-6.190070370093207,106.8118908023743],[-6.189871076764854,106.81187400447936]]
2214	4	loadtest_pppoe_210	3570	-6.189976826389539	106.8117140268797	t	\N	\N	10.10.10.1	10.10.10.211	Profile_LoadTest	2026-06-02 07:53:24.404	2026-06-02 07:53:24.404	\N	\N	\N	\N	\N	[[-6.190070370093207,106.8118908023743],[-6.189976826389539,106.81171402687966]]
2215	4	loadtest_pppoe_211	3577	-6.191014086611804	106.8112643442883	t	\N	\N	10.10.10.1	10.10.10.212	Profile_LoadTest	2026-06-02 07:53:24.404	2026-06-02 07:53:24.404	\N	\N	\N	\N	\N	[[-6.190915877041034,106.8114385708081],[-6.191014086611804,106.81126434428828]]
2216	4	loadtest_pppoe_212	3578	-6.191115546459793	106.8114270763219	f	\N	\N	10.10.10.1	10.10.10.213	Profile_LoadTest	2026-06-02 07:53:24.404	2026-06-02 07:53:24.404	\N	\N	\N	\N	\N	[[-6.190915877041034,106.8114385708081],[-6.191115546459793,106.81142707632192]]
2217	4	loadtest_pppoe_213	3579	-6.191033431164998	106.8116003763331	t	\N	\N	10.10.10.1	10.10.10.214	Profile_LoadTest	2026-06-02 07:53:24.404	2026-06-02 07:53:24.404	\N	\N	\N	\N	\N	[[-6.190915877041034,106.8114385708081],[-6.191033431164998,106.81160037633315]]
2218	4	loadtest_pppoe_214	3580	-6.190843237150759	106.8116249130908	t	\N	\N	10.10.10.1	10.10.10.215	Profile_LoadTest	2026-06-02 07:53:24.404	2026-06-02 07:53:24.404	\N	\N	\N	\N	\N	[[-6.190915877041034,106.8114385708081],[-6.190843237150759,106.81162491309084]]
2219	4	loadtest_pppoe_215	3581	-6.190719827916642	106.8114781276131	t	\N	\N	10.10.10.1	10.10.10.216	Profile_LoadTest	2026-06-02 07:53:24.404	2026-06-02 07:53:24.404	\N	\N	\N	\N	\N	[[-6.190915877041034,106.8114385708081],[-6.190719827916642,106.81147812761314]]
2220	4	loadtest_pppoe_216	3582	-6.190776665343365	106.8112949737913	f	\N	\N	10.10.10.1	10.10.10.217	Profile_LoadTest	2026-06-02 07:53:24.404	2026-06-02 07:53:24.404	\N	\N	\N	\N	\N	[[-6.190915877041034,106.8114385708081],[-6.190776665343365,106.8112949737913]]
2221	4	loadtest_pppoe_217	3583	-6.190961493362916	106.8112438424045	t	\N	\N	10.10.10.1	10.10.10.218	Profile_LoadTest	2026-06-02 07:53:24.404	2026-06-02 07:53:24.404	\N	\N	\N	\N	\N	[[-6.190915877041034,106.8114385708081],[-6.1909614933629165,106.81124384240447]]
2222	4	loadtest_pppoe_218	3584	-6.191104381946499	106.8113717434139	t	\N	\N	10.10.10.1	10.10.10.219	Profile_LoadTest	2026-06-02 07:53:24.404	2026-06-02 07:53:24.404	\N	\N	\N	\N	\N	[[-6.190915877041034,106.8114385708081],[-6.1911043819464995,106.8113717434139]]
2223	4	loadtest_pppoe_219	3585	-6.191073959989333	106.8115610852214	t	\N	\N	10.10.10.1	10.10.10.220	Profile_LoadTest	2026-06-02 07:53:24.404	2026-06-02 07:53:24.404	\N	\N	\N	\N	\N	[[-6.190915877041034,106.8114385708081],[-6.191073959989333,106.81156108522136]]
2224	4	loadtest_pppoe_220	3586	-6.190898197298536	106.8116377878423	t	\N	\N	10.10.10.1	10.10.10.221	Profile_LoadTest	2026-06-02 07:53:24.404	2026-06-02 07:53:24.404	\N	\N	\N	\N	\N	[[-6.190915877041034,106.8114385708081],[-6.190898197298536,106.81163778784227]]
2225	4	loadtest_pppoe_221	3593	-6.191576058376342	106.8119984590468	t	\N	\N	10.10.10.1	10.10.10.222	Profile_LoadTest	2026-06-02 07:53:24.404	2026-06-02 07:53:24.404	\N	\N	\N	\N	\N	[[-6.191753246135918,106.8119056986142],[-6.191576058376342,106.8119984590468]]
2226	4	loadtest_pppoe_222	3594	-6.191579455968275	106.8118067189313	f	\N	\N	10.10.10.1	10.10.10.223	Profile_LoadTest	2026-06-02 07:53:24.404	2026-06-02 07:53:24.404	\N	\N	\N	\N	\N	[[-6.191753246135918,106.8119056986142],[-6.191579455968275,106.81180671893128]]
2227	4	loadtest_pppoe_223	3595	-6.191742635438864	106.8117059802798	t	\N	\N	10.10.10.1	10.10.10.224	Profile_LoadTest	2026-06-02 07:53:24.404	2026-06-02 07:53:24.404	\N	\N	\N	\N	\N	[[-6.191753246135918,106.8119056986142],[-6.191742635438864,106.81170598027977]]
2228	4	loadtest_pppoe_224	3596	-6.191915570335391	106.8117888617439	t	\N	\N	10.10.10.1	10.10.10.225	Profile_LoadTest	2026-06-02 07:53:24.404	2026-06-02 07:53:24.404	\N	\N	\N	\N	\N	[[-6.191753246135918,106.8119056986142],[-6.191915570335391,106.81178886174388]]
2229	4	loadtest_pppoe_225	3597	-6.191939265111519	106.8119791624877	t	\N	\N	10.10.10.1	10.10.10.226	Profile_LoadTest	2026-06-02 07:53:24.404	2026-06-02 07:53:24.404	\N	\N	\N	\N	\N	[[-6.191753246135918,106.8119056986142],[-6.191939265111519,106.81197916248775]]
2230	4	loadtest_pppoe_226	3598	-6.19179193489935	106.8121019208851	t	\N	\N	10.10.10.1	10.10.10.227	Profile_LoadTest	2026-06-02 07:53:24.404	2026-06-02 07:53:24.404	\N	\N	\N	\N	\N	[[-6.191753246135918,106.8119056986142],[-6.19179193489935,106.81210192088507]]
2231	4	loadtest_pppoe_227	3599	-6.191609034416504	106.8120442734315	t	\N	\N	10.10.10.1	10.10.10.228	Profile_LoadTest	2026-06-02 07:53:24.404	2026-06-02 07:53:24.404	\N	\N	\N	\N	\N	[[-6.191753246135918,106.8119056986142],[-6.191609034416504,106.81204427343147]]
2232	4	loadtest_pppoe_228	3600	-6.191558721523421	106.8118592209299	f	\N	\N	10.10.10.1	10.10.10.229	Profile_LoadTest	2026-06-02 07:53:24.404	2026-06-02 07:53:24.404	\N	\N	\N	\N	\N	[[-6.191753246135918,106.8119056986142],[-6.191558721523421,106.81185922092995]]
2233	4	loadtest_pppoe_229	3601	-6.191687253661971	106.811716899797	t	\N	\N	10.10.10.1	10.10.10.230	Profile_LoadTest	2026-06-02 07:53:24.404	2026-06-02 07:53:24.404	\N	\N	\N	\N	\N	[[-6.191753246135918,106.8119056986142],[-6.191687253661971,106.81171689979698]]
2234	4	loadtest_pppoe_230	3602	-6.191876458976729	106.8117481594259	f	\N	\N	10.10.10.1	10.10.10.231	Profile_LoadTest	2026-06-02 07:53:24.404	2026-06-02 07:53:24.404	\N	\N	\N	\N	\N	[[-6.191753246135918,106.8119056986142],[-6.191876458976729,106.81174815942587]]
2235	4	loadtest_pppoe_231	3609	-6.192011740931702	106.8128812718856	t	\N	\N	10.10.10.1	10.10.10.232	Profile_LoadTest	2026-06-02 07:53:24.404	2026-06-02 07:53:24.404	\N	\N	\N	\N	\N	[[-6.19181260409375,106.8128627106418],[-6.192011740931702,106.81288127188557]]
2236	4	loadtest_pppoe_232	3610	-6.191904579438396	106.8130403071957	t	\N	\N	10.10.10.1	10.10.10.233	Profile_LoadTest	2026-06-02 07:53:24.404	2026-06-02 07:53:24.404	\N	\N	\N	\N	\N	[[-6.19181260409375,106.8128627106418],[-6.191904579438396,106.81304030719575]]
2237	4	loadtest_pppoe_233	3611	-6.191712856237389	106.8130360610533	t	\N	\N	10.10.10.1	10.10.10.234	Profile_LoadTest	2026-06-02 07:53:24.404	2026-06-02 07:53:24.404	\N	\N	\N	\N	\N	[[-6.19181260409375,106.8128627106418],[-6.191712856237389,106.81303606105325]]
2238	4	loadtest_pppoe_234	3612	-6.191612840755509	106.8128724373419	t	\N	\N	10.10.10.1	10.10.10.235	Profile_LoadTest	2026-06-02 07:53:24.404	2026-06-02 07:53:24.404	\N	\N	\N	\N	\N	[[-6.19181260409375,106.8128627106418],[-6.191612840755509,106.81287243734191]]
2239	4	loadtest_pppoe_235	3613	-6.191696486765552	106.8126998709473	f	\N	\N	10.10.10.1	10.10.10.236	Profile_LoadTest	2026-06-02 07:53:24.404	2026-06-02 07:53:24.404	\N	\N	\N	\N	\N	[[-6.19181260409375,106.8128627106418],[-6.191696486765552,106.81269987094734]]
2240	4	loadtest_pppoe_236	3614	-6.191886890511637	106.8126770186169	t	\N	\N	10.10.10.1	10.10.10.237	Profile_LoadTest	2026-06-02 07:53:24.404	2026-06-02 07:53:24.404	\N	\N	\N	\N	\N	[[-6.19181260409375,106.8128627106418],[-6.191886890511637,106.81267701861688]]
2241	4	loadtest_pppoe_237	3615	-6.192008995667706	106.8128248906778	t	\N	\N	10.10.10.1	10.10.10.238	Profile_LoadTest	2026-06-02 07:53:24.404	2026-06-02 07:53:24.404	\N	\N	\N	\N	\N	[[-6.19181260409375,106.8128627106418],[-6.192008995667706,106.81282489067777]]
2242	4	loadtest_pppoe_238	3616	-6.191950539316386	106.8130075342392	t	\N	\N	10.10.10.1	10.10.10.239	Profile_LoadTest	2026-06-02 07:53:24.404	2026-06-02 07:53:24.404	\N	\N	\N	\N	\N	[[-6.19181260409375,106.8128627106418],[-6.191950539316386,106.81300753423916]]
2243	4	loadtest_pppoe_239	3617	-6.191765265957494	106.813057027653	t	\N	\N	10.10.10.1	10.10.10.240	Profile_LoadTest	2026-06-02 07:53:24.404	2026-06-02 07:53:24.404	\N	\N	\N	\N	\N	[[-6.19181260409375,106.8128627106418],[-6.191765265957494,106.81305702765303]]
2244	4	loadtest_pppoe_240	3618	-6.191623515062766	106.8129278669029	t	\N	\N	10.10.10.1	10.10.10.241	Profile_LoadTest	2026-06-02 07:53:24.404	2026-06-02 07:53:24.404	\N	\N	\N	\N	\N	[[-6.19181260409375,106.8128627106418],[-6.191623515062766,106.8129278669029]]
2245	4	loadtest_pppoe_241	3625	-6.190882385139186	106.8133058255914	t	\N	\N	10.10.10.1	10.10.10.242	Profile_LoadTest	2026-06-02 07:53:24.404	2026-06-02 07:53:24.404	\N	\N	\N	\N	\N	[[-6.191039377481841,106.8134297344464],[-6.190882385139186,106.8133058255914]]
2246	4	loadtest_pppoe_242	3626	-6.191058819863345	106.8132306817052	t	\N	\N	10.10.10.1	10.10.10.243	Profile_LoadTest	2026-06-02 07:53:24.404	2026-06-02 07:53:24.404	\N	\N	\N	\N	\N	[[-6.191039377481841,106.8134297344464],[-6.191058819863345,106.81323068170515]]
2247	4	loadtest_pppoe_243	3627	-6.191217379351612	106.8133385459912	f	\N	\N	10.10.10.1	10.10.10.244	Profile_LoadTest	2026-06-02 07:53:24.404	2026-06-02 07:53:24.404	\N	\N	\N	\N	\N	[[-6.191039377481841,106.8134297344464],[-6.191217379351612,106.81333854599123]]
2248	4	loadtest_pppoe_244	3628	-6.19121228474171	106.8135302485225	t	\N	\N	10.10.10.1	10.10.10.245	Profile_LoadTest	2026-06-02 07:53:24.404	2026-06-02 07:53:24.404	\N	\N	\N	\N	\N	[[-6.191039377481841,106.8134297344464],[-6.19121228474171,106.81353024852245]]
2249	4	loadtest_pppoe_245	3629	-6.191048219994487	106.8136295388757	t	\N	\N	10.10.10.1	10.10.10.246	Profile_LoadTest	2026-06-02 07:53:24.404	2026-06-02 07:53:24.404	\N	\N	\N	\N	\N	[[-6.191039377481841,106.8134297344464],[-6.191048219994487,106.8136295388757]]
2250	4	loadtest_pppoe_246	3630	-6.190876025481916	106.8135451299581	t	\N	\N	10.10.10.1	10.10.10.247	Profile_LoadTest	2026-06-02 07:53:24.404	2026-06-02 07:53:24.404	\N	\N	\N	\N	\N	[[-6.191039377481841,106.8134297344464],[-6.190876025481916,106.8135451299581]]
2251	4	loadtest_pppoe_247	3631	-6.190854016044741	106.8133546269392	f	\N	\N	10.10.10.1	10.10.10.248	Profile_LoadTest	2026-06-02 07:53:24.404	2026-06-02 07:53:24.404	\N	\N	\N	\N	\N	[[-6.191039377481841,106.8134297344464],[-6.1908540160447405,106.81335462693922]]
2252	4	loadtest_pppoe_248	3632	-6.191002427057997	106.8132331774161	t	\N	\N	10.10.10.1	10.10.10.249	Profile_LoadTest	2026-06-02 07:53:24.404	2026-06-02 07:53:24.404	\N	\N	\N	\N	\N	[[-6.191039377481841,106.8134297344464],[-6.191002427057997,106.81323317741605]]
2253	4	loadtest_pppoe_249	3633	-6.19118481012053	106.8132924415201	t	\N	\N	10.10.10.1	10.10.10.250	Profile_LoadTest	2026-06-02 07:53:24.404	2026-06-02 07:53:24.404	\N	\N	\N	\N	\N	[[-6.191039377481841,106.8134297344464],[-6.1911848101205305,106.81329244152013]]
2254	4	loadtest_pppoe_250	3634	-6.19123348308575	106.8134779321075	t	\N	\N	10.10.10.1	10.10.10.251	Profile_LoadTest	2026-06-02 07:53:24.404	2026-06-02 07:53:24.404	\N	\N	\N	\N	\N	[[-6.191039377481841,106.8134297344464],[-6.19123348308575,106.81347793210746]]
2255	4	loadtest_pppoe_251	3641	-6.190208786053323	106.8132748264979	t	\N	\N	10.10.10.1	10.10.10.252	Profile_LoadTest	2026-06-02 07:53:24.404	2026-06-02 07:53:24.404	\N	\N	\N	\N	\N	[[-6.190144467281264,106.8130854509568],[-6.190208786053323,106.81327482649789]]
2256	4	loadtest_pppoe_252	3642	-6.190019864839064	106.8132418933788	t	\N	\N	10.10.10.1	10.10.10.253	Profile_LoadTest	2026-06-02 07:53:24.404	2026-06-02 07:53:24.404	\N	\N	\N	\N	\N	[[-6.190144467281264,106.8130854509568],[-6.190019864839064,106.81324189337879]]
2257	4	loadtest_pppoe_253	3643	-6.18994550253553	106.8130651278184	f	\N	\N	10.10.10.1	10.10.10.254	Profile_LoadTest	2026-06-02 07:53:24.404	2026-06-02 07:53:24.404	\N	\N	\N	\N	\N	[[-6.190144467281264,106.8130854509568],[-6.18994550253553,106.81306512781839]]
2258	4	loadtest_pppoe_254	3644	-6.190054067501652	106.8129070472577	t	\N	\N	10.10.10.2	10.10.10.1	Profile_LoadTest	2026-06-02 07:53:24.404	2026-06-02 07:53:24.404	\N	\N	\N	\N	\N	[[-6.190144467281264,106.8130854509568],[-6.190054067501652,106.81290704725772]]
2259	4	loadtest_pppoe_255	3645	-6.190245745608249	106.8129129902352	t	\N	\N	10.10.10.2	10.10.10.2	Profile_LoadTest	2026-06-02 07:53:24.404	2026-06-02 07:53:24.404	\N	\N	\N	\N	\N	[[-6.190144467281264,106.8130854509568],[-6.190245745608249,106.81291299023523]]
2260	4	loadtest_pppoe_256	3646	-6.190344308888086	106.8130774928048	t	\N	\N	10.10.10.2	10.10.10.3	Profile_LoadTest	2026-06-02 07:53:24.404	2026-06-02 07:53:24.404	\N	\N	\N	\N	\N	[[-6.190144467281264,106.8130854509568],[-6.190344308888086,106.81307749280482]]
2261	4	loadtest_pppoe_257	3647	-6.190259138716227	106.8132493120626	t	\N	\N	10.10.10.2	10.10.10.4	Profile_LoadTest	2026-06-02 07:53:24.404	2026-06-02 07:53:24.404	\N	\N	\N	\N	\N	[[-6.190144467281264,106.8130854509568],[-6.190259138716227,106.81324931206264]]
2262	4	loadtest_pppoe_258	3648	-6.190068540155899	106.8132704781754	f	\N	\N	10.10.10.2	10.10.10.5	Profile_LoadTest	2026-06-02 07:53:24.404	2026-06-02 07:53:24.404	\N	\N	\N	\N	\N	[[-6.190144467281264,106.8130854509568],[-6.190068540155899,106.81327047817544]]
2263	4	loadtest_pppoe_259	3649	-6.189947748644475	106.8131215311167	t	\N	\N	10.10.10.2	10.10.10.6	Profile_LoadTest	2026-06-02 07:53:24.404	2026-06-02 07:53:24.404	\N	\N	\N	\N	\N	[[-6.190144467281264,106.8130854509568],[-6.189947748644475,106.81312153111672]]
2264	4	loadtest_pppoe_260	3650	-6.190007819340502	106.8129394121254	t	\N	\N	10.10.10.2	10.10.10.7	Profile_LoadTest	2026-06-02 07:53:24.404	2026-06-02 07:53:24.404	\N	\N	\N	\N	\N	[[-6.190144467281264,106.8130854509568],[-6.190007819340502,106.81293941212537]]
2265	4	loadtest_pppoe_261	3657	-6.189999706045155	106.8119525024311	t	\N	\N	10.10.10.2	10.10.10.8	Profile_LoadTest	2026-06-02 07:53:24.404	2026-06-02 07:53:24.404	\N	\N	\N	\N	\N	[[-6.189950649803339,106.8121463928258],[-6.189999706045155,106.81195250243114]]
2266	4	loadtest_pppoe_262	3658	-6.190140308145243	106.8120829128026	t	\N	\N	10.10.10.2	10.10.10.9	Profile_LoadTest	2026-06-02 07:53:24.404	2026-06-02 07:53:24.404	\N	\N	\N	\N	\N	[[-6.189950649803339,106.8121463928258],[-6.190140308145243,106.8120829128026]]
2267	4	loadtest_pppoe_263	3659	-6.190106539240438	106.8122716864146	t	\N	\N	10.10.10.2	10.10.10.10	Profile_LoadTest	2026-06-02 07:53:24.404	2026-06-02 07:53:24.404	\N	\N	\N	\N	\N	[[-6.189950649803339,106.8121463928258],[-6.190106539240438,106.81227168641462]]
2268	4	loadtest_pppoe_264	3660	-6.189929446306086	106.8123452656789	t	\N	\N	10.10.10.2	10.10.10.11	Profile_LoadTest	2026-06-02 07:53:24.404	2026-06-02 07:53:24.404	\N	\N	\N	\N	\N	[[-6.189950649803339,106.8121463928258],[-6.189929446306086,106.8123452656789]]
2269	4	loadtest_pppoe_265	3661	-6.189771847769322	106.8122360021592	t	\N	\N	10.10.10.2	10.10.10.12	Profile_LoadTest	2026-06-02 07:53:24.404	2026-06-02 07:53:24.404	\N	\N	\N	\N	\N	[[-6.189950649803339,106.8121463928258],[-6.189771847769322,106.8122360021592]]
2270	4	loadtest_pppoe_266	3662	-6.189778638998046	106.8120443522316	f	\N	\N	10.10.10.2	10.10.10.13	Profile_LoadTest	2026-06-02 07:53:24.404	2026-06-02 07:53:24.404	\N	\N	\N	\N	\N	[[-6.189950649803339,106.8121463928258],[-6.189778638998046,106.81204435223161]]
2271	4	loadtest_pppoe_267	3663	-6.189943576167887	106.8119465179557	t	\N	\N	10.10.10.2	10.10.10.14	Profile_LoadTest	2026-06-02 07:53:24.404	2026-06-02 07:53:24.404	\N	\N	\N	\N	\N	[[-6.189950649803339,106.8121463928258],[-6.189943576167887,106.81194651795573]]
2272	4	loadtest_pppoe_268	3664	-6.190115016805541	106.8120324477136	t	\N	\N	10.10.10.2	10.10.10.15	Profile_LoadTest	2026-06-02 07:53:24.404	2026-06-02 07:53:24.404	\N	\N	\N	\N	\N	[[-6.189950649803339,106.8121463928258],[-6.190115016805541,106.81203244771363]]
2273	4	loadtest_pppoe_269	3665	-6.190135339179387	106.8122231380822	t	\N	\N	10.10.10.2	10.10.10.16	Profile_LoadTest	2026-06-02 07:53:24.404	2026-06-02 07:53:24.404	\N	\N	\N	\N	\N	[[-6.189950649803339,106.8121463928258],[-6.190135339179387,106.81222313808216]]
2274	4	loadtest_pppoe_270	3666	-6.189985858992633	106.8123432692159	t	\N	\N	10.10.10.2	10.10.10.17	Profile_LoadTest	2026-06-02 07:53:24.404	2026-06-02 07:53:24.404	\N	\N	\N	\N	\N	[[-6.189950649803339,106.8121463928258],[-6.189985858992633,106.81234326921592]]
2275	4	loadtest_pppoe_271	3673	-6.190489477779713	106.811611926047	t	\N	\N	10.10.10.2	10.10.10.18	Profile_LoadTest	2026-06-02 07:53:24.404	2026-06-02 07:53:24.404	\N	\N	\N	\N	\N	[[-6.190636119943435,106.8114759257682],[-6.190489477779713,106.81161192604695]]
2276	4	loadtest_pppoe_272	3674	-6.190442448555748	106.8114260119065	t	\N	\N	10.10.10.2	10.10.10.19	Profile_LoadTest	2026-06-02 07:53:24.404	2026-06-02 07:53:24.404	\N	\N	\N	\N	\N	[[-6.190636119943435,106.8114759257682],[-6.190442448555748,106.81142601190649]]
2277	4	loadtest_pppoe_273	3675	-6.190573479912461	106.8112859883403	t	\N	\N	10.10.10.2	10.10.10.20	Profile_LoadTest	2026-06-02 07:53:24.404	2026-06-02 07:53:24.404	\N	\N	\N	\N	\N	[[-6.190636119943435,106.8114759257682],[-6.190573479912461,106.8112859883403]]
2278	4	loadtest_pppoe_274	3676	-6.190762102224772	106.8113205923694	t	\N	\N	10.10.10.2	10.10.10.21	Profile_LoadTest	2026-06-02 07:53:24.404	2026-06-02 07:53:24.404	\N	\N	\N	\N	\N	[[-6.190636119943435,106.8114759257682],[-6.190762102224772,106.81132059236938]]
2279	4	loadtest_pppoe_275	3677	-6.190834897008619	106.811498009209	t	\N	\N	10.10.10.2	10.10.10.22	Profile_LoadTest	2026-06-02 07:53:24.404	2026-06-02 07:53:24.404	\N	\N	\N	\N	\N	[[-6.190636119943435,106.8114759257682],[-6.190834897008619,106.81149800920899]]
2280	4	loadtest_pppoe_276	3678	-6.190724937075443	106.811655122635	t	\N	\N	10.10.10.2	10.10.10.23	Profile_LoadTest	2026-06-02 07:53:24.404	2026-06-02 07:53:24.404	\N	\N	\N	\N	\N	[[-6.190636119943435,106.8114759257682],[-6.190724937075443,106.81165512263499]]
2281	4	loadtest_pppoe_277	3679	-6.190533319080701	106.8116474832881	t	\N	\N	10.10.10.2	10.10.10.24	Profile_LoadTest	2026-06-02 07:53:24.404	2026-06-02 07:53:24.404	\N	\N	\N	\N	\N	[[-6.190636119943435,106.8114759257682],[-6.190533319080701,106.81164748328807]]
2282	4	loadtest_pppoe_278	3680	-6.190436215725065	106.8114821147486	t	\N	\N	10.10.10.2	10.10.10.25	Profile_LoadTest	2026-06-02 07:53:24.404	2026-06-02 07:53:24.404	\N	\N	\N	\N	\N	[[-6.190636119943435,106.8114759257682],[-6.190436215725065,106.81148211474857]]
2283	4	loadtest_pppoe_279	3681	-6.190522903385894	106.8113110560891	t	\N	\N	10.10.10.2	10.10.10.26	Profile_LoadTest	2026-06-02 07:53:24.404	2026-06-02 07:53:24.404	\N	\N	\N	\N	\N	[[-6.190636119943435,106.8114759257682],[-6.190522903385894,106.81131105608907]]
2284	4	loadtest_pppoe_280	3682	-6.190713681827601	106.8112915778522	t	\N	\N	10.10.10.2	10.10.10.27	Profile_LoadTest	2026-06-02 07:53:24.404	2026-06-02 07:53:24.404	\N	\N	\N	\N	\N	[[-6.190636119943435,106.8114759257682],[-6.190713681827601,106.81129157785223]]
2285	4	loadtest_pppoe_281	3689	-6.191767689903222	106.8116561365758	f	\N	\N	10.10.10.2	10.10.10.28	Profile_LoadTest	2026-06-02 07:53:24.404	2026-06-02 07:53:24.404	\N	\N	\N	\N	\N	[[-6.191570659615956,106.8116904741048],[-6.191767689903222,106.81165613657576]]
2286	4	loadtest_pppoe_282	3690	-6.191706009568861	106.8118377167285	t	\N	\N	10.10.10.2	10.10.10.29	Profile_LoadTest	2026-06-02 07:53:24.404	2026-06-02 07:53:24.404	\N	\N	\N	\N	\N	[[-6.191570659615956,106.8116904741048],[-6.191706009568861,106.81183771672855]]
2287	4	loadtest_pppoe_283	3691	-6.191519889111998	106.8118839226921	t	\N	\N	10.10.10.2	10.10.10.30	Profile_LoadTest	2026-06-02 07:53:24.404	2026-06-02 07:53:24.404	\N	\N	\N	\N	\N	[[-6.191570659615956,106.8116904741048],[-6.191519889111998,106.81188392269209]]
2288	4	loadtest_pppoe_284	3692	-6.191380446822333	106.8117522729166	t	\N	\N	10.10.10.2	10.10.10.31	Profile_LoadTest	2026-06-02 07:53:24.404	2026-06-02 07:53:24.404	\N	\N	\N	\N	\N	[[-6.191570659615956,106.8116904741048],[-6.1913804468223335,106.8117522729166]]
2289	4	loadtest_pppoe_285	3693	-6.191415885297914	106.8115638055986	t	\N	\N	10.10.10.2	10.10.10.32	Profile_LoadTest	2026-06-02 07:53:24.404	2026-06-02 07:53:24.404	\N	\N	\N	\N	\N	[[-6.191570659615956,106.8116904741048],[-6.191415885297914,106.81156380559855]]
2290	4	loadtest_pppoe_286	3694	-6.191593622567725	106.811491796721	t	\N	\N	10.10.10.2	10.10.10.33	Profile_LoadTest	2026-06-02 07:53:24.404	2026-06-02 07:53:24.404	\N	\N	\N	\N	\N	[[-6.191570659615956,106.8116904741048],[-6.191593622567725,106.81149179672096]]
2291	4	loadtest_pppoe_287	3695	-6.191750247805578	106.8116024509138	t	\N	\N	10.10.10.2	10.10.10.34	Profile_LoadTest	2026-06-02 07:53:24.404	2026-06-02 07:53:24.404	\N	\N	\N	\N	\N	[[-6.191570659615956,106.8116904741048],[-6.191750247805578,106.81160245091382]]
2292	4	loadtest_pppoe_288	3696	-6.191741760490106	106.8117940332225	t	\N	\N	10.10.10.2	10.10.10.35	Profile_LoadTest	2026-06-02 07:53:24.404	2026-06-02 07:53:24.404	\N	\N	\N	\N	\N	[[-6.191570659615956,106.8116904741048],[-6.191741760490106,106.81179403322253]]
2293	4	loadtest_pppoe_289	3697	-6.191575963820013	106.811890403756	t	\N	\N	10.10.10.2	10.10.10.36	Profile_LoadTest	2026-06-02 07:53:24.404	2026-06-02 07:53:24.404	\N	\N	\N	\N	\N	[[-6.191570659615956,106.8116904741048],[-6.191575963820013,106.81189040375597]]
2294	4	loadtest_pppoe_290	3698	-6.191405290489172	106.8118029598901	t	\N	\N	10.10.10.2	10.10.10.37	Profile_LoadTest	2026-06-02 07:53:24.404	2026-06-02 07:53:24.404	\N	\N	\N	\N	\N	[[-6.191570659615956,106.8116904741048],[-6.191405290489172,106.81180295989014]]
2295	4	loadtest_pppoe_291	3705	-6.191711054510737	106.8125144060916	t	\N	\N	10.10.10.2	10.10.10.38	Profile_LoadTest	2026-06-02 07:53:24.404	2026-06-02 07:53:24.404	\N	\N	\N	\N	\N	[[-6.191895057355836,106.8125927830844],[-6.191711054510737,106.81251440609162]]
2296	4	loadtest_pppoe_292	3706	-6.191861592159634	106.8123956027592	f	\N	\N	10.10.10.2	10.10.10.39	Profile_LoadTest	2026-06-02 07:53:24.404	2026-06-02 07:53:24.404	\N	\N	\N	\N	\N	[[-6.191895057355836,106.8125927830844],[-6.191861592159634,106.81239560275921]]
2297	4	loadtest_pppoe_293	3707	-6.192042897555586	106.8124580861084	t	\N	\N	10.10.10.2	10.10.10.40	Profile_LoadTest	2026-06-02 07:53:24.404	2026-06-02 07:53:24.404	\N	\N	\N	\N	\N	[[-6.191895057355836,106.8125927830844],[-6.192042897555586,106.81245808610842]]
2298	4	loadtest_pppoe_294	3708	-6.192088279353689	106.8126444092362	t	\N	\N	10.10.10.2	10.10.10.41	Profile_LoadTest	2026-06-02 07:53:24.404	2026-06-02 07:53:24.404	\N	\N	\N	\N	\N	[[-6.191895057355836,106.8125927830844],[-6.192088279353689,106.81264440923616]]
2299	4	loadtest_pppoe_295	3709	-6.191956013738054	106.8127832675181	t	\N	\N	10.10.10.2	10.10.10.42	Profile_LoadTest	2026-06-02 07:53:24.404	2026-06-02 07:53:24.404	\N	\N	\N	\N	\N	[[-6.191895057355836,106.8125927830844],[-6.1919560137380545,106.81278326751806]]
2300	4	loadtest_pppoe_296	3710	-6.191767705105724	106.8127469952901	f	\N	\N	10.10.10.2	10.10.10.43	Profile_LoadTest	2026-06-02 07:53:24.404	2026-06-02 07:53:24.404	\N	\N	\N	\N	\N	[[-6.191895057355836,106.8125927830844],[-6.191767705105724,106.81274699529011]]
2301	4	loadtest_pppoe_297	3711	-6.191696483544831	106.8125689410714	t	\N	\N	10.10.10.2	10.10.10.44	Profile_LoadTest	2026-06-02 07:53:24.404	2026-06-02 07:53:24.404	\N	\N	\N	\N	\N	[[-6.191895057355836,106.8125927830844],[-6.191696483544831,106.81256894107142]]
2302	4	loadtest_pppoe_298	3712	-6.191807829830007	106.8124128070895	t	\N	\N	10.10.10.2	10.10.10.45	Profile_LoadTest	2026-06-02 07:53:24.404	2026-06-02 07:53:24.404	\N	\N	\N	\N	\N	[[-6.191895057355836,106.8125927830844],[-6.191807829830007,106.8124128070895]]
2303	4	loadtest_pppoe_299	3713	-6.19199937270016	106.8124221422073	f	\N	\N	10.10.10.2	10.10.10.46	Profile_LoadTest	2026-06-02 07:53:24.404	2026-06-02 07:53:24.404	\N	\N	\N	\N	\N	[[-6.191895057355836,106.8125927830844],[-6.19199937270016,106.8124221422073]]
2304	4	loadtest_pppoe_300	3714	-6.192095008523816	106.8125883637605	t	\N	\N	10.10.10.2	10.10.10.47	Profile_LoadTest	2026-06-02 07:53:24.404	2026-06-02 07:53:24.404	\N	\N	\N	\N	\N	[[-6.191895057355836,106.8125927830844],[-6.1920950085238164,106.81258836376054]]
2305	4	loadtest_pppoe_301	3721	-6.199104590374643	106.8077806827272	t	\N	\N	10.10.10.2	10.10.10.48	Profile_LoadTest	2026-06-02 07:53:24.404	2026-06-02 07:53:24.404	\N	\N	\N	\N	\N	[[-6.198992837564725,106.8076148173918],[-6.199104590374643,106.80778068272716]]
2306	4	loadtest_pppoe_302	3722	-6.198913646998516	106.807798471562	t	\N	\N	10.10.10.2	10.10.10.49	Profile_LoadTest	2026-06-02 07:53:24.404	2026-06-02 07:53:24.404	\N	\N	\N	\N	\N	[[-6.198992837564725,106.8076148173918],[-6.198913646998516,106.80779847156197]]
2307	4	loadtest_pppoe_303	3723	-6.198795511063756	106.8076474095997	t	\N	\N	10.10.10.2	10.10.10.50	Profile_LoadTest	2026-06-02 07:53:24.404	2026-06-02 07:53:24.404	\N	\N	\N	\N	\N	[[-6.198992837564725,106.8076148173918],[-6.198795511063756,106.80764740959968]]
2308	4	loadtest_pppoe_304	3724	-6.198858796203969	106.8074663825118	t	\N	\N	10.10.10.2	10.10.10.51	Profile_LoadTest	2026-06-02 07:53:24.404	2026-06-02 07:53:24.404	\N	\N	\N	\N	\N	[[-6.198992837564725,106.8076148173918],[-6.198858796203969,106.80746638251178]]
2309	4	loadtest_pppoe_305	3725	-6.199045318353097	106.807421825768	t	\N	\N	10.10.10.2	10.10.10.52	Profile_LoadTest	2026-06-02 07:53:24.404	2026-06-02 07:53:24.404	\N	\N	\N	\N	\N	[[-6.198992837564725,106.8076148173918],[-6.199045318353097,106.807421825768]]
2310	4	loadtest_pppoe_306	3726	-6.199183589907424	106.8075547046331	t	\N	\N	10.10.10.2	10.10.10.53	Profile_LoadTest	2026-06-02 07:53:24.404	2026-06-02 07:53:24.404	\N	\N	\N	\N	\N	[[-6.198992837564725,106.8076148173918],[-6.199183589907424,106.80755470463312]]
2311	4	loadtest_pppoe_307	3727	-6.199146484637573	106.8077428508913	f	\N	\N	10.10.10.2	10.10.10.54	Profile_LoadTest	2026-06-02 07:53:24.404	2026-06-02 07:53:24.404	\N	\N	\N	\N	\N	[[-6.198992837564725,106.8076148173918],[-6.199146484637573,106.80774285089134]]
2312	4	loadtest_pppoe_308	3728	-6.198968116957524	106.8078132837405	f	\N	\N	10.10.10.2	10.10.10.55	Profile_LoadTest	2026-06-02 07:53:24.404	2026-06-02 07:53:24.404	\N	\N	\N	\N	\N	[[-6.198992837564725,106.8076148173918],[-6.198968116957524,106.80781328374053]]
2313	4	loadtest_pppoe_309	3729	-6.198812477289732	106.807701247544	t	\N	\N	10.10.10.2	10.10.10.56	Profile_LoadTest	2026-06-02 07:53:24.404	2026-06-02 07:53:24.404	\N	\N	\N	\N	\N	[[-6.198992837564725,106.8076148173918],[-6.198812477289732,106.80770124754396]]
2314	4	loadtest_pppoe_310	3730	-6.198822660026994	106.8075097478641	t	\N	\N	10.10.10.2	10.10.10.57	Profile_LoadTest	2026-06-02 07:53:24.404	2026-06-02 07:53:24.404	\N	\N	\N	\N	\N	[[-6.198992837564725,106.8076148173918],[-6.198822660026994,106.80750974786409]]
2315	4	loadtest_pppoe_311	3737	-6.198033838881067	106.8073343296261	t	\N	\N	10.10.10.2	10.10.10.58	Profile_LoadTest	2026-06-02 07:53:24.404	2026-06-02 07:53:24.404	\N	\N	\N	\N	\N	[[-6.19803737323816,106.8075342983945],[-6.1980338388810665,106.80733432962614]]
2316	4	loadtest_pppoe_312	3738	-6.198203731533316	106.8074232807489	t	\N	\N	10.10.10.2	10.10.10.59	Profile_LoadTest	2026-06-02 07:53:24.404	2026-06-02 07:53:24.404	\N	\N	\N	\N	\N	[[-6.19803737323816,106.8075342983945],[-6.198203731533316,106.8074232807489]]
2317	4	loadtest_pppoe_313	3739	-6.198220675136199	106.807614300983	f	\N	\N	10.10.10.2	10.10.10.60	Profile_LoadTest	2026-06-02 07:53:24.404	2026-06-02 07:53:24.404	\N	\N	\N	\N	\N	[[-6.19803737323816,106.8075342983945],[-6.1982206751361995,106.80761430098305]]
2318	4	loadtest_pppoe_314	3740	-6.198069091819366	106.8077317672062	f	\N	\N	10.10.10.2	10.10.10.61	Profile_LoadTest	2026-06-02 07:53:24.404	2026-06-02 07:53:24.404	\N	\N	\N	\N	\N	[[-6.19803737323816,106.8075342983945],[-6.198069091819366,106.80773176720623]]
2319	4	loadtest_pppoe_315	3741	-6.197888346585248	106.8076676815146	t	\N	\N	10.10.10.2	10.10.10.62	Profile_LoadTest	2026-06-02 07:53:24.404	2026-06-02 07:53:24.404	\N	\N	\N	\N	\N	[[-6.19803737323816,106.8075342983945],[-6.197888346585248,106.80766768151457]]
2320	4	loadtest_pppoe_316	3742	-6.197844615768546	106.8074809639974	t	\N	\N	10.10.10.2	10.10.10.63	Profile_LoadTest	2026-06-02 07:53:24.404	2026-06-02 07:53:24.404	\N	\N	\N	\N	\N	[[-6.19803737323816,106.8075342983945],[-6.197844615768546,106.80748096399745]]
2321	4	loadtest_pppoe_317	3743	-6.19797810528046	106.807343281879	t	\N	\N	10.10.10.2	10.10.10.64	Profile_LoadTest	2026-06-02 07:53:24.404	2026-06-02 07:53:24.404	\N	\N	\N	\N	\N	[[-6.19803737323816,106.8075342983945],[-6.19797810528046,106.80734328187901]]
2322	4	loadtest_pppoe_318	3744	-6.198166085479355	106.807381219464	t	\N	\N	10.10.10.2	10.10.10.65	Profile_LoadTest	2026-06-02 07:53:24.404	2026-06-02 07:53:24.404	\N	\N	\N	\N	\N	[[-6.19803737323816,106.8075342983945],[-6.198166085479355,106.80738121946399]]
2323	4	loadtest_pppoe_319	3745	-6.198235728237282	106.8075598971117	t	\N	\N	10.10.10.2	10.10.10.66	Profile_LoadTest	2026-06-02 07:53:24.404	2026-06-02 07:53:24.404	\N	\N	\N	\N	\N	[[-6.19803737323816,106.8075342983945],[-6.1982357282372815,106.80755989711172]]
2324	4	loadtest_pppoe_320	3746	-6.198123004323777	106.8077150394169	t	\N	\N	10.10.10.2	10.10.10.67	Profile_LoadTest	2026-06-02 07:53:24.404	2026-06-02 07:53:24.404	\N	\N	\N	\N	\N	[[-6.19803737323816,106.8075342983945],[-6.198123004323777,106.80771503941689]]
2325	4	loadtest_pppoe_321	3753	-6.197483066406198	106.8068565091519	t	\N	\N	10.10.10.2	10.10.10.68	Profile_LoadTest	2026-06-02 07:53:24.404	2026-06-02 07:53:24.404	\N	\N	\N	\N	\N	[[-6.197588888059294,106.8066867982868],[-6.197483066406198,106.80685650915191]]
2326	4	loadtest_pppoe_322	3754	-6.19738890560732	106.8066894476079	t	\N	\N	10.10.10.2	10.10.10.69	Profile_LoadTest	2026-06-02 07:53:24.404	2026-06-02 07:53:24.404	\N	\N	\N	\N	\N	[[-6.197588888059294,106.8066867982868],[-6.19738890560732,106.80668944760791]]
2327	4	loadtest_pppoe_323	3755	-6.197478607752521	106.8065199502903	t	\N	\N	10.10.10.2	10.10.10.70	Profile_LoadTest	2026-06-02 07:53:24.404	2026-06-02 07:53:24.404	\N	\N	\N	\N	\N	[[-6.197588888059294,106.8066867982868],[-6.197478607752521,106.8065199502903]]
2328	4	loadtest_pppoe_324	3756	-6.197669701103186	106.8065038522512	f	\N	\N	10.10.10.2	10.10.10.71	Profile_LoadTest	2026-06-02 07:53:24.404	2026-06-02 07:53:24.404	\N	\N	\N	\N	\N	[[-6.197588888059294,106.8066867982868],[-6.197669701103186,106.80650385225121]]
2329	4	loadtest_pppoe_325	3757	-6.197786495313985	106.8066559539536	t	\N	\N	10.10.10.2	10.10.10.72	Profile_LoadTest	2026-06-02 07:53:24.404	2026-06-02 07:53:24.404	\N	\N	\N	\N	\N	[[-6.197588888059294,106.8066867982868],[-6.197786495313985,106.80665595395355]]
2330	4	loadtest_pppoe_326	3758	-6.197721610326134	106.8068364137936	t	\N	\N	10.10.10.2	10.10.10.73	Profile_LoadTest	2026-06-02 07:53:24.404	2026-06-02 07:53:24.404	\N	\N	\N	\N	\N	[[-6.197588888059294,106.8066867982868],[-6.197721610326134,106.80683641379363]]
2331	4	loadtest_pppoe_327	3759	-6.197534701098231	106.8068793178267	f	\N	\N	10.10.10.2	10.10.10.74	Profile_LoadTest	2026-06-02 07:53:24.404	2026-06-02 07:53:24.404	\N	\N	\N	\N	\N	[[-6.197588888059294,106.8066867982868],[-6.197534701098231,106.80687931782673]]
2332	4	loadtest_pppoe_328	3760	-6.197397611112433	106.8067452202827	t	\N	\N	10.10.10.2	10.10.10.75	Profile_LoadTest	2026-06-02 07:53:24.404	2026-06-02 07:53:24.404	\N	\N	\N	\N	\N	[[-6.197588888059294,106.8066867982868],[-6.197397611112433,106.80674522028266]]
2333	4	loadtest_pppoe_329	3761	-6.19743638026946	106.806557409825	f	\N	\N	10.10.10.2	10.10.10.76	Profile_LoadTest	2026-06-02 07:53:24.404	2026-06-02 07:53:24.404	\N	\N	\N	\N	\N	[[-6.197588888059294,106.8066867982868],[-6.19743638026946,106.80655740982503]]
2334	4	loadtest_pppoe_330	3762	-6.197615364385135	106.8064885585225	t	\N	\N	10.10.10.2	10.10.10.77	Profile_LoadTest	2026-06-02 07:53:24.404	2026-06-02 07:53:24.404	\N	\N	\N	\N	\N	[[-6.197588888059294,106.8066867982868],[-6.197615364385135,106.80648855852246]]
2335	4	loadtest_pppoe_331	3769	-6.198240835462921	106.8057666744174	t	\N	\N	10.10.10.2	10.10.10.78	Profile_LoadTest	2026-06-02 07:53:24.404	2026-06-02 07:53:24.404	\N	\N	\N	\N	\N	[[-6.198059717233281,106.8058515047592],[-6.198240835462921,106.80576667441738]]
2336	4	loadtest_pppoe_332	3770	-6.198228958101658	106.805958076465	t	\N	\N	10.10.10.2	10.10.10.79	Profile_LoadTest	2026-06-02 07:53:24.404	2026-06-02 07:53:24.404	\N	\N	\N	\N	\N	[[-6.198059717233281,106.8058515047592],[-6.198228958101658,106.80595807646498]]
2337	4	loadtest_pppoe_333	3771	-6.198061481466504	106.8060514969778	t	\N	\N	10.10.10.2	10.10.10.80	Profile_LoadTest	2026-06-02 07:53:24.404	2026-06-02 07:53:24.404	\N	\N	\N	\N	\N	[[-6.198059717233281,106.8058515047592],[-6.198061481466504,106.80605149697776]]
2338	4	loadtest_pppoe_334	3772	-6.197892382803461	106.8059610455671	t	\N	\N	10.10.10.2	10.10.10.81	Profile_LoadTest	2026-06-02 07:53:24.404	2026-06-02 07:53:24.404	\N	\N	\N	\N	\N	[[-6.198059717233281,106.8058515047592],[-6.197892382803461,106.80596104556712]]
2339	4	loadtest_pppoe_335	3773	-6.197877130643493	106.8057698828429	t	\N	\N	10.10.10.2	10.10.10.82	Profile_LoadTest	2026-06-02 07:53:24.404	2026-06-02 07:53:24.404	\N	\N	\N	\N	\N	[[-6.198059717233281,106.8058515047592],[-6.1978771306434925,106.80576988284285]]
2340	4	loadtest_pppoe_336	3774	-6.198029747752135	106.8056537629321	t	\N	\N	10.10.10.2	10.10.10.83	Profile_LoadTest	2026-06-02 07:53:24.404	2026-06-02 07:53:24.404	\N	\N	\N	\N	\N	[[-6.198059717233281,106.8058515047592],[-6.198029747752135,106.80565376293207]]
2341	4	loadtest_pppoe_337	3775	-6.198209918663531	106.8057194459452	t	\N	\N	10.10.10.2	10.10.10.84	Profile_LoadTest	2026-06-02 07:53:24.404	2026-06-02 07:53:24.404	\N	\N	\N	\N	\N	[[-6.198059717233281,106.8058515047592],[-6.198209918663531,106.80571944594521]]
2342	4	loadtest_pppoe_338	3776	-6.198251995072646	106.8059065432229	t	\N	\N	10.10.10.2	10.10.10.85	Profile_LoadTest	2026-06-02 07:53:24.404	2026-06-02 07:53:24.404	\N	\N	\N	\N	\N	[[-6.198059717233281,106.8058515047592],[-6.198251995072646,106.80590654322293]]
2343	4	loadtest_pppoe_339	3777	-6.198117292122983	106.8060430383909	t	\N	\N	10.10.10.2	10.10.10.86	Profile_LoadTest	2026-06-02 07:53:24.404	2026-06-02 07:53:24.404	\N	\N	\N	\N	\N	[[-6.198059717233281,106.8058515047592],[-6.1981172921229835,106.80604303839091]]
2344	4	loadtest_pppoe_340	3778	-6.197929655085249	106.8060034384212	t	\N	\N	10.10.10.2	10.10.10.87	Profile_LoadTest	2026-06-02 07:53:24.404	2026-06-02 07:53:24.404	\N	\N	\N	\N	\N	[[-6.198059717233281,106.8058515047592],[-6.1979296550852485,106.8060034384212]]
2345	4	loadtest_pppoe_341	3785	-6.19881886194222	106.805769029413	t	\N	\N	10.10.10.2	10.10.10.88	Profile_LoadTest	2026-06-02 07:53:24.404	2026-06-02 07:53:24.404	\N	\N	\N	\N	\N	[[-6.199016982588898,106.8057963828289],[-6.19881886194222,106.80576902941303]]
2346	4	loadtest_pppoe_342	3786	-6.19893295465245	106.8056148909396	f	\N	\N	10.10.10.2	10.10.10.89	Profile_LoadTest	2026-06-02 07:53:24.404	2026-06-02 07:53:24.404	\N	\N	\N	\N	\N	[[-6.199016982588898,106.8057963828289],[-6.19893295465245,106.80561489093957]]
2347	4	loadtest_pppoe_343	3787	-6.199124302259936	106.8056276152722	t	\N	\N	10.10.10.2	10.10.10.90	Profile_LoadTest	2026-06-02 07:53:24.404	2026-06-02 07:53:24.404	\N	\N	\N	\N	\N	[[-6.199016982588898,106.8057963828289],[-6.199124302259936,106.80562761527216]]
2348	4	loadtest_pppoe_344	3788	-6.199216980656799	106.8057955037181	t	\N	\N	10.10.10.2	10.10.10.91	Profile_LoadTest	2026-06-02 07:53:24.404	2026-06-02 07:53:24.404	\N	\N	\N	\N	\N	[[-6.199016982588898,106.8057963828289],[-6.199216980656799,106.80579550371812]]
2349	4	loadtest_pppoe_345	3789	-6.199125781752373	106.8059642004145	t	\N	\N	10.10.10.2	10.10.10.92	Profile_LoadTest	2026-06-02 07:53:24.404	2026-06-02 07:53:24.404	\N	\N	\N	\N	\N	[[-6.199016982588898,106.8057963828289],[-6.199125781752373,106.80596420041448]]
2350	4	loadtest_pppoe_346	3790	-6.1989345533988	106.8059786063966	t	\N	\N	10.10.10.2	10.10.10.93	Profile_LoadTest	2026-06-02 07:53:24.404	2026-06-02 07:53:24.404	\N	\N	\N	\N	\N	[[-6.199016982588898,106.8057963828289],[-6.1989345533988,106.8059786063966]]
2351	4	loadtest_pppoe_347	3791	-6.198819110062462	106.8058254768709	t	\N	\N	10.10.10.2	10.10.10.94	Profile_LoadTest	2026-06-02 07:53:24.404	2026-06-02 07:53:24.404	\N	\N	\N	\N	\N	[[-6.199016982588898,106.8057963828289],[-6.198819110062462,106.80582547687094]]
2352	4	loadtest_pppoe_348	3792	-6.198885589814393	106.8056455984172	t	\N	\N	10.10.10.2	10.10.10.95	Profile_LoadTest	2026-06-02 07:53:24.404	2026-06-02 07:53:24.404	\N	\N	\N	\N	\N	[[-6.199016982588898,106.8057963828289],[-6.198885589814393,106.80564559841721]]
2353	4	loadtest_pppoe_349	3793	-6.199072871477255	106.8056043504562	f	\N	\N	10.10.10.2	10.10.10.96	Profile_LoadTest	2026-06-02 07:53:24.404	2026-06-02 07:53:24.404	\N	\N	\N	\N	\N	[[-6.199016982588898,106.8057963828289],[-6.199072871477255,106.80560435045622]]
2354	4	loadtest_pppoe_350	3794	-6.199208769153906	106.8057396561731	t	\N	\N	10.10.10.2	10.10.10.97	Profile_LoadTest	2026-06-02 07:53:24.404	2026-06-02 07:53:24.404	\N	\N	\N	\N	\N	[[-6.199016982588898,106.8057963828289],[-6.1992087691539055,106.80573965617306]]
2355	4	loadtest_pppoe_351	3801	-6.199731935331105	106.8067028446312	t	\N	\N	10.10.10.2	10.10.10.98	Profile_LoadTest	2026-06-02 07:53:24.404	2026-06-02 07:53:24.404	\N	\N	\N	\N	\N	[[-6.199580578772845,106.8065721113444],[-6.199731935331105,106.80670284463118]]
2356	4	loadtest_pppoe_352	3802	-6.199552348802709	106.8067701089928	t	\N	\N	10.10.10.2	10.10.10.99	Profile_LoadTest	2026-06-02 07:53:24.404	2026-06-02 07:53:24.404	\N	\N	\N	\N	\N	[[-6.199580578772845,106.8065721113444],[-6.199552348802709,106.80677010899284]]
2357	4	loadtest_pppoe_353	3803	-6.199398716778667	106.8066553352296	f	\N	\N	10.10.10.2	10.10.10.100	Profile_LoadTest	2026-06-02 07:53:24.404	2026-06-02 07:53:24.404	\N	\N	\N	\N	\N	[[-6.199580578772845,106.8065721113444],[-6.199398716778667,106.80665533522964]]
2358	4	loadtest_pppoe_354	3804	-6.199412287833373	106.8064640458101	t	\N	\N	10.10.10.2	10.10.10.101	Profile_LoadTest	2026-06-02 07:53:24.404	2026-06-02 07:53:24.404	\N	\N	\N	\N	\N	[[-6.199580578772845,106.8065721113444],[-6.199412287833373,106.80646404581015]]
2359	4	loadtest_pppoe_355	3805	-6.199580584801716	106.8063721113445	t	\N	\N	10.10.10.2	10.10.10.102	Profile_LoadTest	2026-06-02 07:53:24.404	2026-06-02 07:53:24.404	\N	\N	\N	\N	\N	[[-6.199580578772845,106.8065721113444],[-6.199580584801716,106.80637211134449]]
2360	4	loadtest_pppoe_356	3806	-6.199748876227143	106.8064640559564	f	\N	\N	10.10.10.2	10.10.10.103	Profile_LoadTest	2026-06-02 07:53:24.404	2026-06-02 07:53:24.404	\N	\N	\N	\N	\N	[[-6.199580578772845,106.8065721113444],[-6.199748876227143,106.80646405595638]]
2361	4	loadtest_pppoe_357	3807	-6.199762435749232	106.8066553461937	t	\N	\N	10.10.10.2	10.10.10.104	Profile_LoadTest	2026-06-02 07:53:24.404	2026-06-02 07:53:24.404	\N	\N	\N	\N	\N	[[-6.199580578772845,106.8065721113444],[-6.199762435749232,106.80665534619371]]
2362	4	loadtest_pppoe_358	3808	-6.199608796805907	106.8067701106944	t	\N	\N	10.10.10.2	10.10.10.105	Profile_LoadTest	2026-06-02 07:53:24.404	2026-06-02 07:53:24.404	\N	\N	\N	\N	\N	[[-6.199580578772845,106.8065721113444],[-6.199608796805907,106.80677011069442]]
2363	4	loadtest_pppoe_359	3809	-6.19942921433312	106.8067028355058	t	\N	\N	10.10.10.2	10.10.10.106	Profile_LoadTest	2026-06-02 07:53:24.404	2026-06-02 07:53:24.404	\N	\N	\N	\N	\N	[[-6.199580578772845,106.8065721113444],[-6.1994292143331196,106.80670283550585]]
2364	4	loadtest_pppoe_360	3810	-6.199388795628162	106.8065153731261	t	\N	\N	10.10.10.2	10.10.10.107	Profile_LoadTest	2026-06-02 07:53:24.404	2026-06-02 07:53:24.404	\N	\N	\N	\N	\N	[[-6.199580578772845,106.8065721113444],[-6.199388795628162,106.8065153731261]]
2365	4	loadtest_pppoe_361	3817	-6.199176460741888	106.8072734533441	t	\N	\N	10.10.10.2	10.10.10.108	Profile_LoadTest	2026-06-02 07:53:24.404	2026-06-02 07:53:24.404	\N	\N	\N	\N	\N	[[-6.199232338052759,106.8074654890859],[-6.199176460741888,106.8072734533441]]
2366	4	loadtest_pppoe_362	3818	-6.199363739917622	106.807314712596	t	\N	\N	10.10.10.2	10.10.10.109	Profile_LoadTest	2026-06-02 07:53:24.404	2026-06-02 07:53:24.404	\N	\N	\N	\N	\N	[[-6.199232338052759,106.8074654890859],[-6.199363739917622,106.80731471259598]]
2367	4	loadtest_pppoe_363	3819	-6.199430208824793	106.8074945950574	f	\N	\N	10.10.10.2	10.10.10.110	Profile_LoadTest	2026-06-02 07:53:24.404	2026-06-02 07:53:24.404	\N	\N	\N	\N	\N	[[-6.199232338052759,106.8074654890859],[-6.1994302088247935,106.80749459505736]]
2368	4	loadtest_pppoe_364	3820	-6.199314756256684	106.8076477176228	t	\N	\N	10.10.10.2	10.10.10.111	Profile_LoadTest	2026-06-02 07:53:24.404	2026-06-02 07:53:24.404	\N	\N	\N	\N	\N	[[-6.199232338052759,106.8074654890859],[-6.199314756256684,106.8076477176228]]
2369	4	loadtest_pppoe_365	3821	-6.199123528771977	106.8076333001118	t	\N	\N	10.10.10.2	10.10.10.112	Profile_LoadTest	2026-06-02 07:53:24.404	2026-06-02 07:53:24.404	\N	\N	\N	\N	\N	[[-6.199232338052759,106.8074654890859],[-6.1991235287719775,106.8076333001118]]
2370	4	loadtest_pppoe_366	3822	-6.199032340038222	106.8074645979175	t	\N	\N	10.10.10.2	10.10.10.113	Profile_LoadTest	2026-06-02 07:53:24.404	2026-06-02 07:53:24.404	\N	\N	\N	\N	\N	[[-6.199232338052759,106.8074654890859],[-6.199032340038222,106.80746459791749]]
2371	4	loadtest_pppoe_367	3823	-6.199125028556694	106.8072967150593	t	\N	\N	10.10.10.2	10.10.10.114	Profile_LoadTest	2026-06-02 07:53:24.404	2026-06-02 07:53:24.404	\N	\N	\N	\N	\N	[[-6.199232338052759,106.8074654890859],[-6.199125028556694,106.8072967150593]]
2372	4	loadtest_pppoe_368	3824	-6.199316376930966	106.8072840022628	t	\N	\N	10.10.10.2	10.10.10.115	Profile_LoadTest	2026-06-02 07:53:24.404	2026-06-02 07:53:24.404	\N	\N	\N	\N	\N	[[-6.199232338052759,106.8074654890859],[-6.199316376930966,106.80728400226282]]
2373	4	loadtest_pppoe_369	3825	-6.19943046034818	106.8074381476145	t	\N	\N	10.10.10.2	10.10.10.116	Profile_LoadTest	2026-06-02 07:53:24.404	2026-06-02 07:53:24.404	\N	\N	\N	\N	\N	[[-6.199232338052759,106.8074654890859],[-6.19943046034818,106.80743814761452]]
2374	4	loadtest_pppoe_370	3826	-6.199362391040672	106.8076174305889	t	\N	\N	10.10.10.2	10.10.10.117	Profile_LoadTest	2026-06-02 07:53:24.404	2026-06-02 07:53:24.404	\N	\N	\N	\N	\N	[[-6.199232338052759,106.8074654890859],[-6.199362391040672,106.8076174305889]]
2375	4	loadtest_pppoe_371	3833	-6.19823484490378	106.8078466788383	t	\N	\N	10.10.10.2	10.10.10.118	Profile_LoadTest	2026-06-02 07:53:24.404	2026-06-02 07:53:24.404	\N	\N	\N	\N	\N	[[-6.198292431340692,106.8076551486781],[-6.19823484490378,106.80784667883835]]
2376	4	loadtest_pppoe_372	3834	-6.19810015018348	106.8077101755495	t	\N	\N	10.10.10.2	10.10.10.119	Profile_LoadTest	2026-06-02 07:53:24.404	2026-06-02 07:53:24.404	\N	\N	\N	\N	\N	[[-6.198292431340692,106.8076551486781],[-6.19810015018348,106.80771017554954]]
2377	4	loadtest_pppoe_373	3835	-6.198142237872371	106.8075230808089	t	\N	\N	10.10.10.2	10.10.10.120	Profile_LoadTest	2026-06-02 07:53:24.404	2026-06-02 07:53:24.404	\N	\N	\N	\N	\N	[[-6.198292431340692,106.8076551486781],[-6.1981422378723705,106.8075230808089]]
2378	4	loadtest_pppoe_374	3836	-6.198322412743384	106.8074574086581	t	\N	\N	10.10.10.2	10.10.10.121	Profile_LoadTest	2026-06-02 07:53:24.404	2026-06-02 07:53:24.404	\N	\N	\N	\N	\N	[[-6.198292431340692,106.8076551486781],[-6.198322412743384,106.80745740865814]]
2379	4	loadtest_pppoe_375	3837	-6.198475022851029	106.8075735377698	t	\N	\N	10.10.10.2	10.10.10.122	Profile_LoadTest	2026-06-02 07:53:24.404	2026-06-02 07:53:24.404	\N	\N	\N	\N	\N	[[-6.198292431340692,106.8076551486781],[-6.198475022851029,106.8075735377698]]
2380	4	loadtest_pppoe_376	3838	-6.198459759166135	106.8077646995742	t	\N	\N	10.10.10.2	10.10.10.123	Profile_LoadTest	2026-06-02 07:53:24.404	2026-06-02 07:53:24.404	\N	\N	\N	\N	\N	[[-6.198292431340692,106.8076551486781],[-6.198459759166135,106.80776469957418]]
2381	4	loadtest_pppoe_377	3839	-6.198290655050201	106.8078551407899	t	\N	\N	10.10.10.2	10.10.10.124	Profile_LoadTest	2026-06-02 07:53:24.404	2026-06-02 07:53:24.404	\N	\N	\N	\N	\N	[[-6.198292431340692,106.8076551486781],[-6.198290655050201,106.80785514078993]]
2382	4	loadtest_pppoe_378	3840	-6.198123184047553	106.8077617101804	t	\N	\N	10.10.10.2	10.10.10.125	Profile_LoadTest	2026-06-02 07:53:24.404	2026-06-02 07:53:24.404	\N	\N	\N	\N	\N	[[-6.198292431340692,106.8076551486781],[-6.198123184047553,106.80776171018036]]
2383	4	loadtest_pppoe_379	3841	-6.198111318225694	106.8075703074171	t	\N	\N	10.10.10.2	10.10.10.126	Profile_LoadTest	2026-06-02 07:53:24.404	2026-06-02 07:53:24.404	\N	\N	\N	\N	\N	[[-6.198292431340692,106.8076551486781],[-6.198111318225694,106.80757030741705]]
2384	4	loadtest_pppoe_380	3842	-6.198265966966519	106.8074569073179	t	\N	\N	10.10.10.2	10.10.10.127	Profile_LoadTest	2026-06-02 07:53:24.404	2026-06-02 07:53:24.404	\N	\N	\N	\N	\N	[[-6.198292431340692,106.8076551486781],[-6.1982659669665185,106.80745690731788]]
2385	4	loadtest_pppoe_381	3849	-6.197777520123337	106.8068373386994	t	\N	\N	10.10.10.2	10.10.10.128	Profile_LoadTest	2026-06-02 07:53:24.404	2026-06-02 07:53:24.404	\N	\N	\N	\N	\N	[[-6.197625004533117,106.8069667179664],[-6.197777520123337,106.80683733869937]]
2386	4	loadtest_pppoe_382	3850	-6.197816277957444	106.807025151494	t	\N	\N	10.10.10.2	10.10.10.129	Profile_LoadTest	2026-06-02 07:53:24.404	2026-06-02 07:53:24.404	\N	\N	\N	\N	\N	[[-6.197625004533117,106.8069667179664],[-6.197816277957444,106.80702515149399]]
2387	4	loadtest_pppoe_383	3851	-6.197679179887328	106.8071592407728	t	\N	\N	10.10.10.2	10.10.10.130	Profile_LoadTest	2026-06-02 07:53:24.404	2026-06-02 07:53:24.404	\N	\N	\N	\N	\N	[[-6.197625004533117,106.8069667179664],[-6.197679179887328,106.80715924077283]]
2388	4	loadtest_pppoe_384	3852	-6.197492273246393	106.8071163254713	t	\N	\N	10.10.10.2	10.10.10.131	Profile_LoadTest	2026-06-02 07:53:24.404	2026-06-02 07:53:24.404	\N	\N	\N	\N	\N	[[-6.197625004533117,106.8069667179664],[-6.197492273246393,106.80711632547131]]
2389	4	loadtest_pppoe_385	3853	-6.197427399138351	106.8069358617197	t	\N	\N	10.10.10.2	10.10.10.132	Profile_LoadTest	2026-06-02 07:53:24.404	2026-06-02 07:53:24.404	\N	\N	\N	\N	\N	[[-6.197625004533117,106.8069667179664],[-6.197427399138351,106.80693586171972]]
2390	4	loadtest_pppoe_386	3854	-6.197544202518952	106.806783767059	t	\N	\N	10.10.10.2	10.10.10.133	Profile_LoadTest	2026-06-02 07:53:24.404	2026-06-02 07:53:24.404	\N	\N	\N	\N	\N	[[-6.197625004533117,106.8069667179664],[-6.197544202518952,106.80678376705903]]
2391	4	loadtest_pppoe_387	3855	-6.197735294898741	106.8067998766189	t	\N	\N	10.10.10.2	10.10.10.134	Profile_LoadTest	2026-06-02 07:53:24.404	2026-06-02 07:53:24.404	\N	\N	\N	\N	\N	[[-6.197625004533117,106.8069667179664],[-6.197735294898741,106.80679987661885]]
2392	4	loadtest_pppoe_388	3856	-6.197824986825005	106.8069693793442	t	\N	\N	10.10.10.2	10.10.10.135	Profile_LoadTest	2026-06-02 07:53:24.404	2026-06-02 07:53:24.404	\N	\N	\N	\N	\N	[[-6.197625004533117,106.8069667179664],[-6.197824986825005,106.80696937934418]]
2393	4	loadtest_pppoe_389	3857	-6.197730815954372	106.807136435211	t	\N	\N	10.10.10.2	10.10.10.136	Profile_LoadTest	2026-06-02 07:53:24.404	2026-06-02 07:53:24.404	\N	\N	\N	\N	\N	[[-6.197625004533117,106.8069667179664],[-6.1977308159543725,106.80713643521105]]
2394	4	loadtest_pppoe_390	3858	-6.197539362551014	106.8071474538259	t	\N	\N	10.10.10.2	10.10.10.137	Profile_LoadTest	2026-06-02 07:53:24.404	2026-06-02 07:53:24.404	\N	\N	\N	\N	\N	[[-6.197625004533117,106.8069667179664],[-6.197539362551014,106.80714745382588]]
2395	4	loadtest_pppoe_391	3865	-6.197645330216847	106.8060587237309	f	\N	\N	10.10.10.2	10.10.10.138	Profile_LoadTest	2026-06-02 07:53:24.404	2026-06-02 07:53:24.404	\N	\N	\N	\N	\N	[[-6.197843686758922,106.8060331369723],[-6.197645330216847,106.80605872373091]]
2396	4	loadtest_pppoe_392	3866	-6.197714983746891	106.8058800502822	t	\N	\N	10.10.10.2	10.10.10.139	Profile_LoadTest	2026-06-02 07:53:24.404	2026-06-02 07:53:24.404	\N	\N	\N	\N	\N	[[-6.197843686758922,106.8060331369723],[-6.1977149837468914,106.80588005028217]]
2397	4	loadtest_pppoe_393	3867	-6.197902966232653	106.8058421240303	f	\N	\N	10.10.10.2	10.10.10.140	Profile_LoadTest	2026-06-02 07:53:24.404	2026-06-02 07:53:24.404	\N	\N	\N	\N	\N	[[-6.197843686758922,106.8060331369723],[-6.197902966232653,106.80584212403035]]
2398	4	loadtest_pppoe_394	3868	-6.198036447443648	106.8059798141964	t	\N	\N	10.10.10.2	10.10.10.141	Profile_LoadTest	2026-06-02 07:53:24.404	2026-06-02 07:53:24.404	\N	\N	\N	\N	\N	[[-6.197843686758922,106.8060331369723],[-6.198036447443648,106.80597981419645]]
2399	4	loadtest_pppoe_395	3869	-6.197992705370067	106.8061665290768	t	\N	\N	10.10.10.2	10.10.10.142	Profile_LoadTest	2026-06-02 07:53:24.404	2026-06-02 07:53:24.404	\N	\N	\N	\N	\N	[[-6.197843686758922,106.8060331369723],[-6.197992705370067,106.80616652907676]]
2400	4	loadtest_pppoe_396	3870	-6.197811956272635	106.8062306038714	t	\N	\N	10.10.10.2	10.10.10.143	Profile_LoadTest	2026-06-02 07:53:24.404	2026-06-02 07:53:24.404	\N	\N	\N	\N	\N	[[-6.197843686758922,106.8060331369723],[-6.197811956272635,106.8062306038714]]
2401	4	loadtest_pppoe_397	3871	-6.197660380037963	106.8061131285097	t	\N	\N	10.10.10.2	10.10.10.144	Profile_LoadTest	2026-06-02 07:53:24.404	2026-06-02 07:53:24.404	\N	\N	\N	\N	\N	[[-6.197843686758922,106.8060331369723],[-6.197660380037963,106.80611312850968]]
2402	4	loadtest_pppoe_398	3872	-6.197677335157178	106.8059221092974	t	\N	\N	10.10.10.2	10.10.10.145	Profile_LoadTest	2026-06-02 07:53:24.404	2026-06-02 07:53:24.404	\N	\N	\N	\N	\N	[[-6.197843686758922,106.8060331369723],[-6.197677335157178,106.80592210929738]]
2403	4	loadtest_pppoe_399	3873	-6.197847233171868	106.8058331684174	f	\N	\N	10.10.10.2	10.10.10.146	Profile_LoadTest	2026-06-02 07:53:24.404	2026-06-02 07:53:24.404	\N	\N	\N	\N	\N	[[-6.197843686758922,106.8060331369723],[-6.197847233171868,106.8058331684174]]
2404	4	loadtest_pppoe_400	3874	-6.198013870630851	106.8059280777046	t	\N	\N	10.10.10.2	10.10.10.147	Profile_LoadTest	2026-06-02 07:53:24.404	2026-06-02 07:53:24.404	\N	\N	\N	\N	\N	[[-6.197843686758922,106.8060331369723],[-6.1980138706308505,106.80592807770458]]
2405	4	loadtest_pppoe_401	3881	-6.202152381435672	106.8229021966513	t	\N	\N	10.10.10.2	10.10.10.148	Profile_LoadTest	2026-06-02 07:53:24.404	2026-06-02 07:53:24.404	\N	\N	\N	\N	\N	[[-6.201972026371769,106.8228157556256],[-6.202152381435672,106.8229021966513]]
2406	4	loadtest_pppoe_402	3882	-6.201996735013645	106.8230142234643	t	\N	\N	10.10.10.2	10.10.10.149	Profile_LoadTest	2026-06-02 07:53:24.404	2026-06-02 07:53:24.404	\N	\N	\N	\N	\N	[[-6.201972026371769,106.8228157556256],[-6.201996735013645,106.82301422346434]]
2407	4	loadtest_pppoe_403	3883	-6.201818371580227	106.8229437798617	t	\N	\N	10.10.10.2	10.10.10.150	Profile_LoadTest	2026-06-02 07:53:24.404	2026-06-02 07:53:24.404	\N	\N	\N	\N	\N	[[-6.201972026371769,106.8228157556256],[-6.201818371580227,106.82294377986173]]
2408	4	loadtest_pppoe_404	3884	-6.201781277653538	106.8227556313668	t	\N	\N	10.10.10.2	10.10.10.151	Profile_LoadTest	2026-06-02 07:53:24.404	2026-06-02 07:53:24.404	\N	\N	\N	\N	\N	[[-6.201972026371769,106.8228157556256],[-6.201781277653538,106.82275563136683]]
2409	4	loadtest_pppoe_405	3885	-6.201919557218708	106.8226227608382	t	\N	\N	10.10.10.2	10.10.10.152	Profile_LoadTest	2026-06-02 07:53:24.404	2026-06-02 07:53:24.404	\N	\N	\N	\N	\N	[[-6.201972026371769,106.8228157556256],[-6.201919557218708,106.82262276083816]]
2410	4	loadtest_pppoe_406	3886	-6.202106076681229	106.822667328827	t	\N	\N	10.10.10.2	10.10.10.153	Profile_LoadTest	2026-06-02 07:53:24.404	2026-06-02 07:53:24.404	\N	\N	\N	\N	\N	[[-6.201972026371769,106.8228157556256],[-6.202106076681229,106.82266732882702]]
2411	4	loadtest_pppoe_407	3887	-6.202169350907437	106.82284835973	t	\N	\N	10.10.10.2	10.10.10.154	Profile_LoadTest	2026-06-02 07:53:24.404	2026-06-02 07:53:24.404	\N	\N	\N	\N	\N	[[-6.201972026371769,106.8228157556256],[-6.202169350907437,106.82284835972999]]
2412	4	loadtest_pppoe_408	3888	-6.202051205865562	106.8229994145697	t	\N	\N	10.10.10.2	10.10.10.155	Profile_LoadTest	2026-06-02 07:53:24.404	2026-06-02 07:53:24.404	\N	\N	\N	\N	\N	[[-6.201972026371769,106.8228157556256],[-6.202051205865562,106.82299941456974]]
2413	4	loadtest_pppoe_409	3889	-6.201860263562248	106.8229816142232	f	\N	\N	10.10.10.2	10.10.10.156	Profile_LoadTest	2026-06-02 07:53:24.404	2026-06-02 07:53:24.404	\N	\N	\N	\N	\N	[[-6.201972026371769,106.8228157556256],[-6.201860263562248,106.82298161422322]]
2414	4	loadtest_pppoe_410	3890	-6.201772075470588	106.822811324247	t	\N	\N	10.10.10.2	10.10.10.157	Profile_LoadTest	2026-06-02 07:53:24.404	2026-06-02 07:53:24.404	\N	\N	\N	\N	\N	[[-6.201972026371769,106.8228157556256],[-6.201772075470588,106.82281132424696]]
2415	4	loadtest_pppoe_411	3897	-6.202625620194464	106.8232324624223	t	\N	\N	10.10.10.2	10.10.10.158	Profile_LoadTest	2026-06-02 07:53:24.404	2026-06-02 07:53:24.404	\N	\N	\N	\N	\N	[[-6.20272992525088,106.8234031095881],[-6.202625620194464,106.82323246242227]]
2416	4	loadtest_pppoe_412	3898	-6.202817163627071	106.8232231388524	t	\N	\N	10.10.10.2	10.10.10.159	Profile_LoadTest	2026-06-02 07:53:24.404	2026-06-02 07:53:24.404	\N	\N	\N	\N	\N	[[-6.20272992525088,106.8234031095881],[-6.202817163627071,106.82322313885237]]
2417	4	loadtest_pppoe_413	3899	-6.202928500498929	106.8233792795469	t	\N	\N	10.10.10.2	10.10.10.160	Profile_LoadTest	2026-06-02 07:53:24.404	2026-06-02 07:53:24.404	\N	\N	\N	\N	\N	[[-6.20272992525088,106.8234031095881],[-6.2029285004989285,106.82337927954693]]
2418	4	loadtest_pppoe_414	3900	-6.202857268203507	106.8235573294714	t	\N	\N	10.10.10.2	10.10.10.161	Profile_LoadTest	2026-06-02 07:53:24.404	2026-06-02 07:53:24.404	\N	\N	\N	\N	\N	[[-6.20272992525088,106.8234031095881],[-6.202857268203507,106.82355732947144]]
2419	4	loadtest_pppoe_415	3901	-6.202668957384713	106.8235935903464	t	\N	\N	10.10.10.2	10.10.10.162	Profile_LoadTest	2026-06-02 07:53:24.404	2026-06-02 07:53:24.404	\N	\N	\N	\N	\N	[[-6.20272992525088,106.8234031095881],[-6.202668957384713,106.82359359034643]]
2420	4	loadtest_pppoe_416	3902	-6.202536700140905	106.8234547240907	t	\N	\N	10.10.10.2	10.10.10.163	Profile_LoadTest	2026-06-02 07:53:24.404	2026-06-02 07:53:24.404	\N	\N	\N	\N	\N	[[-6.20272992525088,106.8234031095881],[-6.202536700140905,106.82345472409067]]
2421	4	loadtest_pppoe_417	3903	-6.202582093172105	106.8232684036993	t	\N	\N	10.10.10.2	10.10.10.164	Profile_LoadTest	2026-06-02 07:53:24.404	2026-06-02 07:53:24.404	\N	\N	\N	\N	\N	[[-6.20272992525088,106.8234031095881],[-6.202582093172105,106.82326840369927]]
2422	4	loadtest_pppoe_418	3904	-6.202763402334768	106.8232059312808	t	\N	\N	10.10.10.2	10.10.10.165	Profile_LoadTest	2026-06-02 07:53:24.404	2026-06-02 07:53:24.404	\N	\N	\N	\N	\N	[[-6.20272992525088,106.8234031095881],[-6.202763402334768,106.82320593128084]]
2423	4	loadtest_pppoe_419	3905	-6.202913932820892	106.8233247436888	t	\N	\N	10.10.10.2	10.10.10.166	Profile_LoadTest	2026-06-02 07:53:24.404	2026-06-02 07:53:24.404	\N	\N	\N	\N	\N	[[-6.20272992525088,106.8234031095881],[-6.202913932820892,106.82332474368877]]
2424	4	loadtest_pppoe_420	3906	-6.202895287595742	106.8235156053431	t	\N	\N	10.10.10.2	10.10.10.167	Profile_LoadTest	2026-06-02 07:53:24.404	2026-06-02 07:53:24.404	\N	\N	\N	\N	\N	[[-6.20272992525088,106.8234031095881],[-6.202895287595742,106.82351560534313]]
2425	4	loadtest_pppoe_421	3913	-6.202639862188046	106.8245581375356	t	\N	\N	10.10.10.2	10.10.10.168	Profile_LoadTest	2026-06-02 07:53:24.404	2026-06-02 07:53:24.404	\N	\N	\N	\N	\N	[[-6.202645178445594,106.8243582082046],[-6.202639862188046,106.82455813753563]]
2426	4	loadtest_pppoe_422	3914	-6.202474071328309	106.8244617570067	t	\N	\N	10.10.10.2	10.10.10.169	Profile_LoadTest	2026-06-02 07:53:24.404	2026-06-02 07:53:24.404	\N	\N	\N	\N	\N	[[-6.202645178445594,106.8243582082046],[-6.202474071328309,106.82446175700669]]
2427	4	loadtest_pppoe_423	3915	-6.202465595563103	106.8242701741867	t	\N	\N	10.10.10.2	10.10.10.170	Profile_LoadTest	2026-06-02 07:53:24.404	2026-06-02 07:53:24.404	\N	\N	\N	\N	\N	[[-6.202645178445594,106.8243582082046],[-6.202465595563103,106.82427017418665]]
2428	4	loadtest_pppoe_424	3916	-6.20262222747187	106.8241595294367	t	\N	\N	10.10.10.2	10.10.10.171	Profile_LoadTest	2026-06-02 07:53:24.404	2026-06-02 07:53:24.404	\N	\N	\N	\N	\N	[[-6.202645178445594,106.8243582082046],[-6.20262222747187,106.82415952943673]]
2429	4	loadtest_pppoe_425	3917	-6.202799960400035	106.8242315490297	t	\N	\N	10.10.10.2	10.10.10.172	Profile_LoadTest	2026-06-02 07:53:24.404	2026-06-02 07:53:24.404	\N	\N	\N	\N	\N	[[-6.202645178445594,106.8243582082046],[-6.202799960400035,106.82423154902973]]
2430	4	loadtest_pppoe_426	3918	-6.2028353875131	106.824420018484	t	\N	\N	10.10.10.2	10.10.10.173	Profile_LoadTest	2026-06-02 07:53:24.404	2026-06-02 07:53:24.404	\N	\N	\N	\N	\N	[[-6.202645178445594,106.8243582082046],[-6.2028353875131,106.82442001848399]]
2431	4	loadtest_pppoe_427	3919	-6.202695937286695	106.8245516598524	t	\N	\N	10.10.10.2	10.10.10.174	Profile_LoadTest	2026-06-02 07:53:24.404	2026-06-02 07:53:24.404	\N	\N	\N	\N	\N	[[-6.202645178445594,106.8243582082046],[-6.202695937286695,106.82455165985243]]
2432	4	loadtest_pppoe_428	3920	-6.202509819615867	106.824505442668	t	\N	\N	10.10.10.2	10.10.10.175	Profile_LoadTest	2026-06-02 07:53:24.404	2026-06-02 07:53:24.404	\N	\N	\N	\N	\N	[[-6.202645178445594,106.8243582082046],[-6.202509819615867,106.82450544266801]]
2433	4	loadtest_pppoe_429	3921	-6.202448150228851	106.8243238587969	t	\N	\N	10.10.10.2	10.10.10.176	Profile_LoadTest	2026-06-02 07:53:24.404	2026-06-02 07:53:24.404	\N	\N	\N	\N	\N	[[-6.202645178445594,106.8243582082046],[-6.202448150228851,106.82432385879693]]
2434	4	loadtest_pppoe_430	3922	-6.202567627675666	106.8241738556129	t	\N	\N	10.10.10.2	10.10.10.177	Profile_LoadTest	2026-06-02 07:53:24.404	2026-06-02 07:53:24.404	\N	\N	\N	\N	\N	[[-6.202645178445594,106.8243582082046],[-6.202567627675666,106.82417385561286]]
2435	4	loadtest_pppoe_431	3929	-6.201908928274976	106.8246380753585	t	\N	\N	10.10.10.2	10.10.10.178	Profile_LoadTest	2026-06-02 07:53:24.404	2026-06-02 07:53:24.404	\N	\N	\N	\N	\N	[[-6.20179570177786,106.8248029382117],[-6.2019089282749755,106.82463807535855]]
2436	4	loadtest_pppoe_432	3930	-6.201995605622741	106.824809139244	t	\N	\N	10.10.10.2	10.10.10.179	Profile_LoadTest	2026-06-02 07:53:24.404	2026-06-02 07:53:24.404	\N	\N	\N	\N	\N	[[-6.20179570177786,106.8248029382117],[-6.201995605622741,106.82480913924402]]
2437	4	loadtest_pppoe_433	3931	-6.201898492297428	106.824974501929	t	\N	\N	10.10.10.2	10.10.10.180	Profile_LoadTest	2026-06-02 07:53:24.404	2026-06-02 07:53:24.404	\N	\N	\N	\N	\N	[[-6.20179570177786,106.8248029382117],[-6.201898492297428,106.82497450192898]]
2438	4	loadtest_pppoe_434	3932	-6.201706873842467	106.8249821297235	t	\N	\N	10.10.10.2	10.10.10.181	Profile_LoadTest	2026-06-02 07:53:24.404	2026-06-02 07:53:24.404	\N	\N	\N	\N	\N	[[-6.20179570177786,106.8248029382117],[-6.2017068738424665,106.82498212972348]]
2439	4	loadtest_pppoe_435	3933	-6.201596923381656	106.8248250096684	t	\N	\N	10.10.10.2	10.10.10.182	Profile_LoadTest	2026-06-02 07:53:24.404	2026-06-02 07:53:24.404	\N	\N	\N	\N	\N	[[-6.20179570177786,106.8248029382117],[-6.201596923381656,106.82482500966843]]
2440	4	loadtest_pppoe_436	3934	-6.201669728861602	106.8246475972179	f	\N	\N	10.10.10.2	10.10.10.183	Profile_LoadTest	2026-06-02 07:53:24.404	2026-06-02 07:53:24.404	\N	\N	\N	\N	\N	[[-6.20179570177786,106.8248029382117],[-6.201669728861602,106.82464759721786]]
2441	4	loadtest_pppoe_437	3935	-6.201858353259802	106.8246130045606	t	\N	\N	10.10.10.2	10.10.10.184	Profile_LoadTest	2026-06-02 07:53:24.404	2026-06-02 07:53:24.404	\N	\N	\N	\N	\N	[[-6.20179570177786,106.8248029382117],[-6.201858353259802,106.82461300456063]]
2442	4	loadtest_pppoe_438	3936	-6.201989376174438	106.8247530360263	f	\N	\N	10.10.10.2	10.10.10.185	Profile_LoadTest	2026-06-02 07:53:24.404	2026-06-02 07:53:24.404	\N	\N	\N	\N	\N	[[-6.20179570177786,106.8248029382117],[-6.201989376174438,106.82475303602628]]
2443	4	loadtest_pppoe_439	3937	-6.201942335742035	106.8249389473311	t	\N	\N	10.10.10.2	10.10.10.186	Profile_LoadTest	2026-06-02 07:53:24.404	2026-06-02 07:53:24.404	\N	\N	\N	\N	\N	[[-6.20179570177786,106.8248029382117],[-6.201942335742035,106.82493894733106]]
2444	4	loadtest_pppoe_440	3938	-6.201760480719207	106.8249998124788	t	\N	\N	10.10.10.2	10.10.10.187	Profile_LoadTest	2026-06-02 07:53:24.404	2026-06-02 07:53:24.404	\N	\N	\N	\N	\N	[[-6.20179570177786,106.8248029382117],[-6.201760480719207,106.82499981247875]]
2445	4	loadtest_pppoe_441	3945	-6.200777806175846	106.8244051510135	t	\N	\N	10.10.10.2	10.10.10.188	Profile_LoadTest	2026-06-02 07:53:24.404	2026-06-02 07:53:24.404	\N	\N	\N	\N	\N	[[-6.200962500178431,106.8243284168919],[-6.200777806175846,106.82440515101345]]
2446	4	loadtest_pppoe_442	3946	-6.20079814004613	106.8242144618705	t	\N	\N	10.10.10.2	10.10.10.189	Profile_LoadTest	2026-06-02 07:53:24.404	2026-06-02 07:53:24.404	\N	\N	\N	\N	\N	[[-6.200962500178431,106.8243284168919],[-6.20079814004613,106.82421446187047]]
2447	4	loadtest_pppoe_443	3947	-6.200969585864066	106.8241285424487	f	\N	\N	10.10.10.2	10.10.10.190	Profile_LoadTest	2026-06-02 07:53:24.404	2026-06-02 07:53:24.404	\N	\N	\N	\N	\N	[[-6.200962500178431,106.8243284168919],[-6.200969585864066,106.82412854244866]]
2448	4	loadtest_pppoe_444	3948	-6.201134517135307	106.8242263866682	f	\N	\N	10.10.10.2	10.10.10.191	Profile_LoadTest	2026-06-02 07:53:24.404	2026-06-02 07:53:24.404	\N	\N	\N	\N	\N	[[-6.200962500178431,106.8243284168919],[-6.201134517135307,106.8242263866682]]
2449	4	loadtest_pppoe_445	3949	-6.201141296809692	106.8244180370049	t	\N	\N	10.10.10.2	10.10.10.192	Profile_LoadTest	2026-06-02 07:53:24.404	2026-06-02 07:53:24.404	\N	\N	\N	\N	\N	[[-6.200962500178431,106.8243284168919],[-6.201141296809692,106.82441803700488]]
2450	4	loadtest_pppoe_446	3950	-6.200983691685859	106.824527291023	t	\N	\N	10.10.10.2	10.10.10.193	Profile_LoadTest	2026-06-02 07:53:24.404	2026-06-02 07:53:24.404	\N	\N	\N	\N	\N	[[-6.200962500178431,106.8243284168919],[-6.200983691685859,106.82452729102299]]
2451	4	loadtest_pppoe_447	3951	-6.200806603187826	106.8244537010821	t	\N	\N	10.10.10.2	10.10.10.194	Profile_LoadTest	2026-06-02 07:53:24.404	2026-06-02 07:53:24.404	\N	\N	\N	\N	\N	[[-6.200962500178431,106.8243284168919],[-6.200806603187826,106.82445370108212]]
2452	4	loadtest_pppoe_448	3952	-6.200772845664	106.8242649254346	t	\N	\N	10.10.10.2	10.10.10.195	Profile_LoadTest	2026-06-02 07:53:24.404	2026-06-02 07:53:24.404	\N	\N	\N	\N	\N	[[-6.200962500178431,106.8243284168919],[-6.200772845664,106.82426492543456]]
2453	4	loadtest_pppoe_449	3953	-6.200913455626105	106.8241345235401	t	\N	\N	10.10.10.2	10.10.10.196	Profile_LoadTest	2026-06-02 07:53:24.404	2026-06-02 07:53:24.404	\N	\N	\N	\N	\N	[[-6.200962500178431,106.8243284168919],[-6.200913455626105,106.82413452354007]]
2454	4	loadtest_pppoe_450	3954	-6.201099156923438	106.8241823862991	t	\N	\N	10.10.10.2	10.10.10.197	Profile_LoadTest	2026-06-02 07:53:24.404	2026-06-02 07:53:24.404	\N	\N	\N	\N	\N	[[-6.200962500178431,106.8243284168919],[-6.201099156923438,106.82418238629907]]
2455	4	loadtest_pppoe_451	3961	-6.201108331816521	106.823407008978	t	\N	\N	10.10.10.2	10.10.10.198	Profile_LoadTest	2026-06-02 07:53:24.404	2026-06-02 07:53:24.404	\N	\N	\N	\N	\N	[[-6.200911615355316,106.8233709169582],[-6.201108331816521,106.82340700897797]]
2456	4	loadtest_pppoe_452	3962	-6.200987531325492	106.823555948754	f	\N	\N	10.10.10.2	10.10.10.199	Profile_LoadTest	2026-06-02 07:53:24.404	2026-06-02 07:53:24.404	\N	\N	\N	\N	\N	[[-6.200911615355316,106.8233709169582],[-6.200987531325492,106.82355594875403]]
2457	4	loadtest_pppoe_453	3963	-6.200796934041587	106.8235347711503	t	\N	\N	10.10.10.2	10.10.10.200	Profile_LoadTest	2026-06-02 07:53:24.404	2026-06-02 07:53:24.404	\N	\N	\N	\N	\N	[[-6.200911615355316,106.8233709169582],[-6.200796934041587,106.82353477115034]]
2458	4	loadtest_pppoe_454	3964	-6.200711774228644	106.823362946758	t	\N	\N	10.10.10.2	10.10.10.201	Profile_LoadTest	2026-06-02 07:53:24.404	2026-06-02 07:53:24.404	\N	\N	\N	\N	\N	[[-6.200911615355316,106.8233709169582],[-6.200711774228644,106.82336294675804]]
2459	4	loadtest_pppoe_455	3965	-6.200810347425949	106.823198450131	t	\N	\N	10.10.10.2	10.10.10.202	Profile_LoadTest	2026-06-02 07:53:24.404	2026-06-02 07:53:24.404	\N	\N	\N	\N	\N	[[-6.200911615355316,106.8233709169582],[-6.200810347425949,106.823198450131]]
2460	4	loadtest_pppoe_456	3966	-6.201002025890492	106.8231925187095	t	\N	\N	10.10.10.2	10.10.10.203	Profile_LoadTest	2026-06-02 07:53:24.404	2026-06-02 07:53:24.404	\N	\N	\N	\N	\N	[[-6.200911615355316,106.8233709169582],[-6.201002025890492,106.82319251870952]]
2461	4	loadtest_pppoe_457	3967	-6.201110581325944	106.8233506058152	t	\N	\N	10.10.10.2	10.10.10.204	Profile_LoadTest	2026-06-02 07:53:24.404	2026-06-02 07:53:24.404	\N	\N	\N	\N	\N	[[-6.200911615355316,106.8233709169582],[-6.201110581325944,106.82335060581515]]
2462	4	loadtest_pppoe_458	3968	-6.201036208365578	106.823527366892	f	\N	\N	10.10.10.2	10.10.10.205	Profile_LoadTest	2026-06-02 07:53:24.404	2026-06-02 07:53:24.404	\N	\N	\N	\N	\N	[[-6.200911615355316,106.8233709169582],[-6.201036208365578,106.82352736689202]]
2463	4	loadtest_pppoe_459	3969	-6.200847285166168	106.8235602886212	t	\N	\N	10.10.10.2	10.10.10.206	Profile_LoadTest	2026-06-02 07:53:24.404	2026-06-02 07:53:24.404	\N	\N	\N	\N	\N	[[-6.200911615355316,106.8233709169582],[-6.200847285166168,106.82356028862124]]
2464	4	loadtest_pppoe_460	3970	-6.200717506845986	106.8234191029168	t	\N	\N	10.10.10.2	10.10.10.207	Profile_LoadTest	2026-06-02 07:53:24.404	2026-06-02 07:53:24.404	\N	\N	\N	\N	\N	[[-6.200911615355316,106.8233709169582],[-6.200717506845986,106.82341910291679]]
2465	4	loadtest_pppoe_461	3977	-6.201544406219008	106.8226734577399	t	\N	\N	10.10.10.2	10.10.10.208	Profile_LoadTest	2026-06-02 07:53:24.404	2026-06-02 07:53:24.404	\N	\N	\N	\N	\N	[[-6.20168983058022,106.8228107594339],[-6.201544406219008,106.82267345773994]]
2466	4	loadtest_pppoe_462	3978	-6.201726792854166	106.8226142046316	t	\N	\N	10.10.10.2	10.10.10.209	Profile_LoadTest	2026-06-02 07:53:24.404	2026-06-02 07:53:24.404	\N	\N	\N	\N	\N	[[-6.20168983058022,106.8228107594339],[-6.201726792854166,106.82261420463162]]
2467	4	loadtest_pppoe_463	3979	-6.201875196545118	106.8227356631021	f	\N	\N	10.10.10.2	10.10.10.210	Profile_LoadTest	2026-06-02 07:53:24.404	2026-06-02 07:53:24.404	\N	\N	\N	\N	\N	[[-6.20168983058022,106.8228107594339],[-6.201875196545118,106.82273566310205]]
2468	4	loadtest_pppoe_464	3980	-6.201853175622801	106.8229261647937	f	\N	\N	10.10.10.2	10.10.10.211	Profile_LoadTest	2026-06-02 07:53:24.404	2026-06-02 07:53:24.404	\N	\N	\N	\N	\N	[[-6.20168983058022,106.8228107594339],[-6.2018531756228015,106.82292616479369]]
2469	4	loadtest_pppoe_465	3981	-6.201680976021639	106.8230105633297	t	\N	\N	10.10.10.2	10.10.10.212	Profile_LoadTest	2026-06-02 07:53:24.404	2026-06-02 07:53:24.404	\N	\N	\N	\N	\N	[[-6.20168983058022,106.8228107594339],[-6.201680976021639,106.82301056332975]]
2470	4	loadtest_pppoe_466	3982	-6.201516917260801	106.8229112630854	t	\N	\N	10.10.10.2	10.10.10.213	Profile_LoadTest	2026-06-02 07:53:24.404	2026-06-02 07:53:24.404	\N	\N	\N	\N	\N	[[-6.20168983058022,106.8228107594339],[-6.201516917260801,106.82291126308542]]
2471	4	loadtest_pppoe_467	3983	-6.201511834208406	106.8227195602474	t	\N	\N	10.10.10.2	10.10.10.214	Profile_LoadTest	2026-06-02 07:53:24.404	2026-06-02 07:53:24.404	\N	\N	\N	\N	\N	[[-6.20168983058022,106.8228107594339],[-6.201511834208406,106.82271956024739]]
2472	4	loadtest_pppoe_468	3984	-6.201670400199384	106.8226117055209	t	\N	\N	10.10.10.2	10.10.10.215	Profile_LoadTest	2026-06-02 07:53:24.404	2026-06-02 07:53:24.404	\N	\N	\N	\N	\N	[[-6.20168983058022,106.8228107594339],[-6.201670400199384,106.82261170552086]]
2473	4	loadtest_pppoe_469	3985	-6.201846830392895	106.822686860044	t	\N	\N	10.10.10.2	10.10.10.216	Profile_LoadTest	2026-06-02 07:53:24.404	2026-06-02 07:53:24.404	\N	\N	\N	\N	\N	[[-6.20168983058022,106.8228107594339],[-6.201846830392895,106.822686860044]]
2474	4	loadtest_pppoe_470	3986	-6.201878915682673	106.8228759270948	t	\N	\N	10.10.10.2	10.10.10.217	Profile_LoadTest	2026-06-02 07:53:24.404	2026-06-02 07:53:24.404	\N	\N	\N	\N	\N	[[-6.20168983058022,106.8228107594339],[-6.2018789156826735,106.82287592709483]]
2475	4	loadtest_pppoe_471	3993	-6.202628984785337	106.8233572704284	t	\N	\N	10.10.10.2	10.10.10.218	Profile_LoadTest	2026-06-02 07:53:24.404	2026-06-02 07:53:24.404	\N	\N	\N	\N	\N	[[-6.202581658364289,106.8231629505636],[-6.202628984785337,106.82335727042843]]
2476	4	loadtest_pppoe_472	3994	-6.202443714410676	106.8233077658448	t	\N	\N	10.10.10.2	10.10.10.219	Profile_LoadTest	2026-06-02 07:53:24.404	2026-06-02 07:53:24.404	\N	\N	\N	\N	\N	[[-6.202581658364289,106.8231629505636],[-6.202443714410676,106.82330776584477]]
2477	4	loadtest_pppoe_473	3995	-6.202385269070806	106.8231251187594	t	\N	\N	10.10.10.2	10.10.10.220	Profile_LoadTest	2026-06-02 07:53:24.404	2026-06-02 07:53:24.404	\N	\N	\N	\N	\N	[[-6.202581658364289,106.8231629505636],[-6.202385269070806,106.82312511875945]]
2478	4	loadtest_pppoe_474	3996	-6.202507383141668	106.8229772540604	t	\N	\N	10.10.10.2	10.10.10.221	Profile_LoadTest	2026-06-02 07:53:24.404	2026-06-02 07:53:24.404	\N	\N	\N	\N	\N	[[-6.202581658364289,106.8231629505636],[-6.202507383141668,106.82297725406039]]
2479	4	loadtest_pppoe_475	3997	-6.20269778550967	106.82300011787	t	\N	\N	10.10.10.2	10.10.10.222	Profile_LoadTest	2026-06-02 07:53:24.404	2026-06-02 07:53:24.404	\N	\N	\N	\N	\N	[[-6.202581658364289,106.8231629505636],[-6.20269778550967,106.82300011787]]
2480	4	loadtest_pppoe_476	3998	-6.202781421115756	106.8231726893072	t	\N	\N	10.10.10.2	10.10.10.223	Profile_LoadTest	2026-06-02 07:53:24.404	2026-06-02 07:53:24.404	\N	\N	\N	\N	\N	[[-6.202581658364289,106.8231629505636],[-6.202781421115756,106.82317268930716]]
2481	4	loadtest_pppoe_477	3999	-6.202681395769396	106.8233363069884	t	\N	\N	10.10.10.2	10.10.10.224	Profile_LoadTest	2026-06-02 07:53:24.404	2026-06-02 07:53:24.404	\N	\N	\N	\N	\N	[[-6.202581658364289,106.8231629505636],[-6.202681395769396,106.82333630698841]]
2482	4	loadtest_pppoe_478	4000	-6.202489672312743	106.8233405415722	t	\N	\N	10.10.10.2	10.10.10.225	Profile_LoadTest	2026-06-02 07:53:24.404	2026-06-02 07:53:24.404	\N	\N	\N	\N	\N	[[-6.202581658364289,106.8231629505636],[-6.202489672312743,106.82334054157216]]
2483	4	loadtest_pppoe_479	4001	-6.202382520407665	106.8231814998016	t	\N	\N	10.10.10.2	10.10.10.226	Profile_LoadTest	2026-06-02 07:53:24.404	2026-06-02 07:53:24.404	\N	\N	\N	\N	\N	[[-6.202581658364289,106.8231629505636],[-6.2023825204076655,106.82318149980165]]
2484	4	loadtest_pppoe_480	4002	-6.202458455021536	106.8230054039472	t	\N	\N	10.10.10.2	10.10.10.227	Profile_LoadTest	2026-06-02 07:53:24.404	2026-06-02 07:53:24.404	\N	\N	\N	\N	\N	[[-6.202581658364289,106.8231629505636],[-6.202458455021536,106.82300540394722]]
2485	4	loadtest_pppoe_481	4009	-6.202833160211989	106.8239148926085	t	\N	\N	10.10.10.2	10.10.10.228	Profile_LoadTest	2026-06-02 07:53:24.404	2026-06-02 07:53:24.404	\N	\N	\N	\N	\N	[[-6.202767156355725,106.8241036874468],[-6.202833160211989,106.82391489260853]]
2486	4	loadtest_pppoe_482	4010	-6.202961683769948	106.8240572214903	t	\N	\N	10.10.10.2	10.10.10.229	Profile_LoadTest	2026-06-02 07:53:24.404	2026-06-02 07:53:24.404	\N	\N	\N	\N	\N	[[-6.202767156355725,106.8241036874468],[-6.202961683769948,106.82405722149026]]
2487	4	loadtest_pppoe_483	4011	-6.202911359720381	106.8242422709582	t	\N	\N	10.10.10.2	10.10.10.230	Profile_LoadTest	2026-06-02 07:53:24.404	2026-06-02 07:53:24.404	\N	\N	\N	\N	\N	[[-6.202767156355725,106.8241036874468],[-6.202911359720381,106.82424227095815]]
2488	4	loadtest_pppoe_484	4012	-6.202728455762377	106.8242999073848	t	\N	\N	10.10.10.2	10.10.10.231	Profile_LoadTest	2026-06-02 07:53:24.404	2026-06-02 07:53:24.404	\N	\N	\N	\N	\N	[[-6.202767156355725,106.8241036874468],[-6.202728455762377,106.82429990738481]]
2489	4	loadtest_pppoe_485	4013	-6.202581132951421	106.8241771401054	f	\N	\N	10.10.10.2	10.10.10.232	Profile_LoadTest	2026-06-02 07:53:24.404	2026-06-02 07:53:24.404	\N	\N	\N	\N	\N	[[-6.202767156355725,106.8241036874468],[-6.202581132951421,106.82417714010536]]
2490	4	loadtest_pppoe_486	4014	-6.202604839200491	106.8239868407904	t	\N	\N	10.10.10.2	10.10.10.233	Profile_LoadTest	2026-06-02 07:53:24.404	2026-06-02 07:53:24.404	\N	\N	\N	\N	\N	[[-6.202767156355725,106.8241036874468],[-6.202604839200491,106.82398684079037]]
2491	4	loadtest_pppoe_487	4015	-6.202777779093521	106.8239039697524	t	\N	\N	10.10.10.2	10.10.10.234	Profile_LoadTest	2026-06-02 07:53:24.404	2026-06-02 07:53:24.404	\N	\N	\N	\N	\N	[[-6.202767156355725,106.8241036874468],[-6.202777779093521,106.82390396975244]]
2492	4	loadtest_pppoe_488	4016	-6.20294095249041	106.8240047182416	t	\N	\N	10.10.10.2	10.10.10.235	Profile_LoadTest	2026-06-02 07:53:24.404	2026-06-02 07:53:24.404	\N	\N	\N	\N	\N	[[-6.202767156355725,106.8241036874468],[-6.20294095249041,106.82400471824164]]
2493	4	loadtest_pppoe_489	4017	-6.202944338522572	106.8241964585616	t	\N	\N	10.10.10.2	10.10.10.236	Profile_LoadTest	2026-06-02 07:53:24.404	2026-06-02 07:53:24.404	\N	\N	\N	\N	\N	[[-6.202767156355725,106.8241036874468],[-6.202944338522572,106.82419645856164]]
2494	4	loadtest_pppoe_490	4018	-6.202784824087654	106.8243029055465	t	\N	\N	10.10.10.2	10.10.10.237	Profile_LoadTest	2026-06-02 07:53:24.404	2026-06-02 07:53:24.404	\N	\N	\N	\N	\N	[[-6.202767156355725,106.8241036874468],[-6.2027848240876535,106.82430290554649]]
2495	4	loadtest_pppoe_491	4025	-6.201917688222422	106.824890565814	t	\N	\N	10.10.10.2	10.10.10.238	Profile_LoadTest	2026-06-02 07:53:24.404	2026-06-02 07:53:24.404	\N	\N	\N	\N	\N	[[-6.202075778556669,106.8247680609316],[-6.201917688222422,106.82489056581403]]
2496	4	loadtest_pppoe_492	4026	-6.201887277680482	106.8247012221728	t	\N	\N	10.10.10.2	10.10.10.239	Profile_LoadTest	2026-06-02 07:53:24.404	2026-06-02 07:53:24.404	\N	\N	\N	\N	\N	[[-6.202075778556669,106.8247680609316],[-6.201887277680482,106.8247012221728]]
2497	4	loadtest_pppoe_493	4027	-6.202030173974793	106.8245733297782	t	\N	\N	10.10.10.2	10.10.10.240	Profile_LoadTest	2026-06-02 07:53:24.404	2026-06-02 07:53:24.404	\N	\N	\N	\N	\N	[[-6.202075778556669,106.8247680609316],[-6.2020301739747925,106.82457332977819]]
2498	4	loadtest_pppoe_494	4028	-6.202214998911363	106.824624472308	t	\N	\N	10.10.10.2	10.10.10.241	Profile_LoadTest	2026-06-02 07:53:24.404	2026-06-02 07:53:24.404	\N	\N	\N	\N	\N	[[-6.202075778556669,106.8247680609316],[-6.202214998911363,106.82462447230796]]
2499	4	loadtest_pppoe_495	4029	-6.202271825295875	106.8248076295561	t	\N	\N	10.10.10.2	10.10.10.242	Profile_LoadTest	2026-06-02 07:53:24.404	2026-06-02 07:53:24.404	\N	\N	\N	\N	\N	[[-6.202075778556669,106.8247680609316],[-6.202271825295875,106.82480762955612]]
2500	4	loadtest_pppoe_496	4030	-6.202148407212476	106.8249544075934	t	\N	\N	10.10.10.2	10.10.10.243	Profile_LoadTest	2026-06-02 07:53:24.404	2026-06-02 07:53:24.404	\N	\N	\N	\N	\N	[[-6.202075778556669,106.8247680609316],[-6.202148407212476,106.82495440759338]]
2501	4	loadtest_pppoe_497	4031	-6.201958214677872	106.8249298593692	t	\N	\N	10.10.10.2	10.10.10.244	Profile_LoadTest	2026-06-02 07:53:24.404	2026-06-02 07:53:24.404	\N	\N	\N	\N	\N	[[-6.202075778556669,106.8247680609316],[-6.201958214677872,106.82492985936918]]
2502	4	loadtest_pppoe_498	4032	-6.20187610983126	106.8247565544076	t	\N	\N	10.10.10.2	10.10.10.245	Profile_LoadTest	2026-06-02 07:53:24.404	2026-06-02 07:53:24.404	\N	\N	\N	\N	\N	[[-6.202075778556669,106.8247680609316],[-6.20187610983126,106.82475655440764]]
2503	4	loadtest_pppoe_499	4033	-6.201977579489968	106.8245938284912	t	\N	\N	10.10.10.2	10.10.10.246	Profile_LoadTest	2026-06-02 07:53:24.404	2026-06-02 07:53:24.404	\N	\N	\N	\N	\N	[[-6.202075778556669,106.8247680609316],[-6.201977579489968,106.82459382849117]]
2504	4	loadtest_pppoe_500	4034	-6.202169332917733	106.8245912910769	t	\N	\N	10.10.10.2	10.10.10.247	Profile_LoadTest	2026-06-02 07:53:24.404	2026-06-02 07:53:24.404	\N	\N	\N	\N	\N	[[-6.202075778556669,106.8247680609316],[-6.202169332917733,106.82459129107691]]
2505	4	loadtest_pppoe_501	4041	-6.194447656005295	106.8227431437024	t	\N	\N	10.10.10.2	10.10.10.248	Profile_LoadTest	2026-06-02 07:53:24.404	2026-06-02 07:53:24.404	\N	\N	\N	\N	\N	[[-6.19424836166458,106.8227599295821],[-6.194447656005295,106.82274314370235]]
2506	4	loadtest_pppoe_502	4042	-6.194370165687184	106.8229185605377	t	\N	\N	10.10.10.2	10.10.10.249	Profile_LoadTest	2026-06-02 07:53:24.404	2026-06-02 07:53:24.404	\N	\N	\N	\N	\N	[[-6.19424836166458,106.8227599295821],[-6.194370165687184,106.82291856053772]]
2507	4	loadtest_pppoe_503	4043	-6.19418068931242	106.8229481328041	t	\N	\N	10.10.10.2	10.10.10.250	Profile_LoadTest	2026-06-02 07:53:24.404	2026-06-02 07:53:24.404	\N	\N	\N	\N	\N	[[-6.19424836166458,106.8227599295821],[-6.19418068931242,106.82294813280406]]
2508	4	loadtest_pppoe_504	4044	-6.194053430586145	106.8228046718961	t	\N	\N	10.10.10.2	10.10.10.251	Profile_LoadTest	2026-06-02 07:53:24.404	2026-06-02 07:53:24.404	\N	\N	\N	\N	\N	[[-6.19424836166458,106.8227599295821],[-6.194053430586145,106.82280467189608]]
2509	4	loadtest_pppoe_505	4045	-6.194105390594411	106.822620075111	t	\N	\N	10.10.10.2	10.10.10.252	Profile_LoadTest	2026-06-02 07:53:24.404	2026-06-02 07:53:24.404	\N	\N	\N	\N	\N	[[-6.19424836166458,106.8227599295821],[-6.1941053905944115,106.82262007511098]]
2510	4	loadtest_pppoe_506	4046	-6.194288797545247	106.8225640598817	t	\N	\N	10.10.10.2	10.10.10.253	Profile_LoadTest	2026-06-02 07:53:24.404	2026-06-02 07:53:24.404	\N	\N	\N	\N	\N	[[-6.19424836166458,106.8227599295821],[-6.194288797545247,106.82256405988166]]
2511	4	loadtest_pppoe_507	4047	-6.194435027933877	106.8226881263516	t	\N	\N	10.10.10.2	10.10.10.254	Profile_LoadTest	2026-06-02 07:53:24.404	2026-06-02 07:53:24.404	\N	\N	\N	\N	\N	[[-6.19424836166458,106.8227599295821],[-6.194435027933877,106.82268812635162]]
2512	4	loadtest_pppoe_508	4048	-6.194409638215371	106.8228782083806	f	\N	\N	10.10.10.3	10.10.10.1	Profile_LoadTest	2026-06-02 07:53:24.404	2026-06-02 07:53:24.404	\N	\N	\N	\N	\N	[[-6.19424836166458,106.8227599295821],[-6.194409638215371,106.82287820838056]]
2513	4	loadtest_pppoe_509	4049	-6.194235971579833	106.8229595454277	t	\N	\N	10.10.10.3	10.10.10.2	Profile_LoadTest	2026-06-02 07:53:24.404	2026-06-02 07:53:24.404	\N	\N	\N	\N	\N	[[-6.19424836166458,106.8227599295821],[-6.1942359715798325,106.82295954542766]]
2514	4	loadtest_pppoe_510	4050	-6.194073696331071	106.8228573565869	t	\N	\N	10.10.10.3	10.10.10.3	Profile_LoadTest	2026-06-02 07:53:24.404	2026-06-02 07:53:24.404	\N	\N	\N	\N	\N	[[-6.19424836166458,106.8227599295821],[-6.194073696331071,106.82285735658694]]
2515	4	loadtest_pppoe_511	4057	-6.193755609168229	106.8217604488297	t	\N	\N	10.10.10.3	10.10.10.4	Profile_LoadTest	2026-06-02 07:53:24.404	2026-06-02 07:53:24.404	\N	\N	\N	\N	\N	[[-6.193931963248382,106.8218547846045],[-6.193755609168229,106.82176044882966]]
2516	4	loadtest_pppoe_512	4058	-6.193916059549579	106.8216554179263	t	\N	\N	10.10.10.3	10.10.10.5	Profile_LoadTest	2026-06-02 07:53:24.404	2026-06-02 07:53:24.404	\N	\N	\N	\N	\N	[[-6.193931963248382,106.8218547846045],[-6.193916059549579,106.82165541792632]]
2517	4	loadtest_pppoe_513	4059	-6.194091131718264	106.8217336838275	t	\N	\N	10.10.10.3	10.10.10.6	Profile_LoadTest	2026-06-02 07:53:24.404	2026-06-02 07:53:24.404	\N	\N	\N	\N	\N	[[-6.193931963248382,106.8218547846045],[-6.194091131718264,106.82173368382747]]
2518	4	loadtest_pppoe_514	4060	-6.194119865129782	106.8219232892245	t	\N	\N	10.10.10.3	10.10.10.7	Profile_LoadTest	2026-06-02 07:53:24.404	2026-06-02 07:53:24.404	\N	\N	\N	\N	\N	[[-6.193931963248382,106.8218547846045],[-6.194119865129782,106.82192328922453]]
2519	4	loadtest_pppoe_515	4061	-6.193975842418094	106.8220499117898	t	\N	\N	10.10.10.3	10.10.10.8	Profile_LoadTest	2026-06-02 07:53:24.404	2026-06-02 07:53:24.404	\N	\N	\N	\N	\N	[[-6.193931963248382,106.8218547846045],[-6.193975842418094,106.82204991178985]]
2520	4	loadtest_pppoe_516	4062	-6.193791477400132	106.8219971353208	t	\N	\N	10.10.10.3	10.10.10.9	Profile_LoadTest	2026-06-02 07:53:24.404	2026-06-02 07:53:24.404	\N	\N	\N	\N	\N	[[-6.193931963248382,106.8218547846045],[-6.193791477400132,106.82199713532083]]
2521	4	loadtest_pppoe_517	4063	-6.193736274423166	106.8218134822597	f	\N	\N	10.10.10.3	10.10.10.10	Profile_LoadTest	2026-06-02 07:53:24.404	2026-06-02 07:53:24.404	\N	\N	\N	\N	\N	[[-6.193931963248382,106.8218547846045],[-6.193736274423166,106.8218134822597]]
2522	4	loadtest_pppoe_518	4064	-6.193860986849638	106.8216678023839	t	\N	\N	10.10.10.3	10.10.10.11	Profile_LoadTest	2026-06-02 07:53:24.404	2026-06-02 07:53:24.404	\N	\N	\N	\N	\N	[[-6.193931963248382,106.8218547846045],[-6.193860986849638,106.8216678023839]]
2523	4	loadtest_pppoe_519	4065	-6.19405095464979	106.8216940330994	t	\N	\N	10.10.10.3	10.10.10.12	Profile_LoadTest	2026-06-02 07:53:24.404	2026-06-02 07:53:24.404	\N	\N	\N	\N	\N	[[-6.193931963248382,106.8218547846045],[-6.19405095464979,106.8216940330994]]
2524	4	loadtest_pppoe_520	4066	-6.194131522304244	106.8218680580074	t	\N	\N	10.10.10.3	10.10.10.13	Profile_LoadTest	2026-06-02 07:53:24.404	2026-06-02 07:53:24.404	\N	\N	\N	\N	\N	[[-6.193931963248382,106.8218547846045],[-6.194131522304244,106.82186805800735]]
2525	4	loadtest_pppoe_521	4073	-6.194619318724912	106.8212745874045	f	\N	\N	10.10.10.3	10.10.10.14	Profile_LoadTest	2026-06-02 07:53:24.404	2026-06-02 07:53:24.404	\N	\N	\N	\N	\N	[[-6.194522665690242,106.8210994925991],[-6.194619318724912,106.82127458740453]]
2526	4	loadtest_pppoe_522	4074	-6.194427550349382	106.8212754274505	f	\N	\N	10.10.10.3	10.10.10.15	Profile_LoadTest	2026-06-02 07:53:24.404	2026-06-02 07:53:24.404	\N	\N	\N	\N	\N	[[-6.194522665690242,106.8210994925991],[-6.194427550349382,106.82127542745049]]
2527	4	loadtest_pppoe_523	4075	-6.194323230579592	106.8211145138054	t	\N	\N	10.10.10.3	10.10.10.16	Profile_LoadTest	2026-06-02 07:53:24.404	2026-06-02 07:53:24.404	\N	\N	\N	\N	\N	[[-6.194522665690242,106.8210994925991],[-6.194323230579592,106.82111451380544]]
2528	4	loadtest_pppoe_524	4076	-6.194402270530791	106.8209397897326	f	\N	\N	10.10.10.3	10.10.10.17	Profile_LoadTest	2026-06-02 07:53:24.404	2026-06-02 07:53:24.404	\N	\N	\N	\N	\N	[[-6.194522665690242,106.8210994925991],[-6.194402270530791,106.82093978973256]]
2529	4	loadtest_pppoe_525	4077	-6.194592001236359	106.8209118957387	t	\N	\N	10.10.10.3	10.10.10.18	Profile_LoadTest	2026-06-02 07:53:24.404	2026-06-02 07:53:24.404	\N	\N	\N	\N	\N	[[-6.194522665690242,106.8210994925991],[-6.194592001236359,106.82091189573867]]
2530	4	loadtest_pppoe_526	4078	-6.194717985160583	106.8210564774331	t	\N	\N	10.10.10.3	10.10.10.19	Profile_LoadTest	2026-06-02 07:53:24.404	2026-06-02 07:53:24.404	\N	\N	\N	\N	\N	[[-6.194522665690242,106.8210994925991],[-6.194717985160583,106.8210564774331]]
2531	4	loadtest_pppoe_527	4079	-6.194664393264538	106.8212406070728	t	\N	\N	10.10.10.3	10.10.10.20	Profile_LoadTest	2026-06-02 07:53:24.404	2026-06-02 07:53:24.404	\N	\N	\N	\N	\N	[[-6.194522665690242,106.8210994925991],[-6.194664393264538,106.8212406070728]]
2532	4	loadtest_pppoe_528	4080	-6.194480497690295	106.8212949967161	t	\N	\N	10.10.10.3	10.10.10.21	Profile_LoadTest	2026-06-02 07:53:24.404	2026-06-02 07:53:24.404	\N	\N	\N	\N	\N	[[-6.194522665690242,106.8210994925991],[-6.194480497690295,106.82129499671615]]
2533	4	loadtest_pppoe_529	4081	-6.194335371180735	106.8211696407759	f	\N	\N	10.10.10.3	10.10.10.22	Profile_LoadTest	2026-06-02 07:53:24.404	2026-06-02 07:53:24.404	\N	\N	\N	\N	\N	[[-6.194522665690242,106.8210994925991],[-6.194335371180735,106.8211696407759]]
2534	4	loadtest_pppoe_530	4082	-6.194362442379463	106.8209797909254	f	\N	\N	10.10.10.3	10.10.10.23	Profile_LoadTest	2026-06-02 07:53:24.404	2026-06-02 07:53:24.404	\N	\N	\N	\N	\N	[[-6.194522665690242,106.8210994925991],[-6.194362442379463,106.82097979092542]]
2535	4	loadtest_pppoe_531	4089	-6.195491536350247	106.820988967195	t	\N	\N	10.10.10.3	10.10.10.24	Profile_LoadTest	2026-06-02 07:53:24.404	2026-06-02 07:53:24.404	\N	\N	\N	\N	\N	[[-6.195477379889275,106.8211884655524],[-6.1954915363502465,106.82098896719498]]
2536	4	loadtest_pppoe_532	4090	-6.195652900737065	106.821092588381	t	\N	\N	10.10.10.3	10.10.10.25	Profile_LoadTest	2026-06-02 07:53:24.404	2026-06-02 07:53:24.404	\N	\N	\N	\N	\N	[[-6.195477379889275,106.8211884655524],[-6.195652900737065,106.82109258838102]]
2537	4	loadtest_pppoe_533	4091	-6.195652892065882	106.8212843585963	t	\N	\N	10.10.10.3	10.10.10.26	Profile_LoadTest	2026-06-02 07:53:24.404	2026-06-02 07:53:24.404	\N	\N	\N	\N	\N	[[-6.195477379889275,106.8211884655524],[-6.1956528920658815,106.82128435859627]]
2538	4	loadtest_pppoe_534	4092	-6.195491518308942	106.8213879651892	f	\N	\N	10.10.10.3	10.10.10.27	Profile_LoadTest	2026-06-02 07:53:24.404	2026-06-02 07:53:24.404	\N	\N	\N	\N	\N	[[-6.195477379889275,106.8211884655524],[-6.195491518308942,106.82138796518922]]
2539	4	loadtest_pppoe_535	4093	-6.195317145754163	106.8213081527361	t	\N	\N	10.10.10.3	10.10.10.28	Profile_LoadTest	2026-06-02 07:53:24.404	2026-06-02 07:53:24.404	\N	\N	\N	\N	\N	[[-6.195477379889275,106.8211884655524],[-6.195317145754163,106.82130815273611]]
2540	4	loadtest_pppoe_536	4094	-6.195290091724249	106.8211183004383	t	\N	\N	10.10.10.3	10.10.10.29	Profile_LoadTest	2026-06-02 07:53:24.404	2026-06-02 07:53:24.404	\N	\N	\N	\N	\N	[[-6.195477379889275,106.8211884655524],[-6.195290091724249,106.82111830043827]]
2541	4	loadtest_pppoe_537	4095	-6.195435229569536	106.8209929576228	t	\N	\N	10.10.10.3	10.10.10.30	Profile_LoadTest	2026-06-02 07:53:24.404	2026-06-02 07:53:24.404	\N	\N	\N	\N	\N	[[-6.195477379889275,106.8211884655524],[-6.195435229569536,106.82099295762278]]
2542	4	loadtest_pppoe_538	4096	-6.195619120224405	106.8210473638961	t	\N	\N	10.10.10.3	10.10.10.31	Profile_LoadTest	2026-06-02 07:53:24.404	2026-06-02 07:53:24.404	\N	\N	\N	\N	\N	[[-6.195477379889275,106.8211884655524],[-6.195619120224405,106.82104736389614]]
2543	4	loadtest_pppoe_539	4097	-6.195672695468825	106.8212314983816	t	\N	\N	10.10.10.3	10.10.10.32	Profile_LoadTest	2026-06-02 07:53:24.404	2026-06-02 07:53:24.404	\N	\N	\N	\N	\N	[[-6.195477379889275,106.8211884655524],[-6.195672695468825,106.82123149838155]]
2544	4	loadtest_pppoe_540	4098	-6.19554669847015	106.8213760686823	t	\N	\N	10.10.10.3	10.10.10.33	Profile_LoadTest	2026-06-02 07:53:24.404	2026-06-02 07:53:24.404	\N	\N	\N	\N	\N	[[-6.195477379889275,106.8211884655524],[-6.19554669847015,106.82137606868228]]
2545	4	loadtest_pppoe_541	4105	-6.195797936412404	106.8221995941198	t	\N	\N	10.10.10.3	10.10.10.34	Profile_LoadTest	2026-06-02 07:53:24.404	2026-06-02 07:53:24.404	\N	\N	\N	\N	\N	[[-6.195918346013782,106.8220399021416],[-6.195797936412404,106.82219959411978]]
2546	4	loadtest_pppoe_542	4106	-6.195718912262361	106.8220248628998	t	\N	\N	10.10.10.3	10.10.10.35	Profile_LoadTest	2026-06-02 07:53:24.404	2026-06-02 07:53:24.404	\N	\N	\N	\N	\N	[[-6.195918346013782,106.8220399021416],[-6.195718912262361,106.82202486289978]]
2547	4	loadtest_pppoe_543	4107	-6.195823246583638	106.8218639586894	t	\N	\N	10.10.10.3	10.10.10.36	Profile_LoadTest	2026-06-02 07:53:24.404	2026-06-02 07:53:24.404	\N	\N	\N	\N	\N	[[-6.195918346013782,106.8220399021416],[-6.195823246583638,106.82186395868936]]
2548	4	loadtest_pppoe_544	4108	-6.196015014882415	106.8218648160775	t	\N	\N	10.10.10.3	10.10.10.37	Profile_LoadTest	2026-06-02 07:53:24.404	2026-06-02 07:53:24.404	\N	\N	\N	\N	\N	[[-6.195918346013782,106.8220399021416],[-6.196015014882415,106.82186481607751]]
2549	4	loadtest_pppoe_545	4109	-6.196117906269182	106.8220266467855	f	\N	\N	10.10.10.3	10.10.10.38	Profile_LoadTest	2026-06-02 07:53:24.404	2026-06-02 07:53:24.404	\N	\N	\N	\N	\N	[[-6.195918346013782,106.8220399021416],[-6.1961179062691825,106.82202664678553]]
2550	4	loadtest_pppoe_546	4110	-6.196037322877454	106.8222006644068	t	\N	\N	10.10.10.3	10.10.10.39	Profile_LoadTest	2026-06-02 07:53:24.404	2026-06-02 07:53:24.404	\N	\N	\N	\N	\N	[[-6.195918346013782,106.8220399021416],[-6.196037322877454,106.8222006644068]]
2551	4	loadtest_pppoe_547	4111	-6.195847352705955	106.8222268779428	t	\N	\N	10.10.10.3	10.10.10.40	Profile_LoadTest	2026-06-02 07:53:24.404	2026-06-02 07:53:24.404	\N	\N	\N	\N	\N	[[-6.195918346013782,106.8220399021416],[-6.195847352705955,106.82222687794282]]
2552	4	loadtest_pppoe_548	4112	-6.195722653454269	106.8220811867895	t	\N	\N	10.10.10.3	10.10.10.41	Profile_LoadTest	2026-06-02 07:53:24.404	2026-06-02 07:53:24.404	\N	\N	\N	\N	\N	[[-6.195918346013782,106.8220399021416],[-6.195722653454269,106.82208118678949]]
2553	4	loadtest_pppoe_549	4113	-6.195777873039318	106.8218975387213	t	\N	\N	10.10.10.3	10.10.10.42	Profile_LoadTest	2026-06-02 07:53:24.404	2026-06-02 07:53:24.404	\N	\N	\N	\N	\N	[[-6.195918346013782,106.8220399021416],[-6.195777873039318,106.82189753872127]]
2554	4	loadtest_pppoe_550	4114	-6.195962242829264	106.8218447789252	t	\N	\N	10.10.10.3	10.10.10.43	Profile_LoadTest	2026-06-02 07:53:24.404	2026-06-02 07:53:24.404	\N	\N	\N	\N	\N	[[-6.195918346013782,106.8220399021416],[-6.195962242829264,106.82184477892517]]
2555	4	loadtest_pppoe_551	4121	-6.195628049918224	106.8228025078658	t	\N	\N	10.10.10.3	10.10.10.44	Profile_LoadTest	2026-06-02 07:53:24.404	2026-06-02 07:53:24.404	\N	\N	\N	\N	\N	[[-6.19544014184251,106.822870995493],[-6.195628049918224,106.82280250786579]]
2556	4	loadtest_pppoe_552	4122	-6.195599299360228	106.8229921106636	t	\N	\N	10.10.10.3	10.10.10.45	Profile_LoadTest	2026-06-02 07:53:24.404	2026-06-02 07:53:24.404	\N	\N	\N	\N	\N	[[-6.19544014184251,106.822870995493],[-6.195599299360228,106.82299211066362]]
2557	4	loadtest_pppoe_553	4123	-6.195424220114433	106.8230703607321	t	\N	\N	10.10.10.3	10.10.10.46	Profile_LoadTest	2026-06-02 07:53:24.404	2026-06-02 07:53:24.404	\N	\N	\N	\N	\N	[[-6.19544014184251,106.822870995493],[-6.195424220114433,106.82307036073215]]
2558	4	loadtest_pppoe_554	4124	-6.195263779232006	106.8229653153192	t	\N	\N	10.10.10.3	10.10.10.47	Profile_LoadTest	2026-06-02 07:53:24.404	2026-06-02 07:53:24.404	\N	\N	\N	\N	\N	[[-6.19544014184251,106.822870995493],[-6.195263779232006,106.82296531531921]]
2559	4	loadtest_pppoe_555	4125	-6.195265485320338	106.8227735526931	t	\N	\N	10.10.10.3	10.10.10.48	Profile_LoadTest	2026-06-02 07:53:24.404	2026-06-02 07:53:24.404	\N	\N	\N	\N	\N	[[-6.19544014184251,106.822870995493],[-6.195265485320338,106.82277355269305]]
2560	4	loadtest_pppoe_556	4126	-6.195427769809685	106.8226713785278	t	\N	\N	10.10.10.3	10.10.10.49	Profile_LoadTest	2026-06-02 07:53:24.404	2026-06-02 07:53:24.404	\N	\N	\N	\N	\N	[[-6.19544014184251,106.822870995493],[-6.195427769809685,106.82267137852779]]
2561	4	loadtest_pppoe_557	4127	-6.195601429088955	106.8227527312798	t	\N	\N	10.10.10.3	10.10.10.50	Profile_LoadTest	2026-06-02 07:53:24.404	2026-06-02 07:53:24.404	\N	\N	\N	\N	\N	[[-6.19544014184251,106.822870995493],[-6.1956014290889545,106.82275273127976]]
2562	4	loadtest_pppoe_558	4128	-6.195626801617657	106.822942815604	t	\N	\N	10.10.10.3	10.10.10.51	Profile_LoadTest	2026-06-02 07:53:24.404	2026-06-02 07:53:24.404	\N	\N	\N	\N	\N	[[-6.19544014184251,106.822870995493],[-6.195626801617657,106.822942815604]]
2563	4	loadtest_pppoe_559	4129	-6.195480560009915	106.8230668688494	t	\N	\N	10.10.10.3	10.10.10.52	Profile_LoadTest	2026-06-02 07:53:24.404	2026-06-02 07:53:24.404	\N	\N	\N	\N	\N	[[-6.19544014184251,106.822870995493],[-6.195480560009915,106.8230668688494]]
2564	4	loadtest_pppoe_560	4130	-6.195297158125459	106.8230108370342	f	\N	\N	10.10.10.3	10.10.10.53	Profile_LoadTest	2026-06-02 07:53:24.404	2026-06-02 07:53:24.404	\N	\N	\N	\N	\N	[[-6.19544014184251,106.822870995493],[-6.195297158125459,106.82301083703425]]
2565	4	loadtest_pppoe_561	4137	-6.194287499053721	106.8228728822703	f	\N	\N	10.10.10.3	10.10.10.54	Profile_LoadTest	2026-06-02 07:53:24.404	2026-06-02 07:53:24.404	\N	\N	\N	\N	\N	[[-6.194482426085175,106.8229176422123],[-6.194287499053721,106.82287288227029]]
2566	4	loadtest_pppoe_562	4138	-6.194414770753085	106.8227294328713	t	\N	\N	10.10.10.3	10.10.10.55	Profile_LoadTest	2026-06-02 07:53:24.404	2026-06-02 07:53:24.404	\N	\N	\N	\N	\N	[[-6.194482426085175,106.8229176422123],[-6.1944147707530846,106.8227294328713]]
2567	4	loadtest_pppoe_563	4139	-6.194604244452764	106.8227590222725	t	\N	\N	10.10.10.3	10.10.10.56	Profile_LoadTest	2026-06-02 07:53:24.404	2026-06-02 07:53:24.404	\N	\N	\N	\N	\N	[[-6.194482426085175,106.8229176422123],[-6.194604244452764,106.82275902227245]]
2568	4	loadtest_pppoe_564	4140	-6.194681718907076	106.8229344461148	t	\N	\N	10.10.10.3	10.10.10.57	Profile_LoadTest	2026-06-02 07:53:24.404	2026-06-02 07:53:24.404	\N	\N	\N	\N	\N	[[-6.194482426085175,106.8229176422123],[-6.194681718907076,106.82293444611479]]
2569	4	loadtest_pppoe_565	4141	-6.194575964460018	106.8230944205267	t	\N	\N	10.10.10.3	10.10.10.58	Profile_LoadTest	2026-06-02 07:53:24.404	2026-06-02 07:53:24.404	\N	\N	\N	\N	\N	[[-6.194482426085175,106.8229176422123],[-6.194575964460018,106.82309442052667]]
2570	4	loadtest_pppoe_566	4142	-6.194384211262504	106.8230918657716	t	\N	\N	10.10.10.3	10.10.10.59	Profile_LoadTest	2026-06-02 07:53:24.404	2026-06-02 07:53:24.404	\N	\N	\N	\N	\N	[[-6.194482426085175,106.8229176422123],[-6.194384211262504,106.82309186577159]]
2571	4	loadtest_pppoe_567	4143	-6.194282756320012	106.8229291306796	f	\N	\N	10.10.10.3	10.10.10.60	Profile_LoadTest	2026-06-02 07:53:24.404	2026-06-02 07:53:24.404	\N	\N	\N	\N	\N	[[-6.194482426085175,106.8229176422123],[-6.194282756320012,106.82292913067957]]
2572	4	loadtest_pppoe_568	4144	-6.194364876838788	106.8227558331437	t	\N	\N	10.10.10.3	10.10.10.61	Profile_LoadTest	2026-06-02 07:53:24.404	2026-06-02 07:53:24.404	\N	\N	\N	\N	\N	[[-6.194482426085175,106.8229176422123],[-6.194364876838788,106.82275583314373]]
2573	4	loadtest_pppoe_569	4145	-6.194555071592585	106.8227313021193	t	\N	\N	10.10.10.3	10.10.10.62	Profile_LoadTest	2026-06-02 07:53:24.404	2026-06-02 07:53:24.404	\N	\N	\N	\N	\N	[[-6.194482426085175,106.8229176422123],[-6.194555071592585,106.82273130211932]]
2574	4	loadtest_pppoe_570	4146	-6.194678476401892	106.8228780913171	t	\N	\N	10.10.10.3	10.10.10.63	Profile_LoadTest	2026-06-02 07:53:24.404	2026-06-02 07:53:24.404	\N	\N	\N	\N	\N	[[-6.194482426085175,106.8229176422123],[-6.194678476401892,106.82287809131705]]
2575	4	loadtest_pppoe_571	4153	-6.194064925561305	106.8222805567339	t	\N	\N	10.10.10.3	10.10.10.64	Profile_LoadTest	2026-06-02 07:53:24.404	2026-06-02 07:53:24.404	\N	\N	\N	\N	\N	[[-6.193925718192339,106.8221369555207],[-6.194064925561305,106.82228055673389]]
2576	4	loadtest_pppoe_572	4154	-6.193880096000515	106.8223316825492	t	\N	\N	10.10.10.3	10.10.10.65	Profile_LoadTest	2026-06-02 07:53:24.404	2026-06-02 07:53:24.404	\N	\N	\N	\N	\N	[[-6.193925718192339,106.8221369555207],[-6.193880096000515,106.82233168254916]]
2577	4	loadtest_pppoe_573	4155	-6.19373721127249	106.8222037772325	t	\N	\N	10.10.10.3	10.10.10.66	Profile_LoadTest	2026-06-02 07:53:24.404	2026-06-02 07:53:24.404	\N	\N	\N	\N	\N	[[-6.193925718192339,106.8221369555207],[-6.19373721127249,106.82220377723252]]
2578	4	loadtest_pppoe_574	4156	-6.19376763893723	106.8220144363422	t	\N	\N	10.10.10.3	10.10.10.67	Profile_LoadTest	2026-06-02 07:53:24.404	2026-06-02 07:53:24.404	\N	\N	\N	\N	\N	[[-6.193925718192339,106.8221369555207],[-6.19376763893723,106.82201443634219]]
2579	4	loadtest_pppoe_575	4157	-6.193943403940096	106.8219377390196	t	\N	\N	10.10.10.3	10.10.10.68	Profile_LoadTest	2026-06-02 07:53:24.404	2026-06-02 07:53:24.404	\N	\N	\N	\N	\N	[[-6.193925718192339,106.8221369555207],[-6.1939434039400965,106.82193773901956]]
2580	4	loadtest_pppoe_576	4158	-6.194102908748037	106.8220442004294	t	\N	\N	10.10.10.3	10.10.10.69	Profile_LoadTest	2026-06-02 07:53:24.404	2026-06-02 07:53:24.404	\N	\N	\N	\N	\N	[[-6.193925718192339,106.8221369555207],[-6.194102908748037,106.82204420042936]]
2581	4	loadtest_pppoe_577	4159	-6.194099505376224	106.8222359404424	t	\N	\N	10.10.10.3	10.10.10.70	Profile_LoadTest	2026-06-02 07:53:24.404	2026-06-02 07:53:24.404	\N	\N	\N	\N	\N	[[-6.193925718192339,106.8221369555207],[-6.194099505376224,106.82223594044237]]
2582	4	loadtest_pppoe_578	4160	-6.193936322869008	106.8223366741749	t	\N	\N	10.10.10.3	10.10.10.71	Profile_LoadTest	2026-06-02 07:53:24.404	2026-06-02 07:53:24.404	\N	\N	\N	\N	\N	[[-6.193925718192339,106.8221369555207],[-6.193936322869008,106.82233667417489]]
2583	4	loadtest_pppoe_579	4161	-6.193763390470967	106.8222537874978	t	\N	\N	10.10.10.3	10.10.10.72	Profile_LoadTest	2026-06-02 07:53:24.404	2026-06-02 07:53:24.404	\N	\N	\N	\N	\N	[[-6.193925718192339,106.8221369555207],[-6.193763390470967,106.82225378749781]]
2584	4	loadtest_pppoe_580	4162	-6.193739701431343	106.8220634860398	t	\N	\N	10.10.10.3	10.10.10.73	Profile_LoadTest	2026-06-02 07:53:24.404	2026-06-02 07:53:24.404	\N	\N	\N	\N	\N	[[-6.193925718192339,106.8221369555207],[-6.193739701431343,106.82206348603977]]
2585	4	loadtest_pppoe_581	4169	-6.194243169984864	106.8210504717253	t	\N	\N	10.10.10.3	10.10.10.74	Profile_LoadTest	2026-06-02 07:53:24.404	2026-06-02 07:53:24.404	\N	\N	\N	\N	\N	[[-6.194281852833284,106.8212466951623],[-6.194243169984864,106.82105047172527]]
2586	4	loadtest_pppoe_582	4170	-6.194426068729881	106.8211081246923	t	\N	\N	10.10.10.3	10.10.10.75	Profile_LoadTest	2026-06-02 07:53:24.404	2026-06-02 07:53:24.404	\N	\N	\N	\N	\N	[[-6.194281852833284,106.8212466951623],[-6.194426068729881,106.82110812469226]]
2587	4	loadtest_pppoe_583	4171	-6.194476376044653	106.8212931787103	t	\N	\N	10.10.10.3	10.10.10.76	Profile_LoadTest	2026-06-02 07:53:24.404	2026-06-02 07:53:24.404	\N	\N	\N	\N	\N	[[-6.194281852833284,106.8212466951623],[-6.194476376044653,106.82129317871035]]
2588	4	loadtest_pppoe_584	4172	-6.194347839615983	106.8214354959687	t	\N	\N	10.10.10.3	10.10.10.77	Profile_LoadTest	2026-06-02 07:53:24.404	2026-06-02 07:53:24.404	\N	\N	\N	\N	\N	[[-6.194281852833284,106.8212466951623],[-6.194347839615983,106.82143549596873]]
2589	4	loadtest_pppoe_585	4173	-6.194158635243612	106.8214042306364	t	\N	\N	10.10.10.3	10.10.10.78	Profile_LoadTest	2026-06-02 07:53:24.404	2026-06-02 07:53:24.404	\N	\N	\N	\N	\N	[[-6.194281852833284,106.8212466951623],[-6.194158635243612,106.82140423063639]]
2590	4	loadtest_pppoe_586	4174	-6.19408271655494	106.8212281279157	t	\N	\N	10.10.10.3	10.10.10.79	Profile_LoadTest	2026-06-02 07:53:24.404	2026-06-02 07:53:24.404	\N	\N	\N	\N	\N	[[-6.194281852833284,106.8212466951623],[-6.19408271655494,106.82122812791567]]
2591	4	loadtest_pppoe_587	4175	-6.194189882842212	106.8210690958359	t	\N	\N	10.10.10.3	10.10.10.80	Profile_LoadTest	2026-06-02 07:53:24.404	2026-06-02 07:53:24.404	\N	\N	\N	\N	\N	[[-6.194281852833284,106.8212466951623],[-6.194189882842212,106.8210690958359]]
2592	4	loadtest_pppoe_588	4176	-6.194381605915136	106.8210733477578	t	\N	\N	10.10.10.3	10.10.10.81	Profile_LoadTest	2026-06-02 07:53:24.404	2026-06-02 07:53:24.404	\N	\N	\N	\N	\N	[[-6.194281852833284,106.8212466951623],[-6.194381605915136,106.82107334775776]]
2593	4	loadtest_pppoe_589	4177	-6.194481616464639	106.8212369744839	t	\N	\N	10.10.10.3	10.10.10.82	Profile_LoadTest	2026-06-02 07:53:24.404	2026-06-02 07:53:24.404	\N	\N	\N	\N	\N	[[-6.194281852833284,106.8212466951623],[-6.194481616464639,106.82123697448394]]
2594	4	loadtest_pppoe_590	4178	-6.194397965252732	106.821409538357	t	\N	\N	10.10.10.3	10.10.10.83	Profile_LoadTest	2026-06-02 07:53:24.404	2026-06-02 07:53:24.404	\N	\N	\N	\N	\N	[[-6.194281852833284,106.8212466951623],[-6.194397965252732,106.82140953835697]]
2595	4	loadtest_pppoe_591	4185	-6.195149109446106	106.8212510521904	t	\N	\N	10.10.10.3	10.10.10.84	Profile_LoadTest	2026-06-02 07:53:24.404	2026-06-02 07:53:24.404	\N	\N	\N	\N	\N	[[-6.195223401461526,106.8210653624049],[-6.195149109446106,106.8212510521904]]
2596	4	loadtest_pppoe_592	4186	-6.1950270087476	106.8211031764488	f	\N	\N	10.10.10.3	10.10.10.85	Profile_LoadTest	2026-06-02 07:53:24.404	2026-06-02 07:53:24.404	\N	\N	\N	\N	\N	[[-6.195223401461526,106.8210653624049],[-6.1950270087476005,106.8211031764488]]
2597	4	loadtest_pppoe_593	4187	-6.195085470604566	106.8209205346496	t	\N	\N	10.10.10.3	10.10.10.86	Profile_LoadTest	2026-06-02 07:53:24.404	2026-06-02 07:53:24.404	\N	\N	\N	\N	\N	[[-6.195223401461526,106.8210653624049],[-6.195085470604566,106.82092053464962]]
2598	4	loadtest_pppoe_594	4188	-6.19527074545532	106.8208710468207	t	\N	\N	10.10.10.3	10.10.10.87	Profile_LoadTest	2026-06-02 07:53:24.404	2026-06-02 07:53:24.404	\N	\N	\N	\N	\N	[[-6.195223401461526,106.8210653624049],[-6.1952707454553195,106.82087104682073]]
2599	4	loadtest_pppoe_595	4189	-6.195412492456517	106.8210002118438	t	\N	\N	10.10.10.3	10.10.10.88	Profile_LoadTest	2026-06-02 07:53:24.404	2026-06-02 07:53:24.404	\N	\N	\N	\N	\N	[[-6.195223401461526,106.8210653624049],[-6.1954124924565175,106.82100021184378]]
2600	4	loadtest_pppoe_596	4190	-6.195380390068958	106.8211892759923	t	\N	\N	10.10.10.3	10.10.10.89	Profile_LoadTest	2026-06-02 07:53:24.404	2026-06-02 07:53:24.404	\N	\N	\N	\N	\N	[[-6.195223401461526,106.8210653624049],[-6.195380390068958,106.82118927599227]]
2601	4	loadtest_pppoe_597	4191	-6.195203953079715	106.82126441456	t	\N	\N	10.10.10.3	10.10.10.90	Profile_LoadTest	2026-06-02 07:53:24.404	2026-06-02 07:53:24.404	\N	\N	\N	\N	\N	[[-6.195223401461526,106.8210653624049],[-6.195203953079715,106.82126441455998]]
2602	4	loadtest_pppoe_598	4192	-6.195045396843018	106.8211565454943	f	\N	\N	10.10.10.3	10.10.10.91	Profile_LoadTest	2026-06-02 07:53:24.404	2026-06-02 07:53:24.404	\N	\N	\N	\N	\N	[[-6.195223401461526,106.8210653624049],[-6.195045396843018,106.82115654549428]]
2603	4	loadtest_pppoe_599	4193	-6.195050497231668	106.8209648431167	t	\N	\N	10.10.10.3	10.10.10.92	Profile_LoadTest	2026-06-02 07:53:24.404	2026-06-02 07:53:24.404	\N	\N	\N	\N	\N	[[-6.195223401461526,106.8210653624049],[-6.195050497231668,106.82096484311671]]
2604	4	loadtest_pppoe_600	4194	-6.19521456497186	106.8208655577091	t	\N	\N	10.10.10.3	10.10.10.93	Profile_LoadTest	2026-06-02 07:53:24.404	2026-06-02 07:53:24.404	\N	\N	\N	\N	\N	[[-6.195223401461526,106.8210653624049],[-6.1952145649718595,106.82086555770913]]
2605	4	loadtest_pppoe_601	4201	-6.19382507537346	106.8148778859402	t	\N	\N	10.10.10.3	10.10.10.94	Profile_LoadTest	2026-06-02 07:53:24.404	2026-06-02 07:53:24.404	\N	\N	\N	\N	\N	[[-6.193661719895086,106.8149932765277],[-6.19382507537346,106.81487788594019]]
2606	4	loadtest_pppoe_602	4202	-6.193847079068036	106.8150683896225	t	\N	\N	10.10.10.3	10.10.10.95	Profile_LoadTest	2026-06-02 07:53:24.404	2026-06-02 07:53:24.404	\N	\N	\N	\N	\N	[[-6.193661719895086,106.8149932765277],[-6.1938470790680356,106.81506838962245]]
2607	4	loadtest_pppoe_603	4203	-6.193698664393829	106.8151898346718	t	\N	\N	10.10.10.3	10.10.10.96	Profile_LoadTest	2026-06-02 07:53:24.404	2026-06-02 07:53:24.404	\N	\N	\N	\N	\N	[[-6.193661719895086,106.8149932765277],[-6.193698664393829,106.8151898346718]]
2608	4	loadtest_pppoe_604	4204	-6.193516283117857	106.8151305650699	t	\N	\N	10.10.10.3	10.10.10.97	Profile_LoadTest	2026-06-02 07:53:24.404	2026-06-02 07:53:24.404	\N	\N	\N	\N	\N	[[-6.193661719895086,106.8149932765277],[-6.193516283117857,106.81513056506994]]
2609	4	loadtest_pppoe_605	4205	-6.193467615744153	106.8149450730155	t	\N	\N	10.10.10.3	10.10.10.98	Profile_LoadTest	2026-06-02 07:53:24.404	2026-06-02 07:53:24.404	\N	\N	\N	\N	\N	[[-6.193661719895086,106.8149932765277],[-6.1934676157441535,106.81494507301548]]
2610	4	loadtest_pppoe_606	4206	-6.19359740683166	106.8148038990479	t	\N	\N	10.10.10.3	10.10.10.99	Profile_LoadTest	2026-06-02 07:53:24.404	2026-06-02 07:53:24.404	\N	\N	\N	\N	\N	[[-6.193661719895086,106.8149932765277],[-6.19359740683166,106.81480389904786]]
2611	4	loadtest_pppoe_607	4207	-6.193786327053086	106.8148368378618	t	\N	\N	10.10.10.3	10.10.10.100	Profile_LoadTest	2026-06-02 07:53:24.404	2026-06-02 07:53:24.404	\N	\N	\N	\N	\N	[[-6.193661719895086,106.8149932765277],[-6.193786327053086,106.81483683786185]]
2612	4	loadtest_pppoe_608	4208	-6.193860684028103	106.8150136056638	t	\N	\N	10.10.10.3	10.10.10.101	Profile_LoadTest	2026-06-02 07:53:24.404	2026-06-02 07:53:24.404	\N	\N	\N	\N	\N	[[-6.193661719895086,106.8149932765277],[-6.1938606840281025,106.81501360566376]]
2613	4	loadtest_pppoe_609	4209	-6.193752114296793	106.8151716829517	t	\N	\N	10.10.10.3	10.10.10.102	Profile_LoadTest	2026-06-02 07:53:24.404	2026-06-02 07:53:24.404	\N	\N	\N	\N	\N	[[-6.193661719895086,106.8149932765277],[-6.193752114296793,106.81517168295174]]
2614	4	loadtest_pppoe_610	4210	-6.19356043636943	106.8151657341962	t	\N	\N	10.10.10.3	10.10.10.103	Profile_LoadTest	2026-06-02 07:53:24.404	2026-06-02 07:53:24.404	\N	\N	\N	\N	\N	[[-6.193661719895086,106.8149932765277],[-6.19356043636943,106.81516573419621]]
2615	4	loadtest_pppoe_611	4217	-6.193234940975104	106.8159328374538	t	\N	\N	10.10.10.3	10.10.10.104	Profile_LoadTest	2026-06-02 07:53:24.404	2026-06-02 07:53:24.404	\N	\N	\N	\N	\N	[[-6.193434782821727,106.8159248853259],[-6.1932349409751035,106.81593283745379]]
2616	4	loadtest_pppoe_612	4218	-6.193320116326303	106.8157610207634	t	\N	\N	10.10.10.3	10.10.10.105	Profile_LoadTest	2026-06-02 07:53:24.404	2026-06-02 07:53:24.404	\N	\N	\N	\N	\N	[[-6.193434782821727,106.8159248853259],[-6.193320116326303,106.81576102076345]]
2617	4	loadtest_pppoe_613	4219	-6.193510715524584	106.8157398603961	t	\N	\N	10.10.10.3	10.10.10.106	Profile_LoadTest	2026-06-02 07:53:24.404	2026-06-02 07:53:24.404	\N	\N	\N	\N	\N	[[-6.193434782821727,106.8159248853259],[-6.193510715524584,106.81573986039612]]
2618	4	loadtest_pppoe_614	4220	-6.19363150254604	106.815888811096	t	\N	\N	10.10.10.3	10.10.10.107	Profile_LoadTest	2026-06-02 07:53:24.404	2026-06-02 07:53:24.404	\N	\N	\N	\N	\N	[[-6.193434782821727,106.8159248853259],[-6.19363150254604,106.81588881109596]]
2619	4	loadtest_pppoe_615	4221	-6.193571426360182	106.8160709282764	t	\N	\N	10.10.10.3	10.10.10.108	Profile_LoadTest	2026-06-02 07:53:24.404	2026-06-02 07:53:24.404	\N	\N	\N	\N	\N	[[-6.193434782821727,106.8159248853259],[-6.193571426360182,106.81607092827643]]
2620	4	loadtest_pppoe_616	4222	-6.193385720735233	106.8161187742417	f	\N	\N	10.10.10.3	10.10.10.109	Profile_LoadTest	2026-06-02 07:53:24.404	2026-06-02 07:53:24.404	\N	\N	\N	\N	\N	[[-6.193434782821727,106.8159248853259],[-6.1933857207352325,106.8161187742417]]
2621	4	loadtest_pppoe_617	4223	-6.193245122566345	106.8159883596319	f	\N	\N	10.10.10.3	10.10.10.110	Profile_LoadTest	2026-06-02 07:53:24.404	2026-06-02 07:53:24.404	\N	\N	\N	\N	\N	[[-6.193434782821727,106.8159248853259],[-6.193245122566345,106.81598835963194]]
2622	4	loadtest_pppoe_618	4224	-6.193278897161592	106.8157995870379	t	\N	\N	10.10.10.3	10.10.10.111	Profile_LoadTest	2026-06-02 07:53:24.404	2026-06-02 07:53:24.404	\N	\N	\N	\N	\N	[[-6.193434782821727,106.8159248853259],[-6.193278897161592,106.81579958703794]]
2623	4	loadtest_pppoe_619	4225	-6.193455992313865	106.815726013112	t	\N	\N	10.10.10.3	10.10.10.112	Profile_LoadTest	2026-06-02 07:53:24.404	2026-06-02 07:53:24.404	\N	\N	\N	\N	\N	[[-6.193434782821727,106.8159248853259],[-6.193455992313865,106.81572601311204]]
2624	4	loadtest_pppoe_620	4226	-6.193613587556878	106.8158352813824	f	\N	\N	10.10.10.3	10.10.10.113	Profile_LoadTest	2026-06-02 07:53:24.404	2026-06-02 07:53:24.404	\N	\N	\N	\N	\N	[[-6.193434782821727,106.8159248853259],[-6.193613587556878,106.81583528138242]]
2625	4	loadtest_pppoe_621	4233	-6.192700254154042	106.8163393205245	t	\N	\N	10.10.10.3	10.10.10.114	Profile_LoadTest	2026-06-02 07:53:24.404	2026-06-02 07:53:24.404	\N	\N	\N	\N	\N	[[-6.192528246424775,106.8162372747452],[-6.192700254154042,106.8163393205245]]
2626	4	loadtest_pppoe_622	4234	-6.192535314035124	106.8164371498284	t	\N	\N	10.10.10.3	10.10.10.115	Profile_LoadTest	2026-06-02 07:53:24.404	2026-06-02 07:53:24.404	\N	\N	\N	\N	\N	[[-6.192528246424775,106.8162372747452],[-6.1925353140351245,106.8164371498284]]
2627	4	loadtest_pppoe_623	4235	-6.192363875987845	106.8163512149026	f	\N	\N	10.10.10.3	10.10.10.116	Profile_LoadTest	2026-06-02 07:53:24.404	2026-06-02 07:53:24.404	\N	\N	\N	\N	\N	[[-6.192528246424775,106.8162372747452],[-6.192363875987845,106.81635121490258]]
2628	4	loadtest_pppoe_624	4236	-6.192343559362246	106.8161605239215	f	\N	\N	10.10.10.3	10.10.10.117	Profile_LoadTest	2026-06-02 07:53:24.404	2026-06-02 07:53:24.404	\N	\N	\N	\N	\N	[[-6.192528246424775,106.8162372747452],[-6.1923435593622465,106.81616052392152]]
2629	4	loadtest_pppoe_625	4237	-6.192493043170209	106.8160403972938	t	\N	\N	10.10.10.3	10.10.10.118	Profile_LoadTest	2026-06-02 07:53:24.404	2026-06-02 07:53:24.404	\N	\N	\N	\N	\N	[[-6.192528246424775,106.8162372747452],[-6.1924930431702085,106.8160403972938]]
2630	4	loadtest_pppoe_626	4238	-6.19267489268807	106.816101278887	t	\N	\N	10.10.10.3	10.10.10.119	Profile_LoadTest	2026-06-02 07:53:24.404	2026-06-02 07:53:24.404	\N	\N	\N	\N	\N	[[-6.192528246424775,106.8162372747452],[-6.19267489268807,106.81610127888696]]
2631	4	loadtest_pppoe_627	4239	-6.192721916307753	106.816287194445	t	\N	\N	10.10.10.3	10.10.10.120	Profile_LoadTest	2026-06-02 07:53:24.404	2026-06-02 07:53:24.404	\N	\N	\N	\N	\N	[[-6.192528246424775,106.8162372747452],[-6.192721916307753,106.816287194445]]
2632	4	loadtest_pppoe_628	4240	-6.192590880730179	106.8164272140613	t	\N	\N	10.10.10.3	10.10.10.121	Profile_LoadTest	2026-06-02 07:53:24.404	2026-06-02 07:53:24.404	\N	\N	\N	\N	\N	[[-6.192528246424775,106.8162372747452],[-6.1925908807301795,106.81642721406126]]
2633	4	loadtest_pppoe_629	4241	-6.192402259461071	106.8163926043463	t	\N	\N	10.10.10.3	10.10.10.122	Profile_LoadTest	2026-06-02 07:53:24.404	2026-06-02 07:53:24.404	\N	\N	\N	\N	\N	[[-6.192528246424775,106.8162372747452],[-6.192402259461071,106.8163926043463]]
2634	4	loadtest_pppoe_630	4242	-6.192329470025372	106.8162151853124	t	\N	\N	10.10.10.3	10.10.10.123	Profile_LoadTest	2026-06-02 07:53:24.404	2026-06-02 07:53:24.404	\N	\N	\N	\N	\N	[[-6.192528246424775,106.8162372747452],[-6.192329470025372,106.81621518531243]]
2635	4	loadtest_pppoe_631	4249	-6.191686764356687	106.81546403585	t	\N	\N	10.10.10.3	10.10.10.124	Profile_LoadTest	2026-06-02 07:53:24.404	2026-06-02 07:53:24.404	\N	\N	\N	\N	\N	[[-6.191775576086881,106.815643235394],[-6.191686764356687,106.81546403584998]]
2636	4	loadtest_pppoe_632	4250	-6.191878382121059	106.8154716809731	t	\N	\N	10.10.10.3	10.10.10.125	Profile_LoadTest	2026-06-02 07:53:24.404	2026-06-02 07:53:24.404	\N	\N	\N	\N	\N	[[-6.191775576086881,106.815643235394],[-6.191878382121059,106.81547168097309]]
2637	4	loadtest_pppoe_633	4251	-6.191975480491723	106.8156370524396	f	\N	\N	10.10.10.3	10.10.10.126	Profile_LoadTest	2026-06-02 07:53:24.404	2026-06-02 07:53:24.404	\N	\N	\N	\N	\N	[[-6.191775576086881,106.815643235394],[-6.191975480491723,106.81563705243963]]
2638	4	loadtest_pppoe_634	4252	-6.191888787674481	106.8158081084859	t	\N	\N	10.10.10.3	10.10.10.127	Profile_LoadTest	2026-06-02 07:53:24.404	2026-06-02 07:53:24.404	\N	\N	\N	\N	\N	[[-6.191775576086881,106.815643235394],[-6.191888787674481,106.81580810848591]]
2639	4	loadtest_pppoe_635	4253	-6.191698008645702	106.8158275809718	f	\N	\N	10.10.10.3	10.10.10.128	Profile_LoadTest	2026-06-02 07:53:24.404	2026-06-02 07:53:24.404	\N	\N	\N	\N	\N	[[-6.191775576086881,106.815643235394],[-6.191698008645702,106.81582758097184]]
2640	4	loadtest_pppoe_636	4254	-6.191578544764623	106.8156775669837	t	\N	\N	10.10.10.3	10.10.10.129	Profile_LoadTest	2026-06-02 07:53:24.404	2026-06-02 07:53:24.404	\N	\N	\N	\N	\N	[[-6.191775576086881,106.815643235394],[-6.1915785447646225,106.81567756698367]]
2641	4	loadtest_pppoe_637	4255	-6.191640230572571	106.8154959886903	t	\N	\N	10.10.10.3	10.10.10.130	Profile_LoadTest	2026-06-02 07:53:24.404	2026-06-02 07:53:24.404	\N	\N	\N	\N	\N	[[-6.191775576086881,106.815643235394],[-6.191640230572571,106.81549598869029]]
2642	4	loadtest_pppoe_638	4256	-6.191826352422199	106.8154497883372	t	\N	\N	10.10.10.3	10.10.10.131	Profile_LoadTest	2026-06-02 07:53:24.404	2026-06-02 07:53:24.404	\N	\N	\N	\N	\N	[[-6.191775576086881,106.815643235394],[-6.191826352422199,106.81544978833723]]
2643	4	loadtest_pppoe_639	4257	-6.191965790743303	106.8155814423161	f	\N	\N	10.10.10.3	10.10.10.132	Profile_LoadTest	2026-06-02 07:53:24.404	2026-06-02 07:53:24.404	\N	\N	\N	\N	\N	[[-6.191775576086881,106.815643235394],[-6.1919657907433026,106.81558144231606]]
2644	4	loadtest_pppoe_640	4258	-6.191930346586513	106.8157699085658	t	\N	\N	10.10.10.3	10.10.10.133	Profile_LoadTest	2026-06-02 07:53:24.404	2026-06-02 07:53:24.404	\N	\N	\N	\N	\N	[[-6.191775576086881,106.815643235394],[-6.1919303465865125,106.81576990856577]]
2645	4	loadtest_pppoe_641	4265	-6.191845804504829	106.8148876010038	t	\N	\N	10.10.10.3	10.10.10.134	Profile_LoadTest	2026-06-02 07:53:24.404	2026-06-02 07:53:24.404	\N	\N	\N	\N	\N	[[-6.191868773445588,106.8146889243123],[-6.191845804504829,106.81488760100385]]
2646	4	loadtest_pppoe_642	4266	-6.191689182602646	106.8147769420897	t	\N	\N	10.10.10.3	10.10.10.135	Profile_LoadTest	2026-06-02 07:53:24.404	2026-06-02 07:53:24.404	\N	\N	\N	\N	\N	[[-6.191868773445588,106.8146889243123],[-6.191689182602646,106.81477694208967]]
2647	4	loadtest_pppoe_643	4267	-6.191697675693238	106.8145853600369	t	\N	\N	10.10.10.3	10.10.10.136	Profile_LoadTest	2026-06-02 07:53:24.404	2026-06-02 07:53:24.404	\N	\N	\N	\N	\N	[[-6.191868773445588,106.8146889243123],[-6.191697675693238,106.8145853600369]]
2648	4	loadtest_pppoe_644	4268	-6.191863475268283	106.8144889945013	t	\N	\N	10.10.10.3	10.10.10.137	Profile_LoadTest	2026-06-02 07:53:24.404	2026-06-02 07:53:24.404	\N	\N	\N	\N	\N	[[-6.191868773445588,106.8146889243123],[-6.191863475268283,106.81448899450133]]
2649	4	loadtest_pppoe_645	4269	-6.192034145963109	106.814576443512	t	\N	\N	10.10.10.3	10.10.10.138	Profile_LoadTest	2026-06-02 07:53:24.404	2026-06-02 07:53:24.404	\N	\N	\N	\N	\N	[[-6.191868773445588,106.8146889243123],[-6.192034145963109,106.81457644351195]]
2650	4	loadtest_pppoe_646	4270	-6.19205277392798	106.8147673068517	t	\N	\N	10.10.10.3	10.10.10.139	Profile_LoadTest	2026-06-02 07:53:24.404	2026-06-02 07:53:24.404	\N	\N	\N	\N	\N	[[-6.191868773445588,106.8146889243123],[-6.19205277392798,106.81476730685169]]
2651	4	loadtest_pppoe_647	4271	-6.191902232697902	106.8148861056462	t	\N	\N	10.10.10.3	10.10.10.140	Profile_LoadTest	2026-06-02 07:53:24.404	2026-06-02 07:53:24.404	\N	\N	\N	\N	\N	[[-6.191868773445588,106.8146889243123],[-6.191902232697902,106.8148861056462]]
2652	4	loadtest_pppoe_648	4272	-6.191720929185552	106.8148236168317	t	\N	\N	10.10.10.3	10.10.10.141	Profile_LoadTest	2026-06-02 07:53:24.404	2026-06-02 07:53:24.404	\N	\N	\N	\N	\N	[[-6.191868773445588,106.8146889243123],[-6.191720929185552,106.81482361683167]]
2653	4	loadtest_pppoe_649	4273	-6.19167555300406	106.814637292336	t	\N	\N	10.10.10.3	10.10.10.142	Profile_LoadTest	2026-06-02 07:53:24.404	2026-06-02 07:53:24.404	\N	\N	\N	\N	\N	[[-6.191868773445588,106.8146889243123],[-6.19167555300406,106.81463729233602]]
2654	4	loadtest_pppoe_650	4274	-6.191807822805428	106.8144984380412	t	\N	\N	10.10.10.3	10.10.10.143	Profile_LoadTest	2026-06-02 07:53:24.404	2026-06-02 07:53:24.404	\N	\N	\N	\N	\N	[[-6.191868773445588,106.8146889243123],[-6.191807822805428,106.81449843804124]]
2655	4	loadtest_pppoe_651	4281	-6.192849510177784	106.8140975223409	f	\N	\N	10.10.10.3	10.10.10.144	Profile_LoadTest	2026-06-02 07:53:24.404	2026-06-02 07:53:24.404	\N	\N	\N	\N	\N	[[-6.192722153279102,106.8142517307076],[-6.192849510177784,106.8140975223409]]
2656	4	loadtest_pppoe_652	4282	-6.192920726371315	106.8142755787064	t	\N	\N	10.10.10.3	10.10.10.145	Profile_LoadTest	2026-06-02 07:53:24.404	2026-06-02 07:53:24.404	\N	\N	\N	\N	\N	[[-6.192722153279102,106.8142517307076],[-6.192920726371315,106.81427557870644]]
2657	4	loadtest_pppoe_653	4283	-6.192809375379632	106.8144317093318	t	\N	\N	10.10.10.3	10.10.10.146	Profile_LoadTest	2026-06-02 07:53:24.404	2026-06-02 07:53:24.404	\N	\N	\N	\N	\N	[[-6.192722153279102,106.8142517307076],[-6.192809375379632,106.81443170933183]]
2658	4	loadtest_pppoe_654	4284	-6.192617832790967	106.8144223684401	t	\N	\N	10.10.10.3	10.10.10.147	Profile_LoadTest	2026-06-02 07:53:24.404	2026-06-02 07:53:24.404	\N	\N	\N	\N	\N	[[-6.192722153279102,106.8142517307076],[-6.192617832790967,106.8144223684401]]
2659	4	loadtest_pppoe_655	4285	-6.192522201977996	106.814256144004	t	\N	\N	10.10.10.3	10.10.10.148	Profile_LoadTest	2026-06-02 07:53:24.404	2026-06-02 07:53:24.404	\N	\N	\N	\N	\N	[[-6.192722153279102,106.8142517307076],[-6.1925222019779955,106.81425614400405]]
2660	4	loadtest_pppoe_656	4286	-6.192610405469138	106.8140858620036	t	\N	\N	10.10.10.3	10.10.10.149	Profile_LoadTest	2026-06-02 07:53:24.404	2026-06-02 07:53:24.404	\N	\N	\N	\N	\N	[[-6.192722153279102,106.8142517307076],[-6.192610405469138,106.8140858620036]]
2661	4	loadtest_pppoe_657	4287	-6.192801349381411	106.8140680789246	f	\N	\N	10.10.10.3	10.10.10.150	Profile_LoadTest	2026-06-02 07:53:24.404	2026-06-02 07:53:24.404	\N	\N	\N	\N	\N	[[-6.192722153279102,106.8142517307076],[-6.192801349381411,106.81406807892465]]
2662	4	loadtest_pppoe_658	4288	-6.192919480762452	106.814219144448	t	\N	\N	10.10.10.3	10.10.10.151	Profile_LoadTest	2026-06-02 07:53:24.404	2026-06-02 07:53:24.404	\N	\N	\N	\N	\N	[[-6.192722153279102,106.8142517307076],[-6.192919480762452,106.814219144448]]
2663	4	loadtest_pppoe_659	4289	-6.192856190165324	106.8144001696281	t	\N	\N	10.10.10.3	10.10.10.152	Profile_LoadTest	2026-06-02 07:53:24.404	2026-06-02 07:53:24.404	\N	\N	\N	\N	\N	[[-6.192722153279102,106.8142517307076],[-6.192856190165324,106.81440016962814]]
2664	4	loadtest_pppoe_660	4290	-6.192669666673146	106.8144447207493	t	\N	\N	10.10.10.3	10.10.10.153	Profile_LoadTest	2026-06-02 07:53:24.404	2026-06-02 07:53:24.404	\N	\N	\N	\N	\N	[[-6.192722153279102,106.8142517307076],[-6.192669666673146,106.8144447207493]]
2665	4	loadtest_pppoe_661	4297	-6.193360367949381	106.8147937153723	t	\N	\N	10.10.10.3	10.10.10.154	Profile_LoadTest	2026-06-02 07:53:24.404	2026-06-02 07:53:24.404	\N	\N	\N	\N	\N	[[-6.193551122104053,106.8147336083638],[-6.193360367949381,106.81479371537233]]
2666	4	loadtest_pppoe_662	4298	-6.193397478890763	106.8146055702327	t	\N	\N	10.10.10.3	10.10.10.155	Profile_LoadTest	2026-06-02 07:53:24.404	2026-06-02 07:53:24.404	\N	\N	\N	\N	\N	[[-6.193551122104053,106.8147336083638],[-6.193397478890763,106.81460557023271]]
2667	4	loadtest_pppoe_663	4299	-6.193575848693881	106.8145351427603	t	\N	\N	10.10.10.3	10.10.10.156	Profile_LoadTest	2026-06-02 07:53:24.404	2026-06-02 07:53:24.404	\N	\N	\N	\N	\N	[[-6.193551122104053,106.8147336083638],[-6.1935758486938814,106.81453514276033]]
2668	4	loadtest_pppoe_664	4300	-6.193731484984345	106.8146471836485	f	\N	\N	10.10.10.3	10.10.10.157	Profile_LoadTest	2026-06-02 07:53:24.404	2026-06-02 07:53:24.404	\N	\N	\N	\N	\N	[[-6.193551122104053,106.8147336083638],[-6.193731484984345,106.8146471836485]]
2669	4	loadtest_pppoe_665	4301	-6.193721296474454	106.8148386830213	f	\N	\N	10.10.10.3	10.10.10.158	Profile_LoadTest	2026-06-02 07:53:24.404	2026-06-02 07:53:24.404	\N	\N	\N	\N	\N	[[-6.193551122104053,106.8147336083638],[-6.193721296474454,106.81483868302134]]
2670	4	loadtest_pppoe_666	4302	-6.193554650433216	106.8149335772386	t	\N	\N	10.10.10.3	10.10.10.159	Profile_LoadTest	2026-06-02 07:53:24.404	2026-06-02 07:53:24.404	\N	\N	\N	\N	\N	[[-6.193551122104053,106.8147336083638],[-6.193554650433216,106.8149335772386]]
2671	4	loadtest_pppoe_667	4303	-6.193384760462417	106.8148446209946	t	\N	\N	10.10.10.3	10.10.10.160	Profile_LoadTest	2026-06-02 07:53:24.404	2026-06-02 07:53:24.404	\N	\N	\N	\N	\N	[[-6.193551122104053,106.8147336083638],[-6.1933847604624175,106.81484462099458]]
2672	4	loadtest_pppoe_668	4304	-6.193367822617723	106.8146536002498	t	\N	\N	10.10.10.3	10.10.10.161	Profile_LoadTest	2026-06-02 07:53:24.404	2026-06-02 07:53:24.404	\N	\N	\N	\N	\N	[[-6.193551122104053,106.8147336083638],[-6.193367822617723,106.81465360024977]]
2673	4	loadtest_pppoe_669	4305	-6.193519409475432	106.814536138596	t	\N	\N	10.10.10.3	10.10.10.162	Profile_LoadTest	2026-06-02 07:53:24.404	2026-06-02 07:53:24.404	\N	\N	\N	\N	\N	[[-6.193551122104053,106.8147336083638],[-6.193519409475432,106.81453613859601]]
2674	4	loadtest_pppoe_670	4306	-6.193700152777645	106.8146002297361	t	\N	\N	10.10.10.3	10.10.10.163	Profile_LoadTest	2026-06-02 07:53:24.404	2026-06-02 07:53:24.404	\N	\N	\N	\N	\N	[[-6.193551122104053,106.8147336083638],[-6.193700152777645,106.81460022973609]]
2675	4	loadtest_pppoe_671	4313	-6.193786285667562	106.8157448613937	t	\N	\N	10.10.10.3	10.10.10.164	Profile_LoadTest	2026-06-02 07:53:24.404	2026-06-02 07:53:24.404	\N	\N	\N	\N	\N	[[-6.193593529805767,106.8156915211861],[-6.193786285667562,106.81574486139367]]
2676	4	loadtest_pppoe_672	4314	-6.193652792005371	106.8158825394881	f	\N	\N	10.10.10.3	10.10.10.165	Profile_LoadTest	2026-06-02 07:53:24.404	2026-06-02 07:53:24.404	\N	\N	\N	\N	\N	[[-6.193593529805767,106.8156915211861],[-6.193652792005371,106.8158825394881]]
2677	4	loadtest_pppoe_673	4315	-6.193464812950165	106.8158445962366	t	\N	\N	10.10.10.3	10.10.10.166	Profile_LoadTest	2026-06-02 07:53:24.404	2026-06-02 07:53:24.404	\N	\N	\N	\N	\N	[[-6.193593529805767,106.8156915211861],[-6.193464812950165,106.81584459623659]]
2678	4	loadtest_pppoe_674	4316	-6.193395175578392	106.8156659164896	t	\N	\N	10.10.10.3	10.10.10.167	Profile_LoadTest	2026-06-02 07:53:24.404	2026-06-02 07:53:24.404	\N	\N	\N	\N	\N	[[-6.193593529805767,106.8156915211861],[-6.1933951755783925,106.8156659164896]]
2679	4	loadtest_pppoe_675	4317	-6.19350790416851	106.8155107775825	t	\N	\N	10.10.10.3	10.10.10.168	Profile_LoadTest	2026-06-02 07:53:24.404	2026-06-02 07:53:24.404	\N	\N	\N	\N	\N	[[-6.193593529805767,106.8156915211861],[-6.19350790416851,106.81551077758249]]
2680	4	loadtest_pppoe_676	4318	-6.19369935657464	106.815521813511	t	\N	\N	10.10.10.3	10.10.10.169	Profile_LoadTest	2026-06-02 07:53:24.404	2026-06-02 07:53:24.404	\N	\N	\N	\N	\N	[[-6.193593529805767,106.8156915211861],[-6.19369935657464,106.81552181351098]]
2681	4	loadtest_pppoe_677	4319	-6.193793512337513	106.8156888778933	t	\N	\N	10.10.10.3	10.10.10.170	Profile_LoadTest	2026-06-02 07:53:24.404	2026-06-02 07:53:24.404	\N	\N	\N	\N	\N	[[-6.193593529805767,106.8156915211861],[-6.193793512337513,106.81568887789334]]
2682	4	loadtest_pppoe_678	4320	-6.193703805082966	106.8158583725069	t	\N	\N	10.10.10.3	10.10.10.171	Profile_LoadTest	2026-06-02 07:53:24.404	2026-06-02 07:53:24.404	\N	\N	\N	\N	\N	[[-6.193593529805767,106.8156915211861],[-6.193703805082966,106.81585837250685]]
2683	4	loadtest_pppoe_679	4321	-6.193512711247123	106.8158744647855	t	\N	\N	10.10.10.3	10.10.10.172	Profile_LoadTest	2026-06-02 07:53:24.404	2026-06-02 07:53:24.404	\N	\N	\N	\N	\N	[[-6.193593529805767,106.8156915211861],[-6.193512711247123,106.81587446478554]]
2684	4	loadtest_pppoe_680	4322	-6.193395921621383	106.8157223595626	t	\N	\N	10.10.10.3	10.10.10.173	Profile_LoadTest	2026-06-02 07:53:24.404	2026-06-02 07:53:24.404	\N	\N	\N	\N	\N	[[-6.193593529805767,106.8156915211861],[-6.193395921621383,106.81572235956259]]
2685	4	loadtest_pppoe_681	4329	-6.192677669182144	106.8160951490357	t	\N	\N	10.10.10.3	10.10.10.174	Profile_LoadTest	2026-06-02 07:53:24.404	2026-06-02 07:53:24.404	\N	\N	\N	\N	\N	[[-6.192810386938861,106.8162447685433],[-6.192677669182144,106.8160951490357]]
2686	4	loadtest_pppoe_682	4330	-6.192864579703277	106.8160522506369	f	\N	\N	10.10.10.3	10.10.10.175	Profile_LoadTest	2026-06-02 07:53:24.404	2026-06-02 07:53:24.404	\N	\N	\N	\N	\N	[[-6.192810386938861,106.8162447685433],[-6.192864579703277,106.8160522506369]]
2687	4	loadtest_pppoe_683	4331	-6.193001665646729	106.8161863523134	t	\N	\N	10.10.10.3	10.10.10.176	Profile_LoadTest	2026-06-02 07:53:24.404	2026-06-02 07:53:24.404	\N	\N	\N	\N	\N	[[-6.192810386938861,106.8162447685433],[-6.193001665646729,106.8161863523134]]
2688	4	loadtest_pppoe_684	4332	-6.192962890828294	106.8163741616023	t	\N	\N	10.10.10.3	10.10.10.177	Profile_LoadTest	2026-06-02 07:53:24.404	2026-06-02 07:53:24.404	\N	\N	\N	\N	\N	[[-6.192810386938861,106.8162447685433],[-6.192962890828294,106.81637416160227]]
2689	4	loadtest_pppoe_685	4333	-6.192783904637222	106.8164430075094	t	\N	\N	10.10.10.3	10.10.10.178	Profile_LoadTest	2026-06-02 07:53:24.404	2026-06-02 07:53:24.404	\N	\N	\N	\N	\N	[[-6.192810386938861,106.8162447685433],[-6.192783904637222,106.81644300750945]]
2690	4	loadtest_pppoe_686	4334	-6.192629266152148	106.8163295934254	t	\N	\N	10.10.10.3	10.10.10.179	Profile_LoadTest	2026-06-02 07:53:24.404	2026-06-02 07:53:24.404	\N	\N	\N	\N	\N	[[-6.192810386938861,106.8162447685433],[-6.1926292661521485,106.81632959342538]]
2691	4	loadtest_pppoe_687	4335	-6.192641149283096	106.8161381917359	t	\N	\N	10.10.10.3	10.10.10.180	Profile_LoadTest	2026-06-02 07:53:24.404	2026-06-02 07:53:24.404	\N	\N	\N	\N	\N	[[-6.192810386938861,106.8162447685433],[-6.192641149283096,106.81613819173592]]
2692	4	loadtest_pppoe_688	4336	-6.192808628734276	106.8160447762717	t	\N	\N	10.10.10.3	10.10.10.181	Profile_LoadTest	2026-06-02 07:53:24.404	2026-06-02 07:53:24.404	\N	\N	\N	\N	\N	[[-6.192810386938861,106.8162447685433],[-6.192808628734276,106.81604477627165]]
2693	4	loadtest_pppoe_689	4337	-6.192977724670642	106.8161352327796	f	\N	\N	10.10.10.3	10.10.10.182	Profile_LoadTest	2026-06-02 07:53:24.404	2026-06-02 07:53:24.404	\N	\N	\N	\N	\N	[[-6.192810386938861,106.8162447685433],[-6.192977724670642,106.81613523277963]]
2694	4	loadtest_pppoe_690	4338	-6.192992971068127	106.8163263959636	f	\N	\N	10.10.10.3	10.10.10.183	Profile_LoadTest	2026-06-02 07:53:24.404	2026-06-02 07:53:24.404	\N	\N	\N	\N	\N	[[-6.192810386938861,106.8162447685433],[-6.192992971068127,106.81632639596357]]
2695	4	loadtest_pppoe_691	4345	-6.191951674963854	106.8160824400972	f	\N	\N	10.10.10.3	10.10.10.184	Profile_LoadTest	2026-06-02 07:53:24.404	2026-06-02 07:53:24.404	\N	\N	\N	\N	\N	[[-6.191921711443521,106.8158846973667],[-6.191951674963854,106.81608244009716]]
2696	4	loadtest_pppoe_692	4346	-6.191771506032511	106.8160167516529	t	\N	\N	10.10.10.3	10.10.10.185	Profile_LoadTest	2026-06-02 07:53:24.404	2026-06-02 07:53:24.404	\N	\N	\N	\N	\N	[[-6.191921711443521,106.8158846973667],[-6.191771506032511,106.8160167516529]]
2697	4	loadtest_pppoe_693	4347	-6.191729435263342	106.8158296531069	t	\N	\N	10.10.10.3	10.10.10.186	Profile_LoadTest	2026-06-02 07:53:24.404	2026-06-02 07:53:24.404	\N	\N	\N	\N	\N	[[-6.191921711443521,106.8158846973667],[-6.191729435263342,106.8158296531069]]
2698	4	loadtest_pppoe_694	4348	-6.191864142327502	106.8156931619995	t	\N	\N	10.10.10.3	10.10.10.187	Profile_LoadTest	2026-06-02 07:53:24.404	2026-06-02 07:53:24.404	\N	\N	\N	\N	\N	[[-6.191921711443521,106.8158846973667],[-6.1918641423275025,106.81569316199952]]
2699	4	loadtest_pppoe_695	4349	-6.192051778171436	106.8157327676254	t	\N	\N	10.10.10.3	10.10.10.188	Profile_LoadTest	2026-06-02 07:53:24.404	2026-06-02 07:53:24.404	\N	\N	\N	\N	\N	[[-6.191921711443521,106.8158846973667],[-6.192051778171436,106.8157327676254]]
2700	4	loadtest_pppoe_696	4350	-6.192119831265558	106.8159120567548	t	\N	\N	10.10.10.3	10.10.10.189	Profile_LoadTest	2026-06-02 07:53:24.404	2026-06-02 07:53:24.404	\N	\N	\N	\N	\N	[[-6.191921711443521,106.8158846973667],[-6.192119831265558,106.81591205675478]]
2701	4	loadtest_pppoe_697	4351	-6.192005733908974	106.8160661917889	t	\N	\N	10.10.10.3	10.10.10.190	Profile_LoadTest	2026-06-02 07:53:24.404	2026-06-02 07:53:24.404	\N	\N	\N	\N	\N	[[-6.191921711443521,106.8158846973667],[-6.1920057339089745,106.81606619178892]]
2702	4	loadtest_pppoe_698	4352	-6.191814386685143	106.8160534616883	t	\N	\N	10.10.10.3	10.10.10.191	Profile_LoadTest	2026-06-02 07:53:24.404	2026-06-02 07:53:24.404	\N	\N	\N	\N	\N	[[-6.191921711443521,106.8158846973667],[-6.191814386685143,106.81605346168828]]
2703	4	loadtest_pppoe_699	4353	-6.19172171334921	106.8158855704487	t	\N	\N	10.10.10.3	10.10.10.192	Profile_LoadTest	2026-06-02 07:53:24.404	2026-06-02 07:53:24.404	\N	\N	\N	\N	\N	[[-6.191921711443521,106.8158846973667],[-6.19172171334921,106.81588557044867]]
2704	4	loadtest_pppoe_700	4354	-6.191812917338848	106.8157168765015	t	\N	\N	10.10.10.3	10.10.10.193	Profile_LoadTest	2026-06-02 07:53:24.404	2026-06-02 07:53:24.404	\N	\N	\N	\N	\N	[[-6.191921711443521,106.8158846973667],[-6.191812917338848,106.81571687650153]]
2705	4	loadtest_pppoe_701	4361	-6.196319623159797	106.8092336538278	f	\N	\N	10.10.10.3	10.10.10.194	Profile_LoadTest	2026-06-02 07:53:24.404	2026-06-02 07:53:24.404	\N	\N	\N	\N	\N	[[-6.196237188476726,106.8094158749106],[-6.1963196231597975,106.80923365382777]]
2706	4	loadtest_pppoe_702	4362	-6.196435061880092	106.8093867868333	f	\N	\N	10.10.10.3	10.10.10.195	Profile_LoadTest	2026-06-02 07:53:24.404	2026-06-02 07:53:24.404	\N	\N	\N	\N	\N	[[-6.196237188476726,106.8094158749106],[-6.196435061880092,106.80938678683331]]
2707	4	loadtest_pppoe_703	4363	-6.196368576705872	106.809566663283	t	\N	\N	10.10.10.3	10.10.10.196	Profile_LoadTest	2026-06-02 07:53:24.404	2026-06-02 07:53:24.404	\N	\N	\N	\N	\N	[[-6.196237188476726,106.8094158749106],[-6.196368576705872,106.80956666328296]]
2708	4	loadtest_pppoe_704	4364	-6.196181293799703	106.8096079055985	f	\N	\N	10.10.10.3	10.10.10.197	Profile_LoadTest	2026-06-02 07:53:24.404	2026-06-02 07:53:24.404	\N	\N	\N	\N	\N	[[-6.196237188476726,106.8094158749106],[-6.196181293799703,106.80960790559845]]
2709	4	loadtest_pppoe_705	4365	-6.196045400201816	106.8094725957851	t	\N	\N	10.10.10.3	10.10.10.198	Profile_LoadTest	2026-06-02 07:53:24.404	2026-06-02 07:53:24.404	\N	\N	\N	\N	\N	[[-6.196237188476726,106.8094158749106],[-6.196045400201816,106.80947259578512]]
2710	4	loadtest_pppoe_706	4366	-6.196085835859405	106.8092851370613	t	\N	\N	10.10.10.3	10.10.10.199	Profile_LoadTest	2026-06-02 07:53:24.404	2026-06-02 07:53:24.404	\N	\N	\N	\N	\N	[[-6.196237188476726,106.8094158749106],[-6.196085835859405,106.80928513706134]]
2711	4	loadtest_pppoe_707	4367	-6.19626542441536	106.8092178781132	t	\N	\N	10.10.10.3	10.10.10.200	Profile_LoadTest	2026-06-02 07:53:24.404	2026-06-02 07:53:24.404	\N	\N	\N	\N	\N	[[-6.196237188476726,106.8094158749106],[-6.19626542441536,106.80921787811323]]
2712	4	loadtest_pppoe_708	4368	-6.196419052979551	106.8093326565075	t	\N	\N	10.10.10.3	10.10.10.201	Profile_LoadTest	2026-06-02 07:53:24.404	2026-06-02 07:53:24.404	\N	\N	\N	\N	\N	[[-6.196237188476726,106.8094158749106],[-6.196419052979551,106.80933265650751]]
2713	4	loadtest_pppoe_709	4369	-6.196405476158556	106.8095239455178	t	\N	\N	10.10.10.3	10.10.10.202	Profile_LoadTest	2026-06-02 07:53:24.404	2026-06-02 07:53:24.404	\N	\N	\N	\N	\N	[[-6.196237188476726,106.8094158749106],[-6.196405476158556,106.80952394551781]]
2714	4	loadtest_pppoe_710	4370	-6.196237176418984	106.8096158749102	t	\N	\N	10.10.10.3	10.10.10.203	Profile_LoadTest	2026-06-02 07:53:24.404	2026-06-02 07:53:24.404	\N	\N	\N	\N	\N	[[-6.196237188476726,106.8094158749106],[-6.196237176418984,106.80961587491024]]
2715	4	loadtest_pppoe_711	4377	-6.196766119055737	106.8088656973652	t	\N	\N	10.10.10.3	10.10.10.204	Profile_LoadTest	2026-06-02 07:53:24.404	2026-06-02 07:53:24.404	\N	\N	\N	\N	\N	[[-6.196934419767218,106.8087576470505],[-6.196766119055737,106.80886569736523]]
2716	4	loadtest_pppoe_712	4378	-6.196752565299974	106.8086744067193	t	\N	\N	10.10.10.3	10.10.10.205	Profile_LoadTest	2026-06-02 07:53:24.404	2026-06-02 07:53:24.404	\N	\N	\N	\N	\N	[[-6.196934419767218,106.8087576470505],[-6.196752565299974,106.80867440671926]]
2717	4	loadtest_pppoe_713	4379	-6.196906207702731	106.8085596468499	t	\N	\N	10.10.10.3	10.10.10.206	Profile_LoadTest	2026-06-02 07:53:24.404	2026-06-02 07:53:24.404	\N	\N	\N	\N	\N	[[-6.196934419767218,106.8087576470505],[-6.196906207702731,106.80855964684994]]
2718	4	loadtest_pppoe_714	4380	-6.19708578814747	106.8086269274519	t	\N	\N	10.10.10.3	10.10.10.207	Profile_LoadTest	2026-06-02 07:53:24.404	2026-06-02 07:53:24.404	\N	\N	\N	\N	\N	[[-6.196934419767218,106.8087576470505],[-6.19708578814747,106.8086269274519]]
2719	4	loadtest_pppoe_715	4381	-6.197126201201477	106.8088143910499	t	\N	\N	10.10.10.3	10.10.10.208	Profile_LoadTest	2026-06-02 07:53:24.404	2026-06-02 07:53:24.404	\N	\N	\N	\N	\N	[[-6.196934419767218,106.8087576470505],[-6.197126201201477,106.80881439104995]]
2720	4	loadtest_pppoe_716	4382	-6.196990291289271	106.8089496844766	t	\N	\N	10.10.10.3	10.10.10.209	Profile_LoadTest	2026-06-02 07:53:24.404	2026-06-02 07:53:24.404	\N	\N	\N	\N	\N	[[-6.196934419767218,106.8087576470505],[-6.196990291289271,106.8089496844766]]
2721	4	loadtest_pppoe_717	4383	-6.196803013357354	106.8089084195793	t	\N	\N	10.10.10.3	10.10.10.210	Profile_LoadTest	2026-06-02 07:53:24.404	2026-06-02 07:53:24.404	\N	\N	\N	\N	\N	[[-6.196934419767218,106.8087576470505],[-6.196803013357354,106.80890841957932]]
2722	4	loadtest_pppoe_718	4384	-6.196736549872655	106.8087285351144	t	\N	\N	10.10.10.3	10.10.10.211	Profile_LoadTest	2026-06-02 07:53:24.404	2026-06-02 07:53:24.404	\N	\N	\N	\N	\N	[[-6.196934419767218,106.8087576470505],[-6.1967365498726545,106.80872853511437]]
2723	4	loadtest_pppoe_719	4385	-6.196852007056492	106.8085754160292	t	\N	\N	10.10.10.3	10.10.10.212	Profile_LoadTest	2026-06-02 07:53:24.404	2026-06-02 07:53:24.404	\N	\N	\N	\N	\N	[[-6.196934419767218,106.8087576470505],[-6.196852007056492,106.80857541602923]]
2724	4	loadtest_pppoe_720	4386	-6.197043234106506	106.8085898393047	t	\N	\N	10.10.10.3	10.10.10.213	Profile_LoadTest	2026-06-02 07:53:24.404	2026-06-02 07:53:24.404	\N	\N	\N	\N	\N	[[-6.196934419767218,106.8087576470505],[-6.197043234106506,106.80858983930466]]
2725	4	loadtest_pppoe_721	4393	-6.19806501307445	106.8089896021178	t	\N	\N	10.10.10.3	10.10.10.214	Profile_LoadTest	2026-06-02 07:53:24.404	2026-06-02 07:53:24.404	\N	\N	\N	\N	\N	[[-6.197865015086867,106.8089887049206],[-6.19806501307445,106.80898960211782]]
2726	4	loadtest_pppoe_722	4394	-6.1979723194953	106.8091574821819	f	\N	\N	10.10.10.3	10.10.10.215	Profile_LoadTest	2026-06-02 07:53:24.404	2026-06-02 07:53:24.404	\N	\N	\N	\N	\N	[[-6.197865015086867,106.8089887049206],[-6.1979723194953,106.80915748218189]]
2727	4	loadtest_pppoe_723	4395	-6.197780970737896	106.8091701892103	t	\N	\N	10.10.10.3	10.10.10.216	Profile_LoadTest	2026-06-02 07:53:24.404	2026-06-02 07:53:24.404	\N	\N	\N	\N	\N	[[-6.197865015086867,106.8089887049206],[-6.197780970737896,106.80917018921029]]
2728	4	loadtest_pppoe_724	4396	-6.197666891967346	106.8090160404197	t	\N	\N	10.10.10.3	10.10.10.217	Profile_LoadTest	2026-06-02 07:53:24.404	2026-06-02 07:53:24.404	\N	\N	\N	\N	\N	[[-6.197865015086867,106.8089887049206],[-6.197666891967346,106.80901604041969]]
2729	4	loadtest_pppoe_725	4397	-6.197734966679192	106.8088367594973	t	\N	\N	10.10.10.3	10.10.10.218	Profile_LoadTest	2026-06-02 07:53:24.404	2026-06-02 07:53:24.404	\N	\N	\N	\N	\N	[[-6.197865015086867,106.8089887049206],[-6.197734966679192,106.8088367594973]]
2730	4	loadtest_pppoe_726	4398	-6.197922607297306	106.8087971764963	t	\N	\N	10.10.10.3	10.10.10.219	Profile_LoadTest	2026-06-02 07:53:24.404	2026-06-02 07:53:24.404	\N	\N	\N	\N	\N	[[-6.197865015086867,106.8089887049206],[-6.197922607297306,106.80879717649634]]
2731	4	loadtest_pppoe_727	4399	-6.198057297902742	106.8089336838454	f	\N	\N	10.10.10.3	10.10.10.220	Profile_LoadTest	2026-06-02 07:53:24.404	2026-06-02 07:53:24.404	\N	\N	\N	\N	\N	[[-6.197865015086867,106.8089887049206],[-6.198057297902742,106.80893368384537]]
2732	4	loadtest_pppoe_728	4400	-6.198015204574021	106.8091207773172	t	\N	\N	10.10.10.3	10.10.10.221	Profile_LoadTest	2026-06-02 07:53:24.404	2026-06-02 07:53:24.404	\N	\N	\N	\N	\N	[[-6.197865015086867,106.8089887049206],[-6.198015204574021,106.80912077731722]]
2733	4	loadtest_pppoe_729	4401	-6.197835027723444	106.8091864440367	t	\N	\N	10.10.10.3	10.10.10.222	Profile_LoadTest	2026-06-02 07:53:24.404	2026-06-02 07:53:24.404	\N	\N	\N	\N	\N	[[-6.197865015086867,106.8089887049206],[-6.197835027723444,106.8091864440367]]
2734	4	loadtest_pppoe_730	4402	-6.197682421116506	106.8090703103248	t	\N	\N	10.10.10.3	10.10.10.223	Profile_LoadTest	2026-06-02 07:53:24.404	2026-06-02 07:53:24.404	\N	\N	\N	\N	\N	[[-6.197865015086867,106.8089887049206],[-6.197682421116506,106.80907031032476]]
2735	4	loadtest_pppoe_731	4409	-6.198006064867422	106.8097870590406	t	\N	\N	10.10.10.3	10.10.10.224	Profile_LoadTest	2026-06-02 07:53:24.404	2026-06-02 07:53:24.404	\N	\N	\N	\N	\N	[[-6.198173389390448,106.8098966149806],[-6.198006064867422,106.80978705904057]]
2736	4	loadtest_pppoe_732	4410	-6.198175171709572	106.8096966229224	t	\N	\N	10.10.10.3	10.10.10.225	Profile_LoadTest	2026-06-02 07:53:24.404	2026-06-02 07:53:24.404	\N	\N	\N	\N	\N	[[-6.198173389390448,106.8098966149806],[-6.198175171709572,106.80969662292242]]
2737	4	loadtest_pppoe_733	4411	-6.198342639895738	106.8097900585802	t	\N	\N	10.10.10.3	10.10.10.226	Profile_LoadTest	2026-06-02 07:53:24.404	2026-06-02 07:53:24.404	\N	\N	\N	\N	\N	[[-6.198173389390448,106.8098966149806],[-6.1983426398957375,106.80979005858023]]
2738	4	loadtest_pppoe_734	4412	-6.198354499947879	106.8099814617011	t	\N	\N	10.10.10.3	10.10.10.227	Profile_LoadTest	2026-06-02 07:53:24.404	2026-06-02 07:53:24.404	\N	\N	\N	\N	\N	[[-6.198173389390448,106.8098966149806],[-6.198354499947879,106.80998146170114]]
2739	4	loadtest_pppoe_735	4413	-6.198199847788752	106.8100948571385	t	\N	\N	10.10.10.3	10.10.10.228	Profile_LoadTest	2026-06-02 07:53:24.404	2026-06-02 07:53:24.404	\N	\N	\N	\N	\N	[[-6.198173389390448,106.8098966149806],[-6.198199847788752,106.81009485713848]]
2740	4	loadtest_pppoe_736	4414	-6.198020869900243	106.8100259896501	t	\N	\N	10.10.10.3	10.10.10.229	Profile_LoadTest	2026-06-02 07:53:24.404	2026-06-02 07:53:24.404	\N	\N	\N	\N	\N	[[-6.198173389390448,106.8098966149806],[-6.198020869900243,106.8100259896501]]
2741	4	loadtest_pppoe_737	4415	-6.197982117727649	106.8098381756872	t	\N	\N	10.10.10.3	10.10.10.230	Profile_LoadTest	2026-06-02 07:53:24.404	2026-06-02 07:53:24.404	\N	\N	\N	\N	\N	[[-6.198173389390448,106.8098966149806],[-6.197982117727649,106.80983817568723]]
2742	4	loadtest_pppoe_738	4416	-6.198119219839737	106.8097040905412	t	\N	\N	10.10.10.3	10.10.10.231	Profile_LoadTest	2026-06-02 07:53:24.404	2026-06-02 07:53:24.404	\N	\N	\N	\N	\N	[[-6.198173389390448,106.8098966149806],[-6.198119219839737,106.80970409054117]]
2743	4	loadtest_pppoe_739	4417	-6.198306125186933	106.8097470114769	t	\N	\N	10.10.10.3	10.10.10.232	Profile_LoadTest	2026-06-02 07:53:24.404	2026-06-02 07:53:24.404	\N	\N	\N	\N	\N	[[-6.198173389390448,106.8098966149806],[-6.198306125186933,106.80974701147686]]
2744	4	loadtest_pppoe_740	4418	-6.198370993854983	106.8099274771839	t	\N	\N	10.10.10.3	10.10.10.233	Profile_LoadTest	2026-06-02 07:53:24.404	2026-06-02 07:53:24.404	\N	\N	\N	\N	\N	[[-6.198173389390448,106.8098966149806],[-6.198370993854983,106.80992747718395]]
2745	4	loadtest_pppoe_741	4425	-6.197656821264579	106.8108296022515	t	\N	\N	10.10.10.3	10.10.10.234	Profile_LoadTest	2026-06-02 07:53:24.404	2026-06-02 07:53:24.404	\N	\N	\N	\N	\N	[[-6.197576024765389,106.8106466489085],[-6.197656821264579,106.81082960225152]]
2746	4	loadtest_pppoe_742	4426	-6.197465729370491	106.8108134869313	t	\N	\N	10.10.10.3	10.10.10.235	Profile_LoadTest	2026-06-02 07:53:24.404	2026-06-02 07:53:24.404	\N	\N	\N	\N	\N	[[-6.197576024765389,106.8106466489085],[-6.197465729370491,106.81081348693134]]
2747	4	loadtest_pppoe_743	4427	-6.197376042553818	106.8106439815024	t	\N	\N	10.10.10.3	10.10.10.236	Profile_LoadTest	2026-06-02 07:53:24.404	2026-06-02 07:53:24.404	\N	\N	\N	\N	\N	[[-6.197576024765389,106.8106466489085],[-6.1973760425538185,106.81064398150238]]
2748	4	loadtest_pppoe_744	4428	-6.197470218460198	106.8104769284743	t	\N	\N	10.10.10.3	10.10.10.237	Profile_LoadTest	2026-06-02 07:53:24.404	2026-06-02 07:53:24.404	\N	\N	\N	\N	\N	[[-6.197576024765389,106.8106466489085],[-6.1974702184601975,106.81047692847432]]
2749	4	loadtest_pppoe_745	4429	-6.197661672195619	106.8104659156307	t	\N	\N	10.10.10.3	10.10.10.238	Profile_LoadTest	2026-06-02 07:53:24.404	2026-06-02 07:53:24.404	\N	\N	\N	\N	\N	[[-6.197576024765389,106.8106466489085],[-6.197661672195619,106.81046591563073]]
2750	4	loadtest_pppoe_746	4430	-6.19777438207867	106.8106210681292	t	\N	\N	10.10.10.3	10.10.10.239	Profile_LoadTest	2026-06-02 07:53:24.404	2026-06-02 07:53:24.404	\N	\N	\N	\N	\N	[[-6.197576024765389,106.8106466489085],[-6.19777438207867,106.81062106812924]]
2751	4	loadtest_pppoe_747	4431	-6.197704723162661	106.8107997394782	t	\N	\N	10.10.10.3	10.10.10.240	Profile_LoadTest	2026-06-02 07:53:24.404	2026-06-02 07:53:24.404	\N	\N	\N	\N	\N	[[-6.197576024765389,106.8106466489085],[-6.197704723162661,106.81079973947823]]
2752	4	loadtest_pppoe_748	4432	-6.197516739533723	106.8108376600634	t	\N	\N	10.10.10.3	10.10.10.241	Profile_LoadTest	2026-06-02 07:53:24.404	2026-06-02 07:53:24.404	\N	\N	\N	\N	\N	[[-6.197576024765389,106.8106466489085],[-6.197516739533723,106.81083766006343]]
2753	4	loadtest_pppoe_749	4433	-6.19738326247337	106.8106999658737	t	\N	\N	10.10.10.3	10.10.10.242	Profile_LoadTest	2026-06-02 07:53:24.404	2026-06-02 07:53:24.404	\N	\N	\N	\N	\N	[[-6.197576024765389,106.8106466489085],[-6.1973832624733705,106.81069996587368]]
2754	4	loadtest_pppoe_750	4434	-6.19742701017533	106.810513252312	t	\N	\N	10.10.10.3	10.10.10.243	Profile_LoadTest	2026-06-02 07:53:24.404	2026-06-02 07:53:24.404	\N	\N	\N	\N	\N	[[-6.197576024765389,106.8106466489085],[-6.19742701017533,106.81051325231203]]
2755	4	loadtest_pppoe_751	4441	-6.196653871931866	106.8103517630274	t	\N	\N	10.10.10.3	10.10.10.244	Profile_LoadTest	2026-06-02 07:53:24.404	2026-06-02 07:53:24.404	\N	\N	\N	\N	\N	[[-6.196622135493081,106.8105492289699],[-6.196653871931866,106.81035176302738]]
2756	4	loadtest_pppoe_752	4442	-6.196805444625251	106.8104692429582	t	\N	\N	10.10.10.3	10.10.10.245	Profile_LoadTest	2026-06-02 07:53:24.404	2026-06-02 07:53:24.404	\N	\N	\N	\N	\N	[[-6.196622135493081,106.8105492289699],[-6.196805444625251,106.81046924295823]]
2757	4	loadtest_pppoe_753	4443	-6.196788483747892	106.8106602616593	f	\N	\N	10.10.10.3	10.10.10.246	Profile_LoadTest	2026-06-02 07:53:24.404	2026-06-02 07:53:24.404	\N	\N	\N	\N	\N	[[-6.196622135493081,106.8105492289699],[-6.196788483747892,106.81066026165934]]
2758	4	loadtest_pppoe_754	4444	-6.196618583052214	106.8107491974178	t	\N	\N	10.10.10.3	10.10.10.247	Profile_LoadTest	2026-06-02 07:53:24.404	2026-06-02 07:53:24.404	\N	\N	\N	\N	\N	[[-6.196622135493081,106.8105492289699],[-6.1966185830522145,106.81074919741782]]
2759	4	loadtest_pppoe_755	4445	-6.196451948454287	106.8106542831075	t	\N	\N	10.10.10.3	10.10.10.248	Profile_LoadTest	2026-06-02 07:53:24.404	2026-06-02 07:53:24.404	\N	\N	\N	\N	\N	[[-6.196622135493081,106.8105492289699],[-6.196451948454287,106.8106542831075]]
2760	4	loadtest_pppoe_756	4446	-6.196441783034969	106.8104627825076	t	\N	\N	10.10.10.3	10.10.10.249	Profile_LoadTest	2026-06-02 07:53:24.404	2026-06-02 07:53:24.404	\N	\N	\N	\N	\N	[[-6.196622135493081,106.8105492289699],[-6.196441783034969,106.81046278250756]]
2761	4	loadtest_pppoe_757	4447	-6.196597432833902	106.8103507603864	t	\N	\N	10.10.10.3	10.10.10.250	Profile_LoadTest	2026-06-02 07:53:24.404	2026-06-02 07:53:24.404	\N	\N	\N	\N	\N	[[-6.196622135493081,106.8105492289699],[-6.196597432833902,106.81035076038643]]
2762	4	loadtest_pppoe_758	4448	-6.196775794143762	106.8104212093657	t	\N	\N	10.10.10.3	10.10.10.251	Profile_LoadTest	2026-06-02 07:53:24.404	2026-06-02 07:53:24.404	\N	\N	\N	\N	\N	[[-6.196622135493081,106.8105492289699],[-6.196775794143762,106.81042120936566]]
2763	4	loadtest_pppoe_759	4449	-6.196812882398819	106.8106093589787	t	\N	\N	10.10.10.3	10.10.10.252	Profile_LoadTest	2026-06-02 07:53:24.404	2026-06-02 07:53:24.404	\N	\N	\N	\N	\N	[[-6.196622135493081,106.8105492289699],[-6.196812882398819,106.81060935897865]]
2764	4	loadtest_pppoe_760	4450	-6.196674598828416	106.8107422253389	t	\N	\N	10.10.10.3	10.10.10.253	Profile_LoadTest	2026-06-02 07:53:24.404	2026-06-02 07:53:24.404	\N	\N	\N	\N	\N	[[-6.196622135493081,106.8105492289699],[-6.196674598828416,106.8107422253389]]
2765	4	loadtest_pppoe_761	4457	-6.196054668187771	106.8098423453647	t	\N	\N	10.10.10.3	10.10.10.254	Profile_LoadTest	2026-06-02 07:53:24.404	2026-06-02 07:53:24.404	\N	\N	\N	\N	\N	[[-6.196188722971399,106.8096939226071],[-6.196054668187771,106.80984234536474]]
2766	4	loadtest_pppoe_762	4458	-6.19599139941865	106.8096613125545	f	\N	\N	10.10.10.4	10.10.10.1	Profile_LoadTest	2026-06-02 07:53:24.404	2026-06-02 07:53:24.404	\N	\N	\N	\N	\N	[[-6.196188722971399,106.8096939226071],[-6.19599139941865,106.8096613125545]]
2767	4	loadtest_pppoe_763	4459	-6.196109549013923	106.8095102612762	t	\N	\N	10.10.10.4	10.10.10.2	Profile_LoadTest	2026-06-02 07:53:24.404	2026-06-02 07:53:24.404	\N	\N	\N	\N	\N	[[-6.196188722971399,106.8096939226071],[-6.196109549013923,106.80951026127623]]
2768	4	loadtest_pppoe_764	4460	-6.19630049078057	106.8095280673786	t	\N	\N	10.10.10.4	10.10.10.3	Profile_LoadTest	2026-06-02 07:53:24.404	2026-06-02 07:53:24.404	\N	\N	\N	\N	\N	[[-6.196188722971399,106.8096939226071],[-6.19630049078057,106.80952806737857]]
2769	4	loadtest_pppoe_765	4461	-6.196388673738909	106.8096983600131	t	\N	\N	10.10.10.4	10.10.10.4	Profile_LoadTest	2026-06-02 07:53:24.404	2026-06-02 07:53:24.404	\N	\N	\N	\N	\N	[[-6.196188722971399,106.8096939226071],[-6.196388673738909,106.80969836001313]]
2770	4	loadtest_pppoe_766	4462	-6.19629302288372	106.8098645729171	t	\N	\N	10.10.10.4	10.10.10.5	Profile_LoadTest	2026-06-02 07:53:24.404	2026-06-02 07:53:24.404	\N	\N	\N	\N	\N	[[-6.196188722971399,106.8096939226071],[-6.19629302288372,106.80986457291706]]
2771	4	loadtest_pppoe_767	4463	-6.196101479170147	106.809873890713	t	\N	\N	10.10.10.4	10.10.10.6	Profile_LoadTest	2026-06-02 07:53:24.404	2026-06-02 07:53:24.404	\N	\N	\N	\N	\N	[[-6.196188722971399,106.8096939226071],[-6.196101479170147,106.809873890713]]
2772	4	loadtest_pppoe_768	4464	-6.1959901470051	106.8097177466623	t	\N	\N	10.10.10.4	10.10.10.7	Profile_LoadTest	2026-06-02 07:53:24.404	2026-06-02 07:53:24.404	\N	\N	\N	\N	\N	[[-6.196188722971399,106.8096939226071],[-6.1959901470051,106.80971774666234]]
2773	4	loadtest_pppoe_769	4465	-6.196061384667689	106.8095396988852	t	\N	\N	10.10.10.4	10.10.10.8	Profile_LoadTest	2026-06-02 07:53:24.404	2026-06-02 07:53:24.404	\N	\N	\N	\N	\N	[[-6.196188722971399,106.8096939226071],[-6.196061384667689,106.80953969888516]]
2774	4	loadtest_pppoe_770	4466	-6.196249696579459	106.8095034436867	t	\N	\N	10.10.10.4	10.10.10.9	Profile_LoadTest	2026-06-02 07:53:24.404	2026-06-02 07:53:24.404	\N	\N	\N	\N	\N	[[-6.196188722971399,106.8096939226071],[-6.196249696579459,106.80950344368668]]
2775	4	loadtest_pppoe_771	4473	-6.196867491339766	106.8088154858677	f	\N	\N	10.10.10.4	10.10.10.10	Profile_LoadTest	2026-06-02 07:53:24.404	2026-06-02 07:53:24.404	\N	\N	\N	\N	\N	[[-6.196674264673993,106.8088670945456],[-6.196867491339766,106.80881548586771]]
2776	4	loadtest_pppoe_772	4474	-6.196822092692079	106.8090018048907	t	\N	\N	10.10.10.4	10.10.10.11	Profile_LoadTest	2026-06-02 07:53:24.404	2026-06-02 07:53:24.404	\N	\N	\N	\N	\N	[[-6.196674264673993,106.8088670945456],[-6.196822092692079,106.80900180489067]]
2777	4	loadtest_pppoe_773	4475	-6.196640781646307	106.8090642718436	t	\N	\N	10.10.10.4	10.10.10.12	Profile_LoadTest	2026-06-02 07:53:24.404	2026-06-02 07:53:24.404	\N	\N	\N	\N	\N	[[-6.196674264673993,106.8088670945456],[-6.196640781646307,106.80906427184362]]
2778	4	loadtest_pppoe_774	4476	-6.196490254741775	106.8089454548981	t	\N	\N	10.10.10.4	10.10.10.13	Profile_LoadTest	2026-06-02 07:53:24.404	2026-06-02 07:53:24.404	\N	\N	\N	\N	\N	[[-6.196674264673993,106.8088670945456],[-6.196490254741775,106.80894545489811]]
2779	4	loadtest_pppoe_775	4477	-6.196508905720318	106.8087545938059	t	\N	\N	10.10.10.4	10.10.10.14	Profile_LoadTest	2026-06-02 07:53:24.404	2026-06-02 07:53:24.404	\N	\N	\N	\N	\N	[[-6.196674264673993,106.8088670945456],[-6.196508905720318,106.80875459380587]]
2780	4	loadtest_pppoe_776	4478	-6.196679586958278	106.8086671653749	f	\N	\N	10.10.10.4	10.10.10.15	Profile_LoadTest	2026-06-02 07:53:24.404	2026-06-02 07:53:24.404	\N	\N	\N	\N	\N	[[-6.196674264673993,106.8088670945456],[-6.196679586958278,106.80866716537493]]
2781	4	loadtest_pppoe_777	4479	-6.196845374912611	106.8087635509015	f	\N	\N	10.10.10.4	10.10.10.16	Profile_LoadTest	2026-06-02 07:53:24.404	2026-06-02 07:53:24.404	\N	\N	\N	\N	\N	[[-6.196674264673993,106.8088670945456],[-6.196845374912611,106.80876355090147]]
2782	4	loadtest_pppoe_778	4480	-6.196853844902673	106.8089551339769	t	\N	\N	10.10.10.4	10.10.10.17	Profile_LoadTest	2026-06-02 07:53:24.404	2026-06-02 07:53:24.404	\N	\N	\N	\N	\N	[[-6.196674264673993,106.8088670945456],[-6.196853844902673,106.80895513397692]]
2783	4	loadtest_pppoe_779	4481	-6.196697209658663	106.8090657740052	t	\N	\N	10.10.10.4	10.10.10.18	Profile_LoadTest	2026-06-02 07:53:24.404	2026-06-02 07:53:24.404	\N	\N	\N	\N	\N	[[-6.196674264673993,106.8088670945456],[-6.196697209658663,106.80906577400523]]
2784	4	loadtest_pppoe_780	4482	-6.196519478901563	106.8089937490546	t	\N	\N	10.10.10.4	10.10.10.19	Profile_LoadTest	2026-06-02 07:53:24.404	2026-06-02 07:53:24.404	\N	\N	\N	\N	\N	[[-6.196674264673993,106.8088670945456],[-6.196519478901563,106.80899374905462]]
2785	4	loadtest_pppoe_781	4489	-6.197442148594498	106.8087671106789	t	\N	\N	10.10.10.4	10.10.10.20	Profile_LoadTest	2026-06-02 07:53:24.404	2026-06-02 07:53:24.404	\N	\N	\N	\N	\N	[[-6.197632355798687,106.808828926692],[-6.197442148594498,106.80876711067891]]
2786	4	loadtest_pppoe_782	4490	-6.197581602789084	106.8086354735142	t	\N	\N	10.10.10.4	10.10.10.21	Profile_LoadTest	2026-06-02 07:53:24.404	2026-06-02 07:53:24.404	\N	\N	\N	\N	\N	[[-6.197632355798687,106.808828926692],[-6.197581602789084,106.80863547351416]]
2787	4	loadtest_pppoe_783	4491	-6.19776771906664	106.808681696309	t	\N	\N	10.10.10.4	10.10.10.22	Profile_LoadTest	2026-06-02 07:53:24.404	2026-06-02 07:53:24.404	\N	\N	\N	\N	\N	[[-6.197632355798687,106.808828926692],[-6.19776771906664,106.80868169630897]]
2788	4	loadtest_pppoe_784	4492	-6.197829382979899	106.8088632820389	t	\N	\N	10.10.10.4	10.10.10.23	Profile_LoadTest	2026-06-02 07:53:24.404	2026-06-02 07:53:24.404	\N	\N	\N	\N	\N	[[-6.197632355798687,106.808828926692],[-6.197829382979899,106.80886328203894]]
2789	4	loadtest_pppoe_785	4493	-6.19770990101139	106.8090132816214	f	\N	\N	10.10.10.4	10.10.10.24	Profile_LoadTest	2026-06-02 07:53:24.404	2026-06-02 07:53:24.404	\N	\N	\N	\N	\N	[[-6.197632355798687,106.808828926692],[-6.19770990101139,106.80901328162138]]
2790	4	loadtest_pppoe_786	4494	-6.197519124331939	106.8089937861319	t	\N	\N	10.10.10.4	10.10.10.25	Profile_LoadTest	2026-06-02 07:53:24.404	2026-06-02 07:53:24.404	\N	\N	\N	\N	\N	[[-6.197632355798687,106.808828926692],[-6.197519124331939,106.80899378613195]]
2791	4	loadtest_pppoe_787	4495	-6.197432452140824	106.8088227196337	t	\N	\N	10.10.10.4	10.10.10.26	Profile_LoadTest	2026-06-02 07:53:24.404	2026-06-02 07:53:24.404	\N	\N	\N	\N	\N	[[-6.197632355798687,106.808828926692],[-6.1974324521408235,106.80882271963371]]
2792	4	loadtest_pppoe_788	4496	-6.197529570450844	106.8086573598762	t	\N	\N	10.10.10.4	10.10.10.27	Profile_LoadTest	2026-06-02 07:53:24.404	2026-06-02 07:53:24.404	\N	\N	\N	\N	\N	[[-6.197632355798687,106.808828926692],[-6.197529570450844,106.80865735987625]]
2793	4	loadtest_pppoe_789	4497	-6.197721189135653	106.808649737858	f	\N	\N	10.10.10.4	10.10.10.28	Profile_LoadTest	2026-06-02 07:53:24.404	2026-06-02 07:53:24.404	\N	\N	\N	\N	\N	[[-6.197632355798687,106.808828926692],[-6.197721189135653,106.80864973785796]]
2794	4	loadtest_pppoe_790	4498	-6.197831134860131	106.8088068612273	t	\N	\N	10.10.10.4	10.10.10.29	Profile_LoadTest	2026-06-02 07:53:24.404	2026-06-02 07:53:24.404	\N	\N	\N	\N	\N	[[-6.197632355798687,106.808828926692],[-6.197831134860131,106.80880686122732]]
2795	4	loadtest_pppoe_791	4505	-6.19830810001745	106.8097698551861	t	\N	\N	10.10.10.4	10.10.10.30	Profile_LoadTest	2026-06-02 07:53:24.404	2026-06-02 07:53:24.404	\N	\N	\N	\N	\N	[[-6.198182131783903,106.809614510395],[-6.19830810001745,106.80976985518615]]
2796	4	loadtest_pppoe_792	4506	-6.198119474576562	106.8098044421574	t	\N	\N	10.10.10.4	10.10.10.31	Profile_LoadTest	2026-06-02 07:53:24.404	2026-06-02 07:53:24.404	\N	\N	\N	\N	\N	[[-6.198182131783903,106.809614510395],[-6.198119474576562,106.8098044421574]]
2797	4	loadtest_pppoe_793	4507	-6.197988455883145	106.8096644067422	t	\N	\N	10.10.10.4	10.10.10.32	Profile_LoadTest	2026-06-02 07:53:24.404	2026-06-02 07:53:24.404	\N	\N	\N	\N	\N	[[-6.198182131783903,106.809614510395],[-6.197988455883145,106.80966440674221]]
2798	4	loadtest_pppoe_794	4508	-6.198035501919702	106.8094784968555	t	\N	\N	10.10.10.4	10.10.10.33	Profile_LoadTest	2026-06-02 07:53:24.404	2026-06-02 07:53:24.404	\N	\N	\N	\N	\N	[[-6.198182131783903,106.809614510395],[-6.198035501919702,106.8094784968555]]
2799	4	loadtest_pppoe_795	4509	-6.198217358777188	106.8094176371898	t	\N	\N	10.10.10.4	10.10.10.34	Profile_LoadTest	2026-06-02 07:53:24.404	2026-06-02 07:53:24.404	\N	\N	\N	\N	\N	[[-6.198182131783903,106.809614510395],[-6.198217358777188,106.80941763718975]]
2800	4	loadtest_pppoe_796	4510	-6.198366828099505	106.809537781841	f	\N	\N	10.10.10.4	10.10.10.35	Profile_LoadTest	2026-06-02 07:53:24.404	2026-06-02 07:53:24.404	\N	\N	\N	\N	\N	[[-6.198182131783903,106.809614510395],[-6.198366828099505,106.80953778184097]]
2801	4	loadtest_pppoe_797	4511	-6.198346488481028	106.8097284703709	t	\N	\N	10.10.10.4	10.10.10.36	Profile_LoadTest	2026-06-02 07:53:24.404	2026-06-02 07:53:24.404	\N	\N	\N	\N	\N	[[-6.198182131783903,106.809614510395],[-6.198346488481028,106.80972847037091]]
2802	4	loadtest_pppoe_798	4512	-6.198175040073185	106.8098143846245	t	\N	\N	10.10.10.4	10.10.10.37	Profile_LoadTest	2026-06-02 07:53:24.404	2026-06-02 07:53:24.404	\N	\N	\N	\N	\N	[[-6.198182131783903,106.809614510395],[-6.198175040073185,106.80981438462454]]
2803	4	loadtest_pppoe_799	4513	-6.19801011175147	106.8097165354333	t	\N	\N	10.10.10.4	10.10.10.38	Profile_LoadTest	2026-06-02 07:53:24.404	2026-06-02 07:53:24.404	\N	\N	\N	\N	\N	[[-6.198182131783903,106.809614510395],[-6.19801011175147,106.8097165354333]]
2804	4	loadtest_pppoe_800	4514	-6.198003337854264	106.8095248848924	t	\N	\N	10.10.10.4	10.10.10.39	Profile_LoadTest	2026-06-02 07:53:24.404	2026-06-02 07:53:24.404	\N	\N	\N	\N	\N	[[-6.198182131783903,106.809614510395],[-6.198003337854264,106.80952488489235]]
2805	4	loadtest_pppoe_801	4521	-6.197306677962806	106.8276336019396	f	\N	\N	10.10.10.4	10.10.10.40	Profile_LoadTest	2026-06-02 07:53:24.404	2026-06-02 07:53:24.404	\N	\N	\N	\N	\N	[[-6.197327863475292,106.8278324767094],[-6.197306677962806,106.82763360193961]]
2806	4	loadtest_pppoe_802	4522	-6.197483764242437	106.8277071972186	t	\N	\N	10.10.10.4	10.10.10.41	Profile_LoadTest	2026-06-02 07:53:24.404	2026-06-02 07:53:24.404	\N	\N	\N	\N	\N	[[-6.197327863475292,106.8278324767094],[-6.1974837642424365,106.82770719721864]]
2807	4	loadtest_pppoe_803	4523	-6.197517516075728	106.8278959738837	t	\N	\N	10.10.10.4	10.10.10.42	Profile_LoadTest	2026-06-02 07:53:24.404	2026-06-02 07:53:24.404	\N	\N	\N	\N	\N	[[-6.197327863475292,106.8278324767094],[-6.197517516075728,106.82789597388373]]
2808	4	loadtest_pppoe_804	4524	-6.197376902182806	106.8280263715396	t	\N	\N	10.10.10.4	10.10.10.43	Profile_LoadTest	2026-06-02 07:53:24.404	2026-06-02 07:53:24.404	\N	\N	\N	\N	\N	[[-6.197327863475292,106.8278324767094],[-6.197376902182806,106.82802637153956]]
2809	4	loadtest_pppoe_805	4525	-6.197191202328349	106.8279785031827	t	\N	\N	10.10.10.4	10.10.10.44	Profile_LoadTest	2026-06-02 07:53:24.404	2026-06-02 07:53:24.404	\N	\N	\N	\N	\N	[[-6.197327863475292,106.8278324767094],[-6.197191202328349,106.82797850318275]]
2810	4	loadtest_pppoe_806	4526	-6.197131148102146	106.8277963787598	f	\N	\N	10.10.10.4	10.10.10.45	Profile_LoadTest	2026-06-02 07:53:24.404	2026-06-02 07:53:24.404	\N	\N	\N	\N	\N	[[-6.197327863475292,106.8278324767094],[-6.197131148102146,106.82779637875976]]
2811	4	loadtest_pppoe_807	4527	-6.197251953082814	106.8276474426252	t	\N	\N	10.10.10.4	10.10.10.46	Profile_LoadTest	2026-06-02 07:53:24.404	2026-06-02 07:53:24.404	\N	\N	\N	\N	\N	[[-6.197327863475292,106.8278324767094],[-6.197251953082814,106.8276474426252]]
2812	4	loadtest_pppoe_808	4528	-6.197442549728247	106.8276686259743	t	\N	\N	10.10.10.4	10.10.10.47	Profile_LoadTest	2026-06-02 07:53:24.404	2026-06-02 07:53:24.404	\N	\N	\N	\N	\N	[[-6.197327863475292,106.8278324767094],[-6.1974425497282475,106.82766862597434]]
2813	4	loadtest_pppoe_809	4529	-6.197527704361616	106.8278404529336	f	\N	\N	10.10.10.4	10.10.10.48	Profile_LoadTest	2026-06-02 07:53:24.404	2026-06-02 07:53:24.404	\N	\N	\N	\N	\N	[[-6.197327863475292,106.8278324767094],[-6.197527704361616,106.82784045293364]]
2814	4	loadtest_pppoe_810	4530	-6.197429126205711	106.8280049465892	t	\N	\N	10.10.10.4	10.10.10.49	Profile_LoadTest	2026-06-02 07:53:24.404	2026-06-02 07:53:24.404	\N	\N	\N	\N	\N	[[-6.197327863475292,106.8278324767094],[-6.197429126205711,106.82800494658918]]
2815	4	loadtest_pppoe_811	4537	-6.196294330785749	106.8281838639485	t	\N	\N	10.10.10.4	10.10.10.50	Profile_LoadTest	2026-06-02 07:53:24.404	2026-06-02 07:53:24.404	\N	\N	\N	\N	\N	[[-6.196384746698584,106.8280054684253],[-6.196294330785749,106.82818386394852]]
2816	4	loadtest_pppoe_812	4538	-6.19618578011578	106.8280257735706	t	\N	\N	10.10.10.4	10.10.10.51	Profile_LoadTest	2026-06-02 07:53:24.404	2026-06-02 07:53:24.404	\N	\N	\N	\N	\N	[[-6.196384746698584,106.8280054684253],[-6.19618578011578,106.82802577357064]]
2817	4	loadtest_pppoe_813	4539	-6.19626015840446	106.8278490147358	t	\N	\N	10.10.10.4	10.10.10.52	Profile_LoadTest	2026-06-02 07:53:24.404	2026-06-02 07:53:24.404	\N	\N	\N	\N	\N	[[-6.196384746698584,106.8280054684253],[-6.19626015840446,106.82784901473578]]
2818	4	loadtest_pppoe_814	4540	-6.196449082596189	106.8278160987015	f	\N	\N	10.10.10.4	10.10.10.53	Profile_LoadTest	2026-06-02 07:53:24.404	2026-06-02 07:53:24.404	\N	\N	\N	\N	\N	[[-6.196384746698584,106.8280054684253],[-6.196449082596189,106.82781609870153]]
2819	4	loadtest_pppoe_815	4541	-6.196578856660361	106.827957288318	t	\N	\N	10.10.10.4	10.10.10.54	Profile_LoadTest	2026-06-02 07:53:24.404	2026-06-02 07:53:24.404	\N	\N	\N	\N	\N	[[-6.196384746698584,106.8280054684253],[-6.196578856660361,106.827957288318]]
2820	4	loadtest_pppoe_816	4542	-6.196530166920859	106.8281427745029	f	\N	\N	10.10.10.4	10.10.10.55	Profile_LoadTest	2026-06-02 07:53:24.404	2026-06-02 07:53:24.404	\N	\N	\N	\N	\N	[[-6.196384746698584,106.8280054684253],[-6.196530166920859,106.82814277450294]]
2821	4	loadtest_pppoe_817	4543	-6.196347778499637	106.8282020221133	t	\N	\N	10.10.10.4	10.10.10.56	Profile_LoadTest	2026-06-02 07:53:24.404	2026-06-02 07:53:24.404	\N	\N	\N	\N	\N	[[-6.196384746698584,106.8280054684253],[-6.196347778499637,106.8282020221133]]
2822	4	loadtest_pppoe_818	4544	-6.196199378470039	106.8280805591694	t	\N	\N	10.10.10.4	10.10.10.57	Profile_LoadTest	2026-06-02 07:53:24.404	2026-06-02 07:53:24.404	\N	\N	\N	\N	\N	[[-6.196384746698584,106.8280054684253],[-6.196199378470039,106.82808055916938]]
2823	4	loadtest_pppoe_819	4545	-6.196221405134897	106.8278900581416	t	\N	\N	10.10.10.4	10.10.10.58	Profile_LoadTest	2026-06-02 07:53:24.404	2026-06-02 07:53:24.404	\N	\N	\N	\N	\N	[[-6.196384746698584,106.8280054684253],[-6.196221405134897,106.82789005814165]]
2824	4	loadtest_pppoe_820	4546	-6.196393607280119	106.8278056647965	t	\N	\N	10.10.10.4	10.10.10.59	Profile_LoadTest	2026-06-02 07:53:24.404	2026-06-02 07:53:24.404	\N	\N	\N	\N	\N	[[-6.196384746698584,106.8280054684253],[-6.196393607280119,106.82780566479647]]
2825	4	loadtest_pppoe_821	4553	-6.195902527368875	106.8272048324063	t	\N	\N	10.10.10.4	10.10.10.60	Profile_LoadTest	2026-06-02 07:53:24.404	2026-06-02 07:53:24.404	\N	\N	\N	\N	\N	[[-6.195729611019917,106.8273053308454],[-6.195902527368875,106.8272048324063]]
2826	4	loadtest_pppoe_822	4554	-6.195907604642509	106.8273965353975	t	\N	\N	10.10.10.4	10.10.10.61	Profile_LoadTest	2026-06-02 07:53:24.404	2026-06-02 07:53:24.404	\N	\N	\N	\N	\N	[[-6.195729611019917,106.8273053308454],[-6.1959076046425094,106.82739653539747]]
2827	4	loadtest_pppoe_823	4555	-6.195749035400393	106.8275043853441	f	\N	\N	10.10.10.4	10.10.10.62	Profile_LoadTest	2026-06-02 07:53:24.404	2026-06-02 07:53:24.404	\N	\N	\N	\N	\N	[[-6.195729611019917,106.8273053308454],[-6.195749035400393,106.82750438534408]]
2828	4	loadtest_pppoe_824	4556	-6.195572607472447	106.8274292255026	t	\N	\N	10.10.10.4	10.10.10.63	Profile_LoadTest	2026-06-02 07:53:24.404	2026-06-02 07:53:24.404	\N	\N	\N	\N	\N	[[-6.195729611019917,106.8273053308454],[-6.195572607472447,106.8274292255026]]
2829	4	loadtest_pppoe_825	4557	-6.195540527881986	106.8272401574847	f	\N	\N	10.10.10.4	10.10.10.64	Profile_LoadTest	2026-06-02 07:53:24.404	2026-06-02 07:53:24.404	\N	\N	\N	\N	\N	[[-6.195729611019917,106.8273053308454],[-6.195540527881986,106.82724015748467]]
2830	4	loadtest_pppoe_826	4558	-6.195682290456538	106.827111009554	t	\N	\N	10.10.10.4	10.10.10.65	Profile_LoadTest	2026-06-02 07:53:24.404	2026-06-02 07:53:24.404	\N	\N	\N	\N	\N	[[-6.195729611019917,106.8273053308454],[-6.195682290456538,106.82711100955403]]
2831	4	loadtest_pppoe_827	4559	-6.19586755933883	106.8271605197225	t	\N	\N	10.10.10.4	10.10.10.66	Profile_LoadTest	2026-06-02 07:53:24.404	2026-06-02 07:53:24.404	\N	\N	\N	\N	\N	[[-6.195729611019917,106.8273053308454],[-6.19586755933883,106.82716051972253]]
2832	4	loadtest_pppoe_828	4560	-6.195925999172895	106.8273431685696	t	\N	\N	10.10.10.4	10.10.10.67	Profile_LoadTest	2026-06-02 07:53:24.404	2026-06-02 07:53:24.404	\N	\N	\N	\N	\N	[[-6.195729611019917,106.8273053308454],[-6.195925999172895,106.82734316856957]]
2833	4	loadtest_pppoe_829	4561	-6.195803880644803	106.8274910295875	t	\N	\N	10.10.10.4	10.10.10.68	Profile_LoadTest	2026-06-02 07:53:24.404	2026-06-02 07:53:24.404	\N	\N	\N	\N	\N	[[-6.195729611019917,106.8273053308454],[-6.195803880644803,106.8274910295875]]
2834	4	loadtest_pppoe_830	4562	-6.195613478966102	106.8274681600384	t	\N	\N	10.10.10.4	10.10.10.69	Profile_LoadTest	2026-06-02 07:53:24.404	2026-06-02 07:53:24.404	\N	\N	\N	\N	\N	[[-6.195729611019917,106.8273053308454],[-6.195613478966102,106.82746816003835]]
2835	4	loadtest_pppoe_831	4569	-6.195765022703136	106.8263660224665	t	\N	\N	10.10.10.4	10.10.10.70	Profile_LoadTest	2026-06-02 07:53:24.404	2026-06-02 07:53:24.404	\N	\N	\N	\N	\N	[[-6.195964785160944,106.8263757672318],[-6.195765022703136,106.82636602246652]]
2836	4	loadtest_pppoe_832	4570	-6.1958650529816	106.8262024078006	t	\N	\N	10.10.10.4	10.10.10.71	Profile_LoadTest	2026-06-02 07:53:24.404	2026-06-02 07:53:24.404	\N	\N	\N	\N	\N	[[-6.195964785160944,106.8263757672318],[-6.1958650529816,106.82620240780055]]
2837	4	loadtest_pppoe_833	4571	-6.196056776565815	106.8261981789962	t	\N	\N	10.10.10.4	10.10.10.72	Profile_LoadTest	2026-06-02 07:53:24.404	2026-06-02 07:53:24.404	\N	\N	\N	\N	\N	[[-6.195964785160944,106.8263757672318],[-6.196056776565815,106.82619817899618]]
2838	4	loadtest_pppoe_834	4572	-6.196163923676631	106.8263572239967	t	\N	\N	10.10.10.4	10.10.10.73	Profile_LoadTest	2026-06-02 07:53:24.404	2026-06-02 07:53:24.404	\N	\N	\N	\N	\N	[[-6.195964785160944,106.8263757672318],[-6.1961639236766315,106.82635722399665]]
2839	4	loadtest_pppoe_835	4573	-6.1960879837545	106.826533317562	t	\N	\N	10.10.10.4	10.10.10.74	Profile_LoadTest	2026-06-02 07:53:24.404	2026-06-02 07:53:24.404	\N	\N	\N	\N	\N	[[-6.195964785160944,106.8263757672318],[-6.1960879837545,106.826533317562]]
2840	4	loadtest_pppoe_836	4574	-6.195898775613613	106.8265645600803	t	\N	\N	10.10.10.4	10.10.10.75	Profile_LoadTest	2026-06-02 07:53:24.404	2026-06-02 07:53:24.404	\N	\N	\N	\N	\N	[[-6.195964785160944,106.8263757672318],[-6.195898775613613,106.82656456008034]]
2841	4	loadtest_pppoe_837	4575	-6.195770256346123	106.8264222273244	t	\N	\N	10.10.10.4	10.10.10.76	Profile_LoadTest	2026-06-02 07:53:24.404	2026-06-02 07:53:24.404	\N	\N	\N	\N	\N	[[-6.195964785160944,106.8263757672318],[-6.195770256346123,106.8264222273244]]
2842	4	loadtest_pppoe_838	4576	-6.195820585973864	106.8262371793736	f	\N	\N	10.10.10.4	10.10.10.77	Profile_LoadTest	2026-06-02 07:53:24.404	2026-06-02 07:53:24.404	\N	\N	\N	\N	\N	[[-6.195964785160944,106.8263757672318],[-6.195820585973864,106.82623717937358]]
2843	4	loadtest_pppoe_839	4577	-6.196003491669198	106.8261795484605	t	\N	\N	10.10.10.4	10.10.10.78	Profile_LoadTest	2026-06-02 07:53:24.404	2026-06-02 07:53:24.404	\N	\N	\N	\N	\N	[[-6.195964785160944,106.8263757672318],[-6.196003491669198,106.82617954846047]]
2844	4	loadtest_pppoe_840	4578	-6.196150810779347	106.8263023201808	t	\N	\N	10.10.10.4	10.10.10.79	Profile_LoadTest	2026-06-02 07:53:24.404	2026-06-02 07:53:24.404	\N	\N	\N	\N	\N	[[-6.195964785160944,106.8263757672318],[-6.196150810779347,106.82630232018082]]
2845	4	loadtest_pppoe_841	4585	-6.197036364733858	106.8261882656333	t	\N	\N	10.10.10.4	10.10.10.80	Profile_LoadTest	2026-06-02 07:53:24.404	2026-06-02 07:53:24.404	\N	\N	\N	\N	\N	[[-6.196874051100965,106.826071414084],[-6.197036364733858,106.8261882656333]]
2846	4	loadtest_pppoe_842	4586	-6.196863422342814	106.8262711314581	t	\N	\N	10.10.10.4	10.10.10.81	Profile_LoadTest	2026-06-02 07:53:24.404	2026-06-02 07:53:24.404	\N	\N	\N	\N	\N	[[-6.196874051100965,106.826071414084],[-6.196863422342814,106.82627113145806]]
2847	4	loadtest_pppoe_843	4587	-6.196700251982996	106.8261703780501	t	\N	\N	10.10.10.4	10.10.10.82	Profile_LoadTest	2026-06-02 07:53:24.404	2026-06-02 07:53:24.404	\N	\N	\N	\N	\N	[[-6.196874051100965,106.826071414084],[-6.196700251982996,106.82617037805014]]
2848	4	loadtest_pppoe_844	4588	-6.196696871730723	106.8259786376281	t	\N	\N	10.10.10.4	10.10.10.83	Profile_LoadTest	2026-06-02 07:53:24.404	2026-06-02 07:53:24.404	\N	\N	\N	\N	\N	[[-6.196874051100965,106.826071414084],[-6.196696871730723,106.82597863762814]]
2849	4	loadtest_pppoe_845	4589	-6.196856389374346	106.8258721954518	t	\N	\N	10.10.10.4	10.10.10.84	Profile_LoadTest	2026-06-02 07:53:24.404	2026-06-02 07:53:24.404	\N	\N	\N	\N	\N	[[-6.196874051100965,106.826071414084],[-6.196856389374346,106.82587219545181]]
2850	4	loadtest_pppoe_846	4590	-6.19703214512797	106.8259489139672	t	\N	\N	10.10.10.4	10.10.10.85	Profile_LoadTest	2026-06-02 07:53:24.404	2026-06-02 07:53:24.404	\N	\N	\N	\N	\N	[[-6.196874051100965,106.826071414084],[-6.19703214512797,106.82594891396717]]
2851	4	loadtest_pppoe_847	4591	-6.197062549962254	106.826138258525	f	\N	\N	10.10.10.4	10.10.10.86	Profile_LoadTest	2026-06-02 07:53:24.404	2026-06-02 07:53:24.404	\N	\N	\N	\N	\N	[[-6.196874051100965,106.826071414084],[-6.197062549962254,106.82613825852499]]
2852	4	loadtest_pppoe_848	4592	-6.196919649812775	106.8262661466121	t	\N	\N	10.10.10.4	10.10.10.87	Profile_LoadTest	2026-06-02 07:53:24.404	2026-06-02 07:53:24.404	\N	\N	\N	\N	\N	[[-6.196874051100965,106.826071414084],[-6.196919649812775,106.82626614661206]]
2853	4	loadtest_pppoe_849	4593	-6.196734826417948	106.8262149985109	t	\N	\N	10.10.10.4	10.10.10.88	Profile_LoadTest	2026-06-02 07:53:24.404	2026-06-02 07:53:24.404	\N	\N	\N	\N	\N	[[-6.196874051100965,106.826071414084],[-6.196734826417948,106.82621499851086]]
2854	4	loadtest_pppoe_850	4594	-6.196678005554618	106.8260318395498	t	\N	\N	10.10.10.4	10.10.10.89	Profile_LoadTest	2026-06-02 07:53:24.404	2026-06-02 07:53:24.404	\N	\N	\N	\N	\N	[[-6.196874051100965,106.826071414084],[-6.196678005554618,106.8260318395498]]
2855	4	loadtest_pppoe_851	4601	-6.197548810889546	106.8264857434315	t	\N	\N	10.10.10.4	10.10.10.90	Profile_LoadTest	2026-06-02 07:53:24.404	2026-06-02 07:53:24.404	\N	\N	\N	\N	\N	[[-6.197621433928021,106.8266720922825],[-6.197548810889546,106.82648574343146]]
2856	4	loadtest_pppoe_852	4602	-6.197739002684074	106.8265102973889	t	\N	\N	10.10.10.4	10.10.10.91	Profile_LoadTest	2026-06-02 07:53:24.404	2026-06-02 07:53:24.404	\N	\N	\N	\N	\N	[[-6.197621433928021,106.8266720922825],[-6.197739002684074,106.82651029738888]]
2857	4	loadtest_pppoe_853	4603	-6.197821102306483	106.8266836048253	t	\N	\N	10.10.10.4	10.10.10.92	Profile_LoadTest	2026-06-02 07:53:24.404	2026-06-02 07:53:24.404	\N	\N	\N	\N	\N	[[-6.197621433928021,106.8266720922825],[-6.197821102306483,106.82668360482533]]
2858	4	loadtest_pppoe_854	4604	-6.197719627742552	106.826846327683	t	\N	\N	10.10.10.4	10.10.10.93	Profile_LoadTest	2026-06-02 07:53:24.404	2026-06-02 07:53:24.404	\N	\N	\N	\N	\N	[[-6.197621433928021,106.8266720922825],[-6.197719627742552,106.826846327683]]
2859	4	loadtest_pppoe_855	4605	-6.197527874238387	106.826848859317	t	\N	\N	10.10.10.4	10.10.10.94	Profile_LoadTest	2026-06-02 07:53:24.404	2026-06-02 07:53:24.404	\N	\N	\N	\N	\N	[[-6.197621433928021,106.8266720922825],[-6.197527874238387,106.82684885931697]]
2860	4	loadtest_pppoe_856	4606	-6.197422139081398	106.8266888721546	t	\N	\N	10.10.10.4	10.10.10.95	Profile_LoadTest	2026-06-02 07:53:24.404	2026-06-02 07:53:24.404	\N	\N	\N	\N	\N	[[-6.197621433928021,106.8266720922825],[-6.197422139081398,106.82668887215465]]
2861	4	loadtest_pppoe_857	4607	-6.1974996346873	106.8265134576553	t	\N	\N	10.10.10.4	10.10.10.96	Profile_LoadTest	2026-06-02 07:53:24.404	2026-06-02 07:53:24.404	\N	\N	\N	\N	\N	[[-6.197621433928021,106.8266720922825],[-6.1974996346873,106.82651345765525]]
2862	4	loadtest_pppoe_858	4608	-6.197689111953415	106.8264838911006	t	\N	\N	10.10.10.4	10.10.10.97	Profile_LoadTest	2026-06-02 07:53:24.404	2026-06-02 07:53:24.404	\N	\N	\N	\N	\N	[[-6.197621433928021,106.8266720922825],[-6.197689111953415,106.82648389110057]]
2863	4	loadtest_pppoe_859	4609	-6.197816366355097	106.8266273558446	t	\N	\N	10.10.10.4	10.10.10.98	Profile_LoadTest	2026-06-02 07:53:24.404	2026-06-02 07:53:24.404	\N	\N	\N	\N	\N	[[-6.197621433928021,106.8266720922825],[-6.197816366355097,106.82662735584461]]
2864	4	loadtest_pppoe_860	4610	-6.197764400782302	106.8268119510633	t	\N	\N	10.10.10.4	10.10.10.99	Profile_LoadTest	2026-06-02 07:53:24.404	2026-06-02 07:53:24.404	\N	\N	\N	\N	\N	[[-6.197621433928021,106.8266720922825],[-6.197764400782302,106.82681195106333]]
2865	4	loadtest_pppoe_861	4617	-6.197479351532634	106.8278214095432	t	\N	\N	10.10.10.4	10.10.10.100	Profile_LoadTest	2026-06-02 07:53:24.404	2026-06-02 07:53:24.404	\N	\N	\N	\N	\N	[[-6.197519793317648,106.8276255410617],[-6.197479351532634,106.82782140954316]]
2866	4	loadtest_pppoe_862	4618	-6.197333124883974	106.8276973386652	t	\N	\N	10.10.10.4	10.10.10.101	Profile_LoadTest	2026-06-02 07:53:24.404	2026-06-02 07:53:24.404	\N	\N	\N	\N	\N	[[-6.197519793317648,106.8276255410617],[-6.197333124883974,106.82769733866522]]
2867	4	loadtest_pppoe_863	4619	-6.197358520332369	106.8275072574017	f	\N	\N	10.10.10.4	10.10.10.102	Profile_LoadTest	2026-06-02 07:53:24.404	2026-06-02 07:53:24.404	\N	\N	\N	\N	\N	[[-6.197519793317648,106.8276255410617],[-6.197358520332369,106.82750725740172]]
2868	4	loadtest_pppoe_864	4620	-6.19753218941968	106.8274259255897	t	\N	\N	10.10.10.4	10.10.10.103	Profile_LoadTest	2026-06-02 07:53:24.404	2026-06-02 07:53:24.404	\N	\N	\N	\N	\N	[[-6.197519793317648,106.8276255410617],[-6.19753218941968,106.82742592558972]]
2869	4	loadtest_pppoe_865	4621	-6.197694461587951	106.8275281193221	t	\N	\N	10.10.10.4	10.10.10.104	Profile_LoadTest	2026-06-02 07:53:24.404	2026-06-02 07:53:24.404	\N	\N	\N	\N	\N	[[-6.197519793317648,106.8276255410617],[-6.197694461587951,106.8275281193221]]
2870	4	loadtest_pppoe_866	4622	-6.197696144554029	106.8277198821526	t	\N	\N	10.10.10.4	10.10.10.105	Profile_LoadTest	2026-06-02 07:53:24.404	2026-06-02 07:53:24.404	\N	\N	\N	\N	\N	[[-6.197519793317648,106.8276255410617],[-6.197696144554029,106.82771988215258]]
2871	4	loadtest_pppoe_867	4623	-6.197535691006664	106.8278249082192	t	\N	\N	10.10.10.4	10.10.10.106	Profile_LoadTest	2026-06-02 07:53:24.404	2026-06-02 07:53:24.404	\N	\N	\N	\N	\N	[[-6.197519793317648,106.8276255410617],[-6.197535691006664,106.8278249082192]]
2872	4	loadtest_pppoe_868	4624	-6.197360621197333	106.8277466370406	t	\N	\N	10.10.10.4	10.10.10.107	Profile_LoadTest	2026-06-02 07:53:24.404	2026-06-02 07:53:24.404	\N	\N	\N	\N	\N	[[-6.197519793317648,106.8276255410617],[-6.197360621197333,106.82774663704065]]
2873	4	loadtest_pppoe_869	4625	-6.19733189350136	106.8275570307775	t	\N	\N	10.10.10.4	10.10.10.108	Profile_LoadTest	2026-06-02 07:53:24.404	2026-06-02 07:53:24.404	\N	\N	\N	\N	\N	[[-6.197519793317648,106.8276255410617],[-6.19733189350136,106.82755703077753]]
2874	4	loadtest_pppoe_870	4626	-6.197475920029937	106.8274304125537	f	\N	\N	10.10.10.4	10.10.10.109	Profile_LoadTest	2026-06-02 07:53:24.404	2026-06-02 07:53:24.404	\N	\N	\N	\N	\N	[[-6.197519793317648,106.8276255410617],[-6.197475920029937,106.82743041255372]]
2875	4	loadtest_pppoe_871	4633	-6.19680306731754	106.8279128175297	t	\N	\N	10.10.10.4	10.10.10.110	Profile_LoadTest	2026-06-02 07:53:24.404	2026-06-02 07:53:24.404	\N	\N	\N	\N	\N	[[-6.196662577178284,106.8280551640111],[-6.19680306731754,106.8279128175297]]
2876	4	loadtest_pppoe_872	4634	-6.196858264758378	106.8280964722548	t	\N	\N	10.10.10.4	10.10.10.111	Profile_LoadTest	2026-06-02 07:53:24.404	2026-06-02 07:53:24.404	\N	\N	\N	\N	\N	[[-6.196662577178284,106.8280551640111],[-6.196858264758378,106.8280964722548]]
2877	4	loadtest_pppoe_873	4635	-6.196733547940537	106.8282421483712	t	\N	\N	10.10.10.4	10.10.10.112	Profile_LoadTest	2026-06-02 07:53:24.404	2026-06-02 07:53:24.404	\N	\N	\N	\N	\N	[[-6.196662577178284,106.8280551640111],[-6.1967335479405365,106.82824214837116]]
2878	4	loadtest_pppoe_874	4636	-6.196543580931179	106.8282159119292	t	\N	\N	10.10.10.4	10.10.10.113	Profile_LoadTest	2026-06-02 07:53:24.404	2026-06-02 07:53:24.404	\N	\N	\N	\N	\N	[[-6.196662577178284,106.8280551640111],[-6.196543580931179,106.8282159119292]]
2879	4	loadtest_pppoe_875	4637	-6.19646301852263	106.8280418845927	t	\N	\N	10.10.10.4	10.10.10.114	Profile_LoadTest	2026-06-02 07:53:24.404	2026-06-02 07:53:24.404	\N	\N	\N	\N	\N	[[-6.196662577178284,106.8280551640111],[-6.19646301852263,106.82804188459268]]
2880	4	loadtest_pppoe_876	4638	-6.196565929421777	106.8278800662922	t	\N	\N	10.10.10.4	10.10.10.115	Profile_LoadTest	2026-06-02 07:53:24.404	2026-06-02 07:53:24.404	\N	\N	\N	\N	\N	[[-6.196662577178284,106.8280551640111],[-6.196565929421777,106.82788006629221]]
2881	4	loadtest_pppoe_877	4639	-6.196757697822543	106.827879232027	f	\N	\N	10.10.10.4	10.10.10.116	Profile_LoadTest	2026-06-02 07:53:24.404	2026-06-02 07:53:24.404	\N	\N	\N	\N	\N	[[-6.196662577178284,106.8280551640111],[-6.196757697822543,106.82787923202699]]
2882	4	loadtest_pppoe_878	4640	-6.196862012741648	106.8280401488166	f	\N	\N	10.10.10.4	10.10.10.117	Profile_LoadTest	2026-06-02 07:53:24.404	2026-06-02 07:53:24.404	\N	\N	\N	\N	\N	[[-6.196662577178284,106.8280551640111],[-6.196862012741648,106.82804014881661]]
2883	4	loadtest_pppoe_879	4641	-6.19678296752354	106.8282148705068	t	\N	\N	10.10.10.4	10.10.10.118	Profile_LoadTest	2026-06-02 07:53:24.404	2026-06-02 07:53:24.404	\N	\N	\N	\N	\N	[[-6.196662577178284,106.8280551640111],[-6.19678296752354,106.8282148705068]]
2884	4	loadtest_pppoe_880	4642	-6.196593235977212	106.8282427587814	f	\N	\N	10.10.10.4	10.10.10.119	Profile_LoadTest	2026-06-02 07:53:24.404	2026-06-02 07:53:24.404	\N	\N	\N	\N	\N	[[-6.196662577178284,106.8280551640111],[-6.196593235977212,106.82824275878137]]
2885	4	loadtest_pppoe_881	4649	-6.195642585308287	106.8276089770505	t	\N	\N	10.10.10.4	10.10.10.120	Profile_LoadTest	2026-06-02 07:53:24.404	2026-06-02 07:53:24.404	\N	\N	\N	\N	\N	[[-6.195837906075205,106.8275659677723],[-6.1956425853082875,106.8276089770505]]
2886	4	loadtest_pppoe_882	4650	-6.195696182754777	106.8274248490264	t	\N	\N	10.10.10.4	10.10.10.121	Profile_LoadTest	2026-06-02 07:53:24.404	2026-06-02 07:53:24.404	\N	\N	\N	\N	\N	[[-6.195837906075205,106.8275659677723],[-6.195696182754777,106.82742484902639]]
2887	4	loadtest_pppoe_883	4651	-6.195880079968478	106.8273704649265	t	\N	\N	10.10.10.4	10.10.10.122	Profile_LoadTest	2026-06-02 07:53:24.404	2026-06-02 07:53:24.404	\N	\N	\N	\N	\N	[[-6.195837906075205,106.8275659677723],[-6.195880079968478,106.82737046492647]]
2888	4	loadtest_pppoe_884	4652	-6.196025202699198	106.8274958252414	t	\N	\N	10.10.10.4	10.10.10.123	Profile_LoadTest	2026-06-02 07:53:24.404	2026-06-02 07:53:24.404	\N	\N	\N	\N	\N	[[-6.195837906075205,106.8275659677723],[-6.196025202699198,106.8274958252414]]
2889	4	loadtest_pppoe_885	4653	-6.195998125777582	106.8276856742758	t	\N	\N	10.10.10.4	10.10.10.124	Profile_LoadTest	2026-06-02 07:53:24.404	2026-06-02 07:53:24.404	\N	\N	\N	\N	\N	[[-6.195837906075205,106.8275659677723],[-6.195998125777582,106.82768567427576]]
2890	4	loadtest_pppoe_886	4654	-6.195823743600491	106.8277654657029	t	\N	\N	10.10.10.4	10.10.10.125	Profile_LoadTest	2026-06-02 07:53:24.404	2026-06-02 07:53:24.404	\N	\N	\N	\N	\N	[[-6.195837906075205,106.8275659677723],[-6.195823743600491,106.8277654657029]]
2891	4	loadtest_pppoe_887	4655	-6.195662382337339	106.8276618396527	t	\N	\N	10.10.10.4	10.10.10.126	Profile_LoadTest	2026-06-02 07:53:24.404	2026-06-02 07:53:24.404	\N	\N	\N	\N	\N	[[-6.195837906075205,106.8275659677723],[-6.195662382337339,106.82766183965268]]
2892	4	loadtest_pppoe_888	4656	-6.195662396789312	106.8274700694378	t	\N	\N	10.10.10.4	10.10.10.127	Profile_LoadTest	2026-06-02 07:53:24.404	2026-06-02 07:53:24.404	\N	\N	\N	\N	\N	[[-6.195837906075205,106.8275659677723],[-6.195662396789312,106.82747006943778]]
2893	4	loadtest_pppoe_889	4657	-6.195823773669332	106.8273664677094	t	\N	\N	10.10.10.4	10.10.10.128	Profile_LoadTest	2026-06-02 07:53:24.404	2026-06-02 07:53:24.404	\N	\N	\N	\N	\N	[[-6.195837906075205,106.8275659677723],[-6.195823773669332,106.82736646770938]]
2894	4	loadtest_pppoe_890	4658	-6.195998143818137	106.8274462854188	t	\N	\N	10.10.10.4	10.10.10.129	Profile_LoadTest	2026-06-02 07:53:24.404	2026-06-02 07:53:24.404	\N	\N	\N	\N	\N	[[-6.195837906075205,106.8275659677723],[-6.195998143818137,106.8274462854188]]
2895	4	loadtest_pppoe_891	4665	-6.195991264867277	106.8266778878711	t	\N	\N	10.10.10.4	10.10.10.130	Profile_LoadTest	2026-06-02 07:53:24.404	2026-06-02 07:53:24.404	\N	\N	\N	\N	\N	[[-6.195803978817417,106.8266077171113],[-6.195991264867277,106.82667788787109]]
2896	4	loadtest_pppoe_892	4666	-6.195846123243677	106.8268032263114	t	\N	\N	10.10.10.4	10.10.10.131	Profile_LoadTest	2026-06-02 07:53:24.404	2026-06-02 07:53:24.404	\N	\N	\N	\N	\N	[[-6.195803978817417,106.8266077171113],[-6.195846123243677,106.82680322631143]]
2897	4	loadtest_pppoe_893	4667	-6.195662234228933	106.8267488144948	t	\N	\N	10.10.10.4	10.10.10.132	Profile_LoadTest	2026-06-02 07:53:24.404	2026-06-02 07:53:24.404	\N	\N	\N	\N	\N	[[-6.195803978817417,106.8266077171113],[-6.195662234228933,106.82674881449482]]
2898	4	loadtest_pppoe_894	4668	-6.195608664535152	106.8265646783945	t	\N	\N	10.10.10.4	10.10.10.133	Profile_LoadTest	2026-06-02 07:53:24.404	2026-06-02 07:53:24.404	\N	\N	\N	\N	\N	[[-6.195803978817417,106.8266077171113],[-6.195608664535152,106.8265646783945]]
2899	4	loadtest_pppoe_895	4669	-6.195734665891749	106.8264201118919	t	\N	\N	10.10.10.4	10.10.10.134	Profile_LoadTest	2026-06-02 07:53:24.404	2026-06-02 07:53:24.404	\N	\N	\N	\N	\N	[[-6.195803978817417,106.8266077171113],[-6.195734665891749,106.82642011189193]]
2900	4	loadtest_pppoe_896	4670	-6.195924393232551	106.8264480287629	f	\N	\N	10.10.10.4	10.10.10.135	Profile_LoadTest	2026-06-02 07:53:24.404	2026-06-02 07:53:24.404	\N	\N	\N	\N	\N	[[-6.195803978817417,106.8266077171113],[-6.195924393232551,106.82644802876285]]
2901	4	loadtest_pppoe_897	4671	-6.196003412115399	106.8266227623649	t	\N	\N	10.10.10.4	10.10.10.136	Profile_LoadTest	2026-06-02 07:53:24.404	2026-06-02 07:53:24.404	\N	\N	\N	\N	\N	[[-6.195803978817417,106.8266077171113],[-6.196003412115399,106.8266227623649]]
2902	4	loadtest_pppoe_898	4672	-6.195899072943816	106.8267836634302	t	\N	\N	10.10.10.4	10.10.10.137	Profile_LoadTest	2026-06-02 07:53:24.404	2026-06-02 07:53:24.404	\N	\N	\N	\N	\N	[[-6.195803978817417,106.8266077171113],[-6.195899072943816,106.82678366343018]]
2903	4	loadtest_pppoe_899	4673	-6.195707304670971	106.8267828002613	t	\N	\N	10.10.10.4	10.10.10.138	Profile_LoadTest	2026-06-02 07:53:24.404	2026-06-02 07:53:24.404	\N	\N	\N	\N	\N	[[-6.195803978817417,106.8266077171113],[-6.195707304670971,106.82678280026128]]
2904	4	loadtest_pppoe_900	4674	-6.195604418162532	106.8266209664517	f	\N	\N	10.10.10.4	10.10.10.139	Profile_LoadTest	2026-06-02 07:53:24.404	2026-06-02 07:53:24.404	\N	\N	\N	\N	\N	[[-6.195803978817417,106.8266077171113],[-6.1956044181625325,106.82662096645174]]
2905	4	loadtest_pppoe_901	4681	-6.18919270448877	106.8183155967033	f	\N	\N	10.10.10.4	10.10.10.140	Profile_LoadTest	2026-06-02 07:53:24.404	2026-06-02 07:53:24.404	\N	\N	\N	\N	\N	[[-6.189311676506313,106.8184763625549],[-6.18919270448877,106.8183155967033]]
2906	4	loadtest_pppoe_902	4682	-6.189382675450373	106.8182893888938	t	\N	\N	10.10.10.4	10.10.10.141	Profile_LoadTest	2026-06-02 07:53:24.404	2026-06-02 07:53:24.404	\N	\N	\N	\N	\N	[[-6.189311676506313,106.8184763625549],[-6.189382675450373,106.81828938889382]]
2907	4	loadtest_pppoe_903	4683	-6.189507370310236	106.8184350838061	f	\N	\N	10.10.10.4	10.10.10.142	Profile_LoadTest	2026-06-02 07:53:24.404	2026-06-02 07:53:24.404	\N	\N	\N	\N	\N	[[-6.189311676506313,106.8184763625549],[-6.189507370310236,106.81843508380605]]
2908	4	loadtest_pppoe_904	4684	-6.189452145189261	106.8186187302096	t	\N	\N	10.10.10.4	10.10.10.143	Profile_LoadTest	2026-06-02 07:53:24.404	2026-06-02 07:53:24.404	\N	\N	\N	\N	\N	[[-6.189311676506313,106.8184763625549],[-6.189452145189261,106.81861873020962]]
2909	4	loadtest_pppoe_905	4685	-6.189267773808988	106.818671484448	t	\N	\N	10.10.10.4	10.10.10.144	Profile_LoadTest	2026-06-02 07:53:24.404	2026-06-02 07:53:24.404	\N	\N	\N	\N	\N	[[-6.189311676506313,106.8184763625549],[-6.189267773808988,106.818671484448]]
2910	4	loadtest_pppoe_906	4686	-6.189123766366169	106.8185448445177	t	\N	\N	10.10.10.4	10.10.10.145	Profile_LoadTest	2026-06-02 07:53:24.404	2026-06-02 07:53:24.404	\N	\N	\N	\N	\N	[[-6.189311676506313,106.8184763625549],[-6.189123766366169,106.81854484451772]]
2911	4	loadtest_pppoe_907	4687	-6.189152522639606	106.8183552425866	t	\N	\N	10.10.10.4	10.10.10.146	Profile_LoadTest	2026-06-02 07:53:24.404	2026-06-02 07:53:24.404	\N	\N	\N	\N	\N	[[-6.189311676506313,106.8184763625549],[-6.189152522639606,106.81835524258663]]
2912	4	loadtest_pppoe_908	4688	-6.189327604244118	106.8182769977958	t	\N	\N	10.10.10.4	10.10.10.147	Profile_LoadTest	2026-06-02 07:53:24.404	2026-06-02 07:53:24.404	\N	\N	\N	\N	\N	[[-6.189311676506313,106.8184763625549],[-6.189327604244118,106.8182769977958]]
2913	4	loadtest_pppoe_909	4689	-6.189488041959947	106.8183820480451	t	\N	\N	10.10.10.4	10.10.10.148	Profile_LoadTest	2026-06-02 07:53:24.404	2026-06-02 07:53:24.404	\N	\N	\N	\N	\N	[[-6.189311676506313,106.8184763625549],[-6.189488041959947,106.81838204804508]]
2914	4	loadtest_pppoe_910	4690	-6.189486330091055	106.8185738106197	t	\N	\N	10.10.10.4	10.10.10.149	Profile_LoadTest	2026-06-02 07:53:24.404	2026-06-02 07:53:24.404	\N	\N	\N	\N	\N	[[-6.189311676506313,106.8184763625549],[-6.189486330091055,106.81857381061972]]
2915	4	loadtest_pppoe_911	4697	-6.190209496103175	106.819043902906	t	\N	\N	10.10.10.4	10.10.10.150	Profile_LoadTest	2026-06-02 07:53:24.404	2026-06-02 07:53:24.404	\N	\N	\N	\N	\N	[[-6.19019713008768,106.8188442855679],[-6.190209496103175,106.81904390290599]]
2916	4	loadtest_pppoe_912	4698	-6.19003583927631	106.8189625449192	t	\N	\N	10.10.10.4	10.10.10.151	Profile_LoadTest	2026-06-02 07:53:24.404	2026-06-02 07:53:24.404	\N	\N	\N	\N	\N	[[-6.19019713008768,106.8188442855679],[-6.19003583927631,106.8189625449192]]
2917	4	loadtest_pppoe_913	4699	-6.190010472477588	106.8187724598302	t	\N	\N	10.10.10.4	10.10.10.152	Profile_LoadTest	2026-06-02 07:53:24.404	2026-06-02 07:53:24.404	\N	\N	\N	\N	\N	[[-6.19019713008768,106.8188442855679],[-6.190010472477588,106.81877245983021]]
2918	4	loadtest_pppoe_914	4700	-6.190156717824769	106.8186484109932	t	\N	\N	10.10.10.4	10.10.10.153	Profile_LoadTest	2026-06-02 07:53:24.404	2026-06-02 07:53:24.404	\N	\N	\N	\N	\N	[[-6.19019713008768,106.8188442855679],[-6.1901567178247685,106.81864841099322]]
2919	4	loadtest_pppoe_915	4701	-6.190340118020099	106.8187044483369	t	\N	\N	10.10.10.4	10.10.10.154	Profile_LoadTest	2026-06-02 07:53:24.404	2026-06-02 07:53:24.404	\N	\N	\N	\N	\N	[[-6.19019713008768,106.8188442855679],[-6.1903401180200985,106.81870444833687]]
2920	4	loadtest_pppoe_916	4702	-6.190392055769785	106.8188890513858	f	\N	\N	10.10.10.4	10.10.10.155	Profile_LoadTest	2026-06-02 07:53:24.404	2026-06-02 07:53:24.404	\N	\N	\N	\N	\N	[[-6.19019713008768,106.8188442855679],[-6.190392055769785,106.81888905138584]]
2921	4	loadtest_pppoe_917	4703	-6.19026477974629	106.8190324969483	f	\N	\N	10.10.10.4	10.10.10.156	Profile_LoadTest	2026-06-02 07:53:24.404	2026-06-02 07:53:24.404	\N	\N	\N	\N	\N	[[-6.19019713008768,106.8188442855679],[-6.19026477974629,106.81903249694825]]
2922	4	loadtest_pppoe_918	4704	-6.190075306938651	106.8190029018355	t	\N	\N	10.10.10.4	10.10.10.157	Profile_LoadTest	2026-06-02 07:53:24.404	2026-06-02 07:53:24.404	\N	\N	\N	\N	\N	[[-6.19019713008768,106.8188442855679],[-6.190075306938651,106.81900290183555]]
2923	4	loadtest_pppoe_919	4705	-6.189997837772412	106.8188274756579	f	\N	\N	10.10.10.4	10.10.10.158	Profile_LoadTest	2026-06-02 07:53:24.404	2026-06-02 07:53:24.404	\N	\N	\N	\N	\N	[[-6.19019713008768,106.8188442855679],[-6.189997837772412,106.81882747565787]]
2924	4	loadtest_pppoe_920	4706	-6.190103597041747	106.818667504434	t	\N	\N	10.10.10.4	10.10.10.159	Profile_LoadTest	2026-06-02 07:53:24.404	2026-06-02 07:53:24.404	\N	\N	\N	\N	\N	[[-6.19019713008768,106.8188442855679],[-6.190103597041747,106.81866750443396]]
2925	4	loadtest_pppoe_921	4713	-6.190464166233817	106.8196139381187	t	\N	\N	10.10.10.4	10.10.10.160	Profile_LoadTest	2026-06-02 07:53:24.404	2026-06-02 07:53:24.404	\N	\N	\N	\N	\N	[[-6.190365946159334,106.8197881587173],[-6.190464166233817,106.81961393811872]]
2926	4	loadtest_pppoe_922	4714	-6.190565616270718	106.819776676269	t	\N	\N	10.10.10.4	10.10.10.161	Profile_LoadTest	2026-06-02 07:53:24.404	2026-06-02 07:53:24.404	\N	\N	\N	\N	\N	[[-6.190365946159334,106.8197881587173],[-6.190565616270718,106.81977667626896]]
2927	4	loadtest_pppoe_923	4715	-6.190483490528038	106.8199499713293	t	\N	\N	10.10.10.4	10.10.10.162	Profile_LoadTest	2026-06-02 07:53:24.404	2026-06-02 07:53:24.404	\N	\N	\N	\N	\N	[[-6.190365946159334,106.8197881587173],[-6.190483490528038,106.81994997132925]]
2928	4	loadtest_pppoe_924	4716	-6.190293295034856	106.8199744966203	t	\N	\N	10.10.10.4	10.10.10.163	Profile_LoadTest	2026-06-02 07:53:24.404	2026-06-02 07:53:24.404	\N	\N	\N	\N	\N	[[-6.190365946159334,106.8197881587173],[-6.190293295034856,106.81997449662035]]
2929	4	loadtest_pppoe_925	4717	-6.19016989465047	106.8198277037027	t	\N	\N	10.10.10.4	10.10.10.164	Profile_LoadTest	2026-06-02 07:53:24.404	2026-06-02 07:53:24.404	\N	\N	\N	\N	\N	[[-6.190365946159334,106.8197881587173],[-6.19016989465047,106.81982770370273]]
2930	4	loadtest_pppoe_926	4718	-6.190226743119196	106.8196445533079	f	\N	\N	10.10.10.4	10.10.10.165	Profile_LoadTest	2026-06-02 07:53:24.404	2026-06-02 07:53:24.404	\N	\N	\N	\N	\N	[[-6.190365946159334,106.8197881587173],[-6.190226743119196,106.81964455330788]]
2931	4	loadtest_pppoe_927	4719	-6.190411574221057	106.8195934330642	f	\N	\N	10.10.10.4	10.10.10.166	Profile_LoadTest	2026-06-02 07:53:24.404	2026-06-02 07:53:24.404	\N	\N	\N	\N	\N	[[-6.190365946159334,106.8197881587173],[-6.1904115742210575,106.81959343306418]]
2932	4	loadtest_pppoe_928	4720	-6.190554455093395	106.8197213426879	t	\N	\N	10.10.10.4	10.10.10.167	Profile_LoadTest	2026-06-02 07:53:24.404	2026-06-02 07:53:24.404	\N	\N	\N	\N	\N	[[-6.190365946159334,106.8197881587173],[-6.190554455093395,106.81972134268794]]
2933	4	loadtest_pppoe_929	4721	-6.190524021721109	106.819910682661	t	\N	\N	10.10.10.4	10.10.10.168	Profile_LoadTest	2026-06-02 07:53:24.404	2026-06-02 07:53:24.404	\N	\N	\N	\N	\N	[[-6.190365946159334,106.8197881587173],[-6.190524021721109,106.81991068266096]]
2934	4	loadtest_pppoe_930	4722	-6.190348254406331	106.8199873746852	t	\N	\N	10.10.10.4	10.10.10.169	Profile_LoadTest	2026-06-02 07:53:24.404	2026-06-02 07:53:24.404	\N	\N	\N	\N	\N	[[-6.190365946159334,106.8197881587173],[-6.190348254406331,106.81998737468523]]
2935	4	loadtest_pppoe_931	4729	-6.189485722651872	106.8205329391325	t	\N	\N	10.10.10.4	10.10.10.170	Profile_LoadTest	2026-06-02 07:53:24.404	2026-06-02 07:53:24.404	\N	\N	\N	\N	\N	[[-6.189662916003532,106.8204401893825],[-6.189485722651872,106.8205329391325]]
2936	4	loadtest_pppoe_932	4730	-6.189489131803562	106.8203411992222	t	\N	\N	10.10.10.4	10.10.10.171	Profile_LoadTest	2026-06-02 07:53:24.404	2026-06-02 07:53:24.404	\N	\N	\N	\N	\N	[[-6.189662916003532,106.8204401893825],[-6.189489131803562,106.82034119922217]]
2937	4	loadtest_pppoe_933	4731	-6.189652317347258	106.8202404704087	t	\N	\N	10.10.10.4	10.10.10.172	Profile_LoadTest	2026-06-02 07:53:24.404	2026-06-02 07:53:24.404	\N	\N	\N	\N	\N	[[-6.189662916003532,106.8204401893825],[-6.1896523173472575,106.82024047040872]]
2938	4	loadtest_pppoe_934	4732	-6.189825247246653	106.8203233622987	t	\N	\N	10.10.10.4	10.10.10.173	Profile_LoadTest	2026-06-02 07:53:24.404	2026-06-02 07:53:24.404	\N	\N	\N	\N	\N	[[-6.189662916003532,106.8204401893825],[-6.189825247246653,106.82032336229871]]
2939	4	loadtest_pppoe_935	4733	-6.189848930549753	106.8205136644708	t	\N	\N	10.10.10.4	10.10.10.174	Profile_LoadTest	2026-06-02 07:53:24.404	2026-06-02 07:53:24.404	\N	\N	\N	\N	\N	[[-6.189662916003532,106.8204401893825],[-6.189848930549753,106.82051366447075]]
2940	4	loadtest_pppoe_936	4734	-6.189701592936906	106.8206364139855	t	\N	\N	10.10.10.4	10.10.10.175	Profile_LoadTest	2026-06-02 07:53:24.404	2026-06-02 07:53:24.404	\N	\N	\N	\N	\N	[[-6.189662916003532,106.8204401893825],[-6.189701592936906,106.8206364139855]]
2941	4	loadtest_pppoe_937	4735	-6.189518695929883	106.8205787555052	t	\N	\N	10.10.10.4	10.10.10.176	Profile_LoadTest	2026-06-02 07:53:24.404	2026-06-02 07:53:24.404	\N	\N	\N	\N	\N	[[-6.189662916003532,106.8204401893825],[-6.189518695929883,106.82057875550518]]
2942	4	loadtest_pppoe_938	4736	-6.189468394193468	106.8203936999707	t	\N	\N	10.10.10.4	10.10.10.177	Profile_LoadTest	2026-06-02 07:53:24.404	2026-06-02 07:53:24.404	\N	\N	\N	\N	\N	[[-6.189662916003532,106.8204401893825],[-6.189468394193468,106.8203936999707]]
2943	4	loadtest_pppoe_939	4737	-6.189596934912142	106.820251386587	t	\N	\N	10.10.10.4	10.10.10.178	Profile_LoadTest	2026-06-02 07:53:24.404	2026-06-02 07:53:24.404	\N	\N	\N	\N	\N	[[-6.189662916003532,106.8204401893825],[-6.189596934912142,106.82025138658702]]
2944	4	loadtest_pppoe_940	4738	-6.189786138341953	106.8202826576228	t	\N	\N	10.10.10.4	10.10.10.179	Profile_LoadTest	2026-06-02 07:53:24.404	2026-06-02 07:53:24.404	\N	\N	\N	\N	\N	[[-6.189662916003532,106.8204401893825],[-6.189786138341953,106.8202826576228]]
2945	4	loadtest_pppoe_941	4745	-6.188933538021884	106.8202194768263	f	\N	\N	10.10.10.4	10.10.10.180	Profile_LoadTest	2026-06-02 07:53:24.404	2026-06-02 07:53:24.404	\N	\N	\N	\N	\N	[[-6.188734402303328,106.8202009035768],[-6.188933538021884,106.82021947682625]]
2946	4	loadtest_pppoe_942	4746	-6.188826366940741	106.8203785056755	t	\N	\N	10.10.10.4	10.10.10.181	Profile_LoadTest	2026-06-02 07:53:24.404	2026-06-02 07:53:24.404	\N	\N	\N	\N	\N	[[-6.188734402303328,106.8202009035768],[-6.188826366940741,106.8203785056755]]
2947	4	loadtest_pppoe_943	4747	-6.188634643996076	106.8203742479743	t	\N	\N	10.10.10.4	10.10.10.182	Profile_LoadTest	2026-06-02 07:53:24.404	2026-06-02 07:53:24.404	\N	\N	\N	\N	\N	[[-6.188734402303328,106.8202009035768],[-6.188634643996076,106.82037424797427]]
2948	4	loadtest_pppoe_944	4748	-6.18853463837904	106.8202106182334	t	\N	\N	10.10.10.4	10.10.10.183	Profile_LoadTest	2026-06-02 07:53:24.404	2026-06-02 07:53:24.404	\N	\N	\N	\N	\N	[[-6.188734402303328,106.8202009035768],[-6.18853463837904,106.82021061823342]]
2949	4	loadtest_pppoe_945	4749	-6.188618294792735	106.8200380568821	f	\N	\N	10.10.10.4	10.10.10.184	Profile_LoadTest	2026-06-02 07:53:24.404	2026-06-02 07:53:24.404	\N	\N	\N	\N	\N	[[-6.188734402303328,106.8202009035768],[-6.188618294792735,106.82003805688207]]
2950	4	loadtest_pppoe_946	4750	-6.188808699916212	106.8200152160309	t	\N	\N	10.10.10.4	10.10.10.185	Profile_LoadTest	2026-06-02 07:53:24.404	2026-06-02 07:53:24.404	\N	\N	\N	\N	\N	[[-6.188734402303328,106.8202009035768],[-6.188808699916212,106.82001521603085]]
2951	4	loadtest_pppoe_947	4751	-6.188930796157044	106.820163095453	t	\N	\N	10.10.10.4	10.10.10.186	Profile_LoadTest	2026-06-02 07:53:24.404	2026-06-02 07:53:24.404	\N	\N	\N	\N	\N	[[-6.188734402303328,106.8202009035768],[-6.188930796157044,106.82016309545304]]
2952	4	loadtest_pppoe_948	4752	-6.188872328794486	106.8203457354899	f	\N	\N	10.10.10.4	10.10.10.187	Profile_LoadTest	2026-06-02 07:53:24.404	2026-06-02 07:53:24.404	\N	\N	\N	\N	\N	[[-6.188734402303328,106.8202009035768],[-6.188872328794486,106.82034573548985]]
2953	4	loadtest_pppoe_949	4753	-6.188687052452037	106.8203952177337	t	\N	\N	10.10.10.4	10.10.10.188	Profile_LoadTest	2026-06-02 07:53:24.404	2026-06-02 07:53:24.404	\N	\N	\N	\N	\N	[[-6.188734402303328,106.8202009035768],[-6.188687052452037,106.82039521773373]]
2954	4	loadtest_pppoe_950	4754	-6.188545309344501	106.8202660484379	f	\N	\N	10.10.10.4	10.10.10.189	Profile_LoadTest	2026-06-02 07:53:24.404	2026-06-02 07:53:24.404	\N	\N	\N	\N	\N	[[-6.188734402303328,106.8202009035768],[-6.188545309344501,106.82026604843786]]
2955	4	loadtest_pppoe_951	4761	-6.188277091400565	106.8191663812469	t	\N	\N	10.10.10.4	10.10.10.190	Profile_LoadTest	2026-06-02 07:53:24.404	2026-06-02 07:53:24.404	\N	\N	\N	\N	\N	[[-6.18843407627263,106.8192902995665],[-6.188277091400565,106.81916638124686]]
2956	4	loadtest_pppoe_952	4762	-6.188453530654731	106.8190912479978	t	\N	\N	10.10.10.4	10.10.10.191	Profile_LoadTest	2026-06-02 07:53:24.404	2026-06-02 07:53:24.404	\N	\N	\N	\N	\N	[[-6.18843407627263,106.8192902995665],[-6.188453530654731,106.81909124799776]]
2957	4	loadtest_pppoe_953	4763	-6.188612083639712	106.819199121843	t	\N	\N	10.10.10.4	10.10.10.192	Profile_LoadTest	2026-06-02 07:53:24.404	2026-06-02 07:53:24.404	\N	\N	\N	\N	\N	[[-6.18843407627263,106.8192902995665],[-6.188612083639712,106.819199121843]]
2958	4	loadtest_pppoe_954	4764	-6.188606977472321	106.8193908240667	t	\N	\N	10.10.10.4	10.10.10.193	Profile_LoadTest	2026-06-02 07:53:24.404	2026-06-02 07:53:24.404	\N	\N	\N	\N	\N	[[-6.18843407627263,106.8192902995665],[-6.188606977472321,106.81939082406673]]
2959	4	loadtest_pppoe_955	4765	-6.188442906739309	106.8194901045286	t	\N	\N	10.10.10.4	10.10.10.194	Profile_LoadTest	2026-06-02 07:53:24.404	2026-06-02 07:53:24.404	\N	\N	\N	\N	\N	[[-6.18843407627263,106.8192902995665],[-6.188442906739309,106.81949010452855]]
2960	4	loadtest_pppoe_956	4766	-6.188270717315956	106.8194056852297	t	\N	\N	10.10.10.4	10.10.10.195	Profile_LoadTest	2026-06-02 07:53:24.404	2026-06-02 07:53:24.404	\N	\N	\N	\N	\N	[[-6.18843407627263,106.8192902995665],[-6.188270717315956,106.81940568522971]]
2961	4	loadtest_pppoe_957	4767	-6.188248719364001	106.8192151808843	t	\N	\N	10.10.10.4	10.10.10.196	Profile_LoadTest	2026-06-02 07:53:24.404	2026-06-02 07:53:24.404	\N	\N	\N	\N	\N	[[-6.18843407627263,106.8192902995665],[-6.188248719364001,106.81921518088426]]
2962	4	loadtest_pppoe_958	4768	-6.188397137699022	106.8190937403088	t	\N	\N	10.10.10.4	10.10.10.197	Profile_LoadTest	2026-06-02 07:53:24.404	2026-06-02 07:53:24.404	\N	\N	\N	\N	\N	[[-6.18843407627263,106.8192902995665],[-6.188397137699022,106.81909374030883]]
\.


--
-- Data for Name: Router; Type: TABLE DATA; Schema: public; Owner: wifian
--

COPY public."Router" (id, name, host, username, password, port, latitude, longitude, "isOnline", "lastSeen", "createdAt", "updatedAt") FROM stdin;
1	Router 1	192.168.18.41	dimas	35891392232c9effef1f99453bb67c01	8728	-7.516679775214151	109.0754460543394	t	2026-06-02 23:14:41.425	2026-05-31 02:28:57.629	2026-06-02 23:14:41.426
4	Router_LoadTest_1	192.168.99.1	admin	da702d92f6288a315bdfcbbc25d80212	8728	-6.2	106.8166	f	\N	2026-06-02 07:53:12.146	2026-06-02 23:46:03.166
\.


--
-- Data for Name: SystemLog; Type: TABLE DATA; Schema: public; Owner: wifian
--

COPY public."SystemLog" (id, message, type, "createdAt") FROM stdin;
4	User Rumah2 profile/settings updated by admin	info	2026-05-31 02:51:56.635
5	User Rumah2 profile/settings updated by admin	info	2026-05-31 02:52:19.259
6	User Rumah2 profile/settings updated by admin	info	2026-05-31 03:07:06.921
7	User Rumah2 profile/settings updated by admin	info	2026-05-31 03:30:19.026
8	User Rumah2 profile/settings updated by admin	info	2026-05-31 03:33:08.372
9	User Rumah2 profile/settings updated by admin	info	2026-05-31 03:34:44.109
10	User Rumah2 profile/settings updated by admin	info	2026-05-31 03:35:01.867
11	User Rumah2 profile/settings updated by admin	info	2026-05-31 03:35:25.614
12	User Rumah2 profile/settings updated by admin	info	2026-05-31 04:16:32.83
13	User Rumah2 profile/settings updated by admin	info	2026-05-31 04:16:43.933
14	User Rumah1 profile/settings updated by admin	info	2026-05-31 08:45:48.65
15	User Rumah1 profile/settings updated by admin	info	2026-05-31 08:45:54.023
16	User Rumah1 profile/settings updated by admin	info	2026-05-31 09:26:25.523
17	User Rumah1 profile/settings updated by admin	info	2026-05-31 11:31:53.894
18	User Rumah1 profile/settings updated by admin	info	2026-05-31 11:38:14.24
19	User Rumah1 profile/settings updated by admin	info	2026-05-31 11:38:32.264
20	User Rumah1 profile/settings updated by admin	info	2026-05-31 11:41:21.316
21	User Rumah1 profile/settings updated by admin	info	2026-05-31 11:42:51.024
22	User Rumah1 profile/settings updated by admin	info	2026-05-31 11:43:12.458
23	User Rumah1 profile/settings updated by admin	info	2026-05-31 11:43:37.588
24	User Rumah1 profile/settings updated by admin	info	2026-05-31 11:43:43.398
25	Client Rumah1 is now Online	success	2026-05-31 11:46:03.398
26	Client Rumah1 is now Online	success	2026-05-31 11:46:59.94
27	User Rumah2 profile/settings updated by admin	info	2026-05-31 11:47:05.147
28	Client Rumah1 is now Online	success	2026-05-31 11:47:40.38
29	Client Rumah1 is now Online	success	2026-05-31 11:47:46.228
30	Client Rumah1 is now Online	success	2026-05-31 11:49:38.992
31	Client Rumah1 is now Online	success	2026-05-31 11:49:47.322
32	Client Rumah1 is now Online	success	2026-05-31 11:51:45.314
33	Client Rumah1 is now Online	success	2026-05-31 12:16:48.38
34	Client Rumah1 is now Online	success	2026-05-31 12:17:14.85
35	Client Rumah1 is now Online	success	2026-05-31 12:22:44.694
36	Client Rumah1 is now Online	success	2026-06-01 01:29:47.183
37	Client Rumah1 is now Online	success	2026-06-01 01:30:23.476
38	Client Rumah1 is now Online	success	2026-06-01 01:30:44.941
39	User Rumah2 profile/settings updated by admin	info	2026-06-01 01:31:40.608
40	User Rumah2 profile/settings updated by admin	info	2026-06-01 01:36:38.797
41	Client Rumah1 is now Online	success	2026-06-01 01:38:09.698
42	Client Rumah1 is now Online	success	2026-06-01 01:39:27.099
43	Client Rumah1 is now Online	success	2026-06-01 01:43:27.182
44	Client Rumah1 is now Online	success	2026-06-01 01:47:46.451
45	User Rumah2 profile/settings updated by admin	info	2026-06-01 01:49:37.872
46	Client Rumah1 is now Online	success	2026-06-01 01:51:06.807
47	Client Rumah1 is now Online	success	2026-06-01 01:52:25.318
48	User Rumah2 profile/settings updated by admin	info	2026-06-01 01:53:03.096
49	User Rumah2 profile/settings updated by admin	info	2026-06-01 01:53:27.09
50	User Rumah2 profile/settings updated by admin	info	2026-06-01 01:53:54.812
51	User Rumah2 profile/settings updated by admin	info	2026-06-01 01:55:32.574
52	User Rumah1 profile/settings updated by admin	info	2026-06-01 02:33:45.007
53	User Rumah1 profile/settings updated by admin	info	2026-06-01 02:34:05.829
54	User Rumah2 profile/settings updated by admin	info	2026-06-01 02:34:42.736
55	User Rumah1 profile/settings updated by admin	info	2026-06-01 02:54:01.385
56	User Rumah2 profile/settings updated by admin	info	2026-06-01 03:28:01.622
57	Client Rumah1 is now Online	success	2026-06-01 08:15:17.213
58	Client Rumah1 is now Online	success	2026-06-01 08:15:24.422
59	User Rumah2 profile/settings updated by admin	info	2026-06-01 08:21:40.396
60	User Rumah2 profile/settings updated by admin	info	2026-06-01 08:22:23.019
61	Client Rumah1 is now Online	success	2026-06-01 15:59:45.245
62	Client Rumah1 is now Online	success	2026-06-01 16:02:53.157
63	Client Rumah1 is now Online	success	2026-06-01 16:05:10.867
64	Client Rumah1 is now Online	success	2026-06-01 16:05:53.489
65	Client Rumah1 is now Online	success	2026-06-01 16:06:27.51
66	Client Rumah1 is now Online	success	2026-06-01 16:08:40.889
68	Client Rumah1 is now Online	success	2026-06-02 00:57:19.513
67	Client Rumah2 is now Online	success	2026-06-02 00:57:19.513
69	Client Rumah2 is now Online	success	2026-06-02 01:32:29.93
70	Client Rumah1 is now Online	success	2026-06-02 01:32:29.93
71	Client Rumah2 is now Online	success	2026-06-02 01:57:35.851
72	Client Rumah1 is now Online	success	2026-06-02 01:57:35.851
73	Client Rumah2 is now Online	success	2026-06-02 02:02:38.111
74	Client Rumah1 is now Online	success	2026-06-02 02:02:38.13
75	User Rumah2 profile/settings updated by admin	info	2026-06-02 02:28:10.266
76	User Rumah2 profile/settings updated by admin	info	2026-06-02 02:28:18.478
77	Client Rumah2 is now Online	success	2026-06-02 07:25:01.881
78	Client Rumah1 is now Online	success	2026-06-02 07:25:01.881
79	Client Rumah1 is now Online	success	2026-06-02 07:30:03.288
80	Client Rumah2 is now Online	success	2026-06-02 07:30:03.288
82	Client Rumah2 is now Online	success	2026-06-02 07:35:05.874
81	Client Rumah1 is now Online	success	2026-06-02 07:35:05.874
83	Client Rumah2 is now Online	success	2026-06-02 07:53:37.877
84	Client Rumah1 is now Online	success	2026-06-02 07:53:37.877
85	Client Rumah1 is now Online	success	2026-06-02 07:58:38.235
86	Client Rumah2 is now Online	success	2026-06-02 07:58:38.235
87	Client Rumah2 is now Online	success	2026-06-02 08:30:54.394
88	Client Rumah1 is now Online	success	2026-06-02 08:30:54.394
89	Client Rumah2 is now Online	success	2026-06-02 08:35:55.82
90	Client Rumah1 is now Online	success	2026-06-02 08:35:55.82
91	User Rumah2 profile/settings updated by admin	info	2026-06-02 08:37:16.305
92	User Rumah2 profile/settings updated by admin	info	2026-06-02 09:00:11.759
93	Client Rumah1 is now Online	success	2026-06-02 09:19:00.271
94	Client Rumah2 is now Online	success	2026-06-02 09:19:00.271
95	Client Rumah2 is now Online	success	2026-06-02 09:29:23.405
96	Client Rumah1 is now Online	success	2026-06-02 09:29:23.405
97	Client Rumah1 is now Online	success	2026-06-02 21:54:18.3
98	Client Rumah2 is now Online	success	2026-06-02 21:54:18.3
99	User Rumah1 profile/settings updated by admin	info	2026-06-02 21:57:48.5
100	Client Rumah2 is now Online	success	2026-06-02 21:59:22.185
101	Client Rumah1 is now Online	success	2026-06-02 21:59:22.185
102	User Rumah2 profile/settings updated by admin	info	2026-06-02 22:09:27.981
103	User Rumah2 profile/settings updated by admin	info	2026-06-02 22:09:35.763
\.


--
-- Data for Name: User; Type: TABLE DATA; Schema: public; Owner: wifian
--

COPY public."User" (id, username, email, password, role, "isVerified", "createdAt", area, phone, status) FROM stdin;
2	TES	TES@gmail.com	$2b$10$3V4zmeb7ZaSSFC2kmFguquapcPKBKPlu9xRKpmQ0ch8tScACaHuWm	TEKNISI	t	2026-06-01 08:24:01.064	dsfsdfsd	08567657	CUTI
1	admin	admin@gmail.com	$2b$10$9Kc2oVIMVVUr5d81OI84POIR3GJ.h.9NddL9NLAZY90lxJ9bdjBci	ADMIN	t	2026-05-31 02:28:22.886	\N	\N	AKTIF
2003	loadtest_user_1	loadtest_user_1@loadtest.com	$2b$10$HDSp0PRVbrOOVq/bcPIGDOxWt1no.v7clq6kpXiIEAgK/yXD1o8DS	TEKNISI	t	2026-06-02 07:53:24.565	Area Load Test	081234560001	AKTIF
2004	loadtest_user_2	loadtest_user_2@loadtest.com	$2b$10$HDSp0PRVbrOOVq/bcPIGDOxWt1no.v7clq6kpXiIEAgK/yXD1o8DS	TEKNISI	t	2026-06-02 07:53:24.565	Area Load Test	081234560002	AKTIF
2005	loadtest_user_3	loadtest_user_3@loadtest.com	$2b$10$HDSp0PRVbrOOVq/bcPIGDOxWt1no.v7clq6kpXiIEAgK/yXD1o8DS	TEKNISI	t	2026-06-02 07:53:24.565	Area Load Test	081234560003	AKTIF
2006	loadtest_user_4	loadtest_user_4@loadtest.com	$2b$10$HDSp0PRVbrOOVq/bcPIGDOxWt1no.v7clq6kpXiIEAgK/yXD1o8DS	TEKNISI	t	2026-06-02 07:53:24.565	Area Load Test	081234560004	AKTIF
2007	loadtest_user_5	loadtest_user_5@loadtest.com	$2b$10$HDSp0PRVbrOOVq/bcPIGDOxWt1no.v7clq6kpXiIEAgK/yXD1o8DS	TEKNISI	t	2026-06-02 07:53:24.565	Area Load Test	081234560005	AKTIF
2008	loadtest_user_6	loadtest_user_6@loadtest.com	$2b$10$HDSp0PRVbrOOVq/bcPIGDOxWt1no.v7clq6kpXiIEAgK/yXD1o8DS	TEKNISI	t	2026-06-02 07:53:24.565	Area Load Test	081234560006	AKTIF
2009	loadtest_user_7	loadtest_user_7@loadtest.com	$2b$10$HDSp0PRVbrOOVq/bcPIGDOxWt1no.v7clq6kpXiIEAgK/yXD1o8DS	TEKNISI	t	2026-06-02 07:53:24.565	Area Load Test	081234560007	AKTIF
2010	loadtest_user_8	loadtest_user_8@loadtest.com	$2b$10$HDSp0PRVbrOOVq/bcPIGDOxWt1no.v7clq6kpXiIEAgK/yXD1o8DS	TEKNISI	t	2026-06-02 07:53:24.565	Area Load Test	081234560008	AKTIF
2011	loadtest_user_9	loadtest_user_9@loadtest.com	$2b$10$HDSp0PRVbrOOVq/bcPIGDOxWt1no.v7clq6kpXiIEAgK/yXD1o8DS	TEKNISI	t	2026-06-02 07:53:24.565	Area Load Test	081234560009	AKTIF
2012	loadtest_user_10	loadtest_user_10@loadtest.com	$2b$10$HDSp0PRVbrOOVq/bcPIGDOxWt1no.v7clq6kpXiIEAgK/yXD1o8DS	TEKNISI	t	2026-06-02 07:53:24.565	Area Load Test	081234560010	AKTIF
2013	loadtest_user_11	loadtest_user_11@loadtest.com	$2b$10$HDSp0PRVbrOOVq/bcPIGDOxWt1no.v7clq6kpXiIEAgK/yXD1o8DS	TEKNISI	t	2026-06-02 07:53:24.565	Area Load Test	081234560011	AKTIF
2014	loadtest_user_12	loadtest_user_12@loadtest.com	$2b$10$HDSp0PRVbrOOVq/bcPIGDOxWt1no.v7clq6kpXiIEAgK/yXD1o8DS	TEKNISI	t	2026-06-02 07:53:24.565	Area Load Test	081234560012	AKTIF
2015	loadtest_user_13	loadtest_user_13@loadtest.com	$2b$10$HDSp0PRVbrOOVq/bcPIGDOxWt1no.v7clq6kpXiIEAgK/yXD1o8DS	TEKNISI	t	2026-06-02 07:53:24.565	Area Load Test	081234560013	AKTIF
2016	loadtest_user_14	loadtest_user_14@loadtest.com	$2b$10$HDSp0PRVbrOOVq/bcPIGDOxWt1no.v7clq6kpXiIEAgK/yXD1o8DS	TEKNISI	t	2026-06-02 07:53:24.565	Area Load Test	081234560014	AKTIF
2017	loadtest_user_15	loadtest_user_15@loadtest.com	$2b$10$HDSp0PRVbrOOVq/bcPIGDOxWt1no.v7clq6kpXiIEAgK/yXD1o8DS	TEKNISI	t	2026-06-02 07:53:24.565	Area Load Test	081234560015	AKTIF
2018	loadtest_user_16	loadtest_user_16@loadtest.com	$2b$10$HDSp0PRVbrOOVq/bcPIGDOxWt1no.v7clq6kpXiIEAgK/yXD1o8DS	TEKNISI	t	2026-06-02 07:53:24.565	Area Load Test	081234560016	AKTIF
2019	loadtest_user_17	loadtest_user_17@loadtest.com	$2b$10$HDSp0PRVbrOOVq/bcPIGDOxWt1no.v7clq6kpXiIEAgK/yXD1o8DS	TEKNISI	t	2026-06-02 07:53:24.565	Area Load Test	081234560017	AKTIF
2020	loadtest_user_18	loadtest_user_18@loadtest.com	$2b$10$HDSp0PRVbrOOVq/bcPIGDOxWt1no.v7clq6kpXiIEAgK/yXD1o8DS	TEKNISI	t	2026-06-02 07:53:24.565	Area Load Test	081234560018	AKTIF
2021	loadtest_user_19	loadtest_user_19@loadtest.com	$2b$10$HDSp0PRVbrOOVq/bcPIGDOxWt1no.v7clq6kpXiIEAgK/yXD1o8DS	TEKNISI	t	2026-06-02 07:53:24.565	Area Load Test	081234560019	AKTIF
2022	loadtest_user_20	loadtest_user_20@loadtest.com	$2b$10$HDSp0PRVbrOOVq/bcPIGDOxWt1no.v7clq6kpXiIEAgK/yXD1o8DS	TEKNISI	t	2026-06-02 07:53:24.565	Area Load Test	081234560020	AKTIF
2023	loadtest_user_21	loadtest_user_21@loadtest.com	$2b$10$HDSp0PRVbrOOVq/bcPIGDOxWt1no.v7clq6kpXiIEAgK/yXD1o8DS	TEKNISI	t	2026-06-02 07:53:24.565	Area Load Test	081234560021	AKTIF
2024	loadtest_user_22	loadtest_user_22@loadtest.com	$2b$10$HDSp0PRVbrOOVq/bcPIGDOxWt1no.v7clq6kpXiIEAgK/yXD1o8DS	TEKNISI	t	2026-06-02 07:53:24.565	Area Load Test	081234560022	AKTIF
2025	loadtest_user_23	loadtest_user_23@loadtest.com	$2b$10$HDSp0PRVbrOOVq/bcPIGDOxWt1no.v7clq6kpXiIEAgK/yXD1o8DS	TEKNISI	t	2026-06-02 07:53:24.565	Area Load Test	081234560023	AKTIF
2026	loadtest_user_24	loadtest_user_24@loadtest.com	$2b$10$HDSp0PRVbrOOVq/bcPIGDOxWt1no.v7clq6kpXiIEAgK/yXD1o8DS	TEKNISI	t	2026-06-02 07:53:24.565	Area Load Test	081234560024	AKTIF
2027	loadtest_user_25	loadtest_user_25@loadtest.com	$2b$10$HDSp0PRVbrOOVq/bcPIGDOxWt1no.v7clq6kpXiIEAgK/yXD1o8DS	TEKNISI	t	2026-06-02 07:53:24.565	Area Load Test	081234560025	AKTIF
2028	loadtest_user_26	loadtest_user_26@loadtest.com	$2b$10$HDSp0PRVbrOOVq/bcPIGDOxWt1no.v7clq6kpXiIEAgK/yXD1o8DS	TEKNISI	t	2026-06-02 07:53:24.565	Area Load Test	081234560026	AKTIF
2029	loadtest_user_27	loadtest_user_27@loadtest.com	$2b$10$HDSp0PRVbrOOVq/bcPIGDOxWt1no.v7clq6kpXiIEAgK/yXD1o8DS	TEKNISI	t	2026-06-02 07:53:24.565	Area Load Test	081234560027	AKTIF
2030	loadtest_user_28	loadtest_user_28@loadtest.com	$2b$10$HDSp0PRVbrOOVq/bcPIGDOxWt1no.v7clq6kpXiIEAgK/yXD1o8DS	TEKNISI	t	2026-06-02 07:53:24.565	Area Load Test	081234560028	AKTIF
2031	loadtest_user_29	loadtest_user_29@loadtest.com	$2b$10$HDSp0PRVbrOOVq/bcPIGDOxWt1no.v7clq6kpXiIEAgK/yXD1o8DS	TEKNISI	t	2026-06-02 07:53:24.565	Area Load Test	081234560029	AKTIF
2032	loadtest_user_30	loadtest_user_30@loadtest.com	$2b$10$HDSp0PRVbrOOVq/bcPIGDOxWt1no.v7clq6kpXiIEAgK/yXD1o8DS	TEKNISI	t	2026-06-02 07:53:24.565	Area Load Test	081234560030	AKTIF
2033	loadtest_user_31	loadtest_user_31@loadtest.com	$2b$10$HDSp0PRVbrOOVq/bcPIGDOxWt1no.v7clq6kpXiIEAgK/yXD1o8DS	TEKNISI	t	2026-06-02 07:53:24.565	Area Load Test	081234560031	AKTIF
2034	loadtest_user_32	loadtest_user_32@loadtest.com	$2b$10$HDSp0PRVbrOOVq/bcPIGDOxWt1no.v7clq6kpXiIEAgK/yXD1o8DS	TEKNISI	t	2026-06-02 07:53:24.565	Area Load Test	081234560032	AKTIF
2035	loadtest_user_33	loadtest_user_33@loadtest.com	$2b$10$HDSp0PRVbrOOVq/bcPIGDOxWt1no.v7clq6kpXiIEAgK/yXD1o8DS	TEKNISI	t	2026-06-02 07:53:24.565	Area Load Test	081234560033	AKTIF
2036	loadtest_user_34	loadtest_user_34@loadtest.com	$2b$10$HDSp0PRVbrOOVq/bcPIGDOxWt1no.v7clq6kpXiIEAgK/yXD1o8DS	TEKNISI	t	2026-06-02 07:53:24.565	Area Load Test	081234560034	AKTIF
2037	loadtest_user_35	loadtest_user_35@loadtest.com	$2b$10$HDSp0PRVbrOOVq/bcPIGDOxWt1no.v7clq6kpXiIEAgK/yXD1o8DS	TEKNISI	t	2026-06-02 07:53:24.565	Area Load Test	081234560035	AKTIF
2038	loadtest_user_36	loadtest_user_36@loadtest.com	$2b$10$HDSp0PRVbrOOVq/bcPIGDOxWt1no.v7clq6kpXiIEAgK/yXD1o8DS	TEKNISI	t	2026-06-02 07:53:24.565	Area Load Test	081234560036	AKTIF
2039	loadtest_user_37	loadtest_user_37@loadtest.com	$2b$10$HDSp0PRVbrOOVq/bcPIGDOxWt1no.v7clq6kpXiIEAgK/yXD1o8DS	TEKNISI	t	2026-06-02 07:53:24.565	Area Load Test	081234560037	AKTIF
2040	loadtest_user_38	loadtest_user_38@loadtest.com	$2b$10$HDSp0PRVbrOOVq/bcPIGDOxWt1no.v7clq6kpXiIEAgK/yXD1o8DS	TEKNISI	t	2026-06-02 07:53:24.565	Area Load Test	081234560038	AKTIF
2041	loadtest_user_39	loadtest_user_39@loadtest.com	$2b$10$HDSp0PRVbrOOVq/bcPIGDOxWt1no.v7clq6kpXiIEAgK/yXD1o8DS	TEKNISI	t	2026-06-02 07:53:24.565	Area Load Test	081234560039	AKTIF
2042	loadtest_user_40	loadtest_user_40@loadtest.com	$2b$10$HDSp0PRVbrOOVq/bcPIGDOxWt1no.v7clq6kpXiIEAgK/yXD1o8DS	TEKNISI	t	2026-06-02 07:53:24.565	Area Load Test	081234560040	AKTIF
2043	loadtest_user_41	loadtest_user_41@loadtest.com	$2b$10$HDSp0PRVbrOOVq/bcPIGDOxWt1no.v7clq6kpXiIEAgK/yXD1o8DS	TEKNISI	t	2026-06-02 07:53:24.565	Area Load Test	081234560041	AKTIF
2044	loadtest_user_42	loadtest_user_42@loadtest.com	$2b$10$HDSp0PRVbrOOVq/bcPIGDOxWt1no.v7clq6kpXiIEAgK/yXD1o8DS	TEKNISI	t	2026-06-02 07:53:24.565	Area Load Test	081234560042	AKTIF
2045	loadtest_user_43	loadtest_user_43@loadtest.com	$2b$10$HDSp0PRVbrOOVq/bcPIGDOxWt1no.v7clq6kpXiIEAgK/yXD1o8DS	TEKNISI	t	2026-06-02 07:53:24.565	Area Load Test	081234560043	AKTIF
2046	loadtest_user_44	loadtest_user_44@loadtest.com	$2b$10$HDSp0PRVbrOOVq/bcPIGDOxWt1no.v7clq6kpXiIEAgK/yXD1o8DS	TEKNISI	t	2026-06-02 07:53:24.565	Area Load Test	081234560044	AKTIF
2047	loadtest_user_45	loadtest_user_45@loadtest.com	$2b$10$HDSp0PRVbrOOVq/bcPIGDOxWt1no.v7clq6kpXiIEAgK/yXD1o8DS	TEKNISI	t	2026-06-02 07:53:24.565	Area Load Test	081234560045	AKTIF
2048	loadtest_user_46	loadtest_user_46@loadtest.com	$2b$10$HDSp0PRVbrOOVq/bcPIGDOxWt1no.v7clq6kpXiIEAgK/yXD1o8DS	TEKNISI	t	2026-06-02 07:53:24.565	Area Load Test	081234560046	AKTIF
2049	loadtest_user_47	loadtest_user_47@loadtest.com	$2b$10$HDSp0PRVbrOOVq/bcPIGDOxWt1no.v7clq6kpXiIEAgK/yXD1o8DS	TEKNISI	t	2026-06-02 07:53:24.565	Area Load Test	081234560047	AKTIF
2050	loadtest_user_48	loadtest_user_48@loadtest.com	$2b$10$HDSp0PRVbrOOVq/bcPIGDOxWt1no.v7clq6kpXiIEAgK/yXD1o8DS	TEKNISI	t	2026-06-02 07:53:24.565	Area Load Test	081234560048	AKTIF
2051	loadtest_user_49	loadtest_user_49@loadtest.com	$2b$10$HDSp0PRVbrOOVq/bcPIGDOxWt1no.v7clq6kpXiIEAgK/yXD1o8DS	TEKNISI	t	2026-06-02 07:53:24.565	Area Load Test	081234560049	AKTIF
2052	loadtest_user_50	loadtest_user_50@loadtest.com	$2b$10$HDSp0PRVbrOOVq/bcPIGDOxWt1no.v7clq6kpXiIEAgK/yXD1o8DS	TEKNISI	t	2026-06-02 07:53:24.565	Area Load Test	081234560050	AKTIF
2053	loadtest_user_51	loadtest_user_51@loadtest.com	$2b$10$HDSp0PRVbrOOVq/bcPIGDOxWt1no.v7clq6kpXiIEAgK/yXD1o8DS	TEKNISI	t	2026-06-02 07:53:24.565	Area Load Test	081234560051	AKTIF
2054	loadtest_user_52	loadtest_user_52@loadtest.com	$2b$10$HDSp0PRVbrOOVq/bcPIGDOxWt1no.v7clq6kpXiIEAgK/yXD1o8DS	TEKNISI	t	2026-06-02 07:53:24.565	Area Load Test	081234560052	AKTIF
2055	loadtest_user_53	loadtest_user_53@loadtest.com	$2b$10$HDSp0PRVbrOOVq/bcPIGDOxWt1no.v7clq6kpXiIEAgK/yXD1o8DS	TEKNISI	t	2026-06-02 07:53:24.565	Area Load Test	081234560053	AKTIF
2056	loadtest_user_54	loadtest_user_54@loadtest.com	$2b$10$HDSp0PRVbrOOVq/bcPIGDOxWt1no.v7clq6kpXiIEAgK/yXD1o8DS	TEKNISI	t	2026-06-02 07:53:24.565	Area Load Test	081234560054	AKTIF
2057	loadtest_user_55	loadtest_user_55@loadtest.com	$2b$10$HDSp0PRVbrOOVq/bcPIGDOxWt1no.v7clq6kpXiIEAgK/yXD1o8DS	TEKNISI	t	2026-06-02 07:53:24.565	Area Load Test	081234560055	AKTIF
2058	loadtest_user_56	loadtest_user_56@loadtest.com	$2b$10$HDSp0PRVbrOOVq/bcPIGDOxWt1no.v7clq6kpXiIEAgK/yXD1o8DS	TEKNISI	t	2026-06-02 07:53:24.565	Area Load Test	081234560056	AKTIF
2059	loadtest_user_57	loadtest_user_57@loadtest.com	$2b$10$HDSp0PRVbrOOVq/bcPIGDOxWt1no.v7clq6kpXiIEAgK/yXD1o8DS	TEKNISI	t	2026-06-02 07:53:24.565	Area Load Test	081234560057	AKTIF
2060	loadtest_user_58	loadtest_user_58@loadtest.com	$2b$10$HDSp0PRVbrOOVq/bcPIGDOxWt1no.v7clq6kpXiIEAgK/yXD1o8DS	TEKNISI	t	2026-06-02 07:53:24.565	Area Load Test	081234560058	AKTIF
2061	loadtest_user_59	loadtest_user_59@loadtest.com	$2b$10$HDSp0PRVbrOOVq/bcPIGDOxWt1no.v7clq6kpXiIEAgK/yXD1o8DS	TEKNISI	t	2026-06-02 07:53:24.565	Area Load Test	081234560059	AKTIF
2062	loadtest_user_60	loadtest_user_60@loadtest.com	$2b$10$HDSp0PRVbrOOVq/bcPIGDOxWt1no.v7clq6kpXiIEAgK/yXD1o8DS	TEKNISI	t	2026-06-02 07:53:24.565	Area Load Test	081234560060	AKTIF
2063	loadtest_user_61	loadtest_user_61@loadtest.com	$2b$10$HDSp0PRVbrOOVq/bcPIGDOxWt1no.v7clq6kpXiIEAgK/yXD1o8DS	TEKNISI	t	2026-06-02 07:53:24.565	Area Load Test	081234560061	AKTIF
2064	loadtest_user_62	loadtest_user_62@loadtest.com	$2b$10$HDSp0PRVbrOOVq/bcPIGDOxWt1no.v7clq6kpXiIEAgK/yXD1o8DS	TEKNISI	t	2026-06-02 07:53:24.565	Area Load Test	081234560062	AKTIF
2065	loadtest_user_63	loadtest_user_63@loadtest.com	$2b$10$HDSp0PRVbrOOVq/bcPIGDOxWt1no.v7clq6kpXiIEAgK/yXD1o8DS	TEKNISI	t	2026-06-02 07:53:24.565	Area Load Test	081234560063	AKTIF
2066	loadtest_user_64	loadtest_user_64@loadtest.com	$2b$10$HDSp0PRVbrOOVq/bcPIGDOxWt1no.v7clq6kpXiIEAgK/yXD1o8DS	TEKNISI	t	2026-06-02 07:53:24.565	Area Load Test	081234560064	AKTIF
2067	loadtest_user_65	loadtest_user_65@loadtest.com	$2b$10$HDSp0PRVbrOOVq/bcPIGDOxWt1no.v7clq6kpXiIEAgK/yXD1o8DS	TEKNISI	t	2026-06-02 07:53:24.565	Area Load Test	081234560065	AKTIF
2068	loadtest_user_66	loadtest_user_66@loadtest.com	$2b$10$HDSp0PRVbrOOVq/bcPIGDOxWt1no.v7clq6kpXiIEAgK/yXD1o8DS	TEKNISI	t	2026-06-02 07:53:24.565	Area Load Test	081234560066	AKTIF
2069	loadtest_user_67	loadtest_user_67@loadtest.com	$2b$10$HDSp0PRVbrOOVq/bcPIGDOxWt1no.v7clq6kpXiIEAgK/yXD1o8DS	TEKNISI	t	2026-06-02 07:53:24.565	Area Load Test	081234560067	AKTIF
2070	loadtest_user_68	loadtest_user_68@loadtest.com	$2b$10$HDSp0PRVbrOOVq/bcPIGDOxWt1no.v7clq6kpXiIEAgK/yXD1o8DS	TEKNISI	t	2026-06-02 07:53:24.565	Area Load Test	081234560068	AKTIF
2071	loadtest_user_69	loadtest_user_69@loadtest.com	$2b$10$HDSp0PRVbrOOVq/bcPIGDOxWt1no.v7clq6kpXiIEAgK/yXD1o8DS	TEKNISI	t	2026-06-02 07:53:24.565	Area Load Test	081234560069	AKTIF
2072	loadtest_user_70	loadtest_user_70@loadtest.com	$2b$10$HDSp0PRVbrOOVq/bcPIGDOxWt1no.v7clq6kpXiIEAgK/yXD1o8DS	TEKNISI	t	2026-06-02 07:53:24.565	Area Load Test	081234560070	AKTIF
2073	loadtest_user_71	loadtest_user_71@loadtest.com	$2b$10$HDSp0PRVbrOOVq/bcPIGDOxWt1no.v7clq6kpXiIEAgK/yXD1o8DS	TEKNISI	t	2026-06-02 07:53:24.565	Area Load Test	081234560071	AKTIF
2074	loadtest_user_72	loadtest_user_72@loadtest.com	$2b$10$HDSp0PRVbrOOVq/bcPIGDOxWt1no.v7clq6kpXiIEAgK/yXD1o8DS	TEKNISI	t	2026-06-02 07:53:24.565	Area Load Test	081234560072	AKTIF
2075	loadtest_user_73	loadtest_user_73@loadtest.com	$2b$10$HDSp0PRVbrOOVq/bcPIGDOxWt1no.v7clq6kpXiIEAgK/yXD1o8DS	TEKNISI	t	2026-06-02 07:53:24.565	Area Load Test	081234560073	AKTIF
2076	loadtest_user_74	loadtest_user_74@loadtest.com	$2b$10$HDSp0PRVbrOOVq/bcPIGDOxWt1no.v7clq6kpXiIEAgK/yXD1o8DS	TEKNISI	t	2026-06-02 07:53:24.565	Area Load Test	081234560074	AKTIF
2077	loadtest_user_75	loadtest_user_75@loadtest.com	$2b$10$HDSp0PRVbrOOVq/bcPIGDOxWt1no.v7clq6kpXiIEAgK/yXD1o8DS	TEKNISI	t	2026-06-02 07:53:24.565	Area Load Test	081234560075	AKTIF
2078	loadtest_user_76	loadtest_user_76@loadtest.com	$2b$10$HDSp0PRVbrOOVq/bcPIGDOxWt1no.v7clq6kpXiIEAgK/yXD1o8DS	TEKNISI	t	2026-06-02 07:53:24.565	Area Load Test	081234560076	AKTIF
2079	loadtest_user_77	loadtest_user_77@loadtest.com	$2b$10$HDSp0PRVbrOOVq/bcPIGDOxWt1no.v7clq6kpXiIEAgK/yXD1o8DS	TEKNISI	t	2026-06-02 07:53:24.565	Area Load Test	081234560077	AKTIF
2080	loadtest_user_78	loadtest_user_78@loadtest.com	$2b$10$HDSp0PRVbrOOVq/bcPIGDOxWt1no.v7clq6kpXiIEAgK/yXD1o8DS	TEKNISI	t	2026-06-02 07:53:24.565	Area Load Test	081234560078	AKTIF
2081	loadtest_user_79	loadtest_user_79@loadtest.com	$2b$10$HDSp0PRVbrOOVq/bcPIGDOxWt1no.v7clq6kpXiIEAgK/yXD1o8DS	TEKNISI	t	2026-06-02 07:53:24.565	Area Load Test	081234560079	AKTIF
2082	loadtest_user_80	loadtest_user_80@loadtest.com	$2b$10$HDSp0PRVbrOOVq/bcPIGDOxWt1no.v7clq6kpXiIEAgK/yXD1o8DS	TEKNISI	t	2026-06-02 07:53:24.565	Area Load Test	081234560080	AKTIF
2083	loadtest_user_81	loadtest_user_81@loadtest.com	$2b$10$HDSp0PRVbrOOVq/bcPIGDOxWt1no.v7clq6kpXiIEAgK/yXD1o8DS	TEKNISI	t	2026-06-02 07:53:24.565	Area Load Test	081234560081	AKTIF
2084	loadtest_user_82	loadtest_user_82@loadtest.com	$2b$10$HDSp0PRVbrOOVq/bcPIGDOxWt1no.v7clq6kpXiIEAgK/yXD1o8DS	TEKNISI	t	2026-06-02 07:53:24.565	Area Load Test	081234560082	AKTIF
2085	loadtest_user_83	loadtest_user_83@loadtest.com	$2b$10$HDSp0PRVbrOOVq/bcPIGDOxWt1no.v7clq6kpXiIEAgK/yXD1o8DS	TEKNISI	t	2026-06-02 07:53:24.565	Area Load Test	081234560083	AKTIF
2086	loadtest_user_84	loadtest_user_84@loadtest.com	$2b$10$HDSp0PRVbrOOVq/bcPIGDOxWt1no.v7clq6kpXiIEAgK/yXD1o8DS	TEKNISI	t	2026-06-02 07:53:24.565	Area Load Test	081234560084	AKTIF
2087	loadtest_user_85	loadtest_user_85@loadtest.com	$2b$10$HDSp0PRVbrOOVq/bcPIGDOxWt1no.v7clq6kpXiIEAgK/yXD1o8DS	TEKNISI	t	2026-06-02 07:53:24.565	Area Load Test	081234560085	AKTIF
2088	loadtest_user_86	loadtest_user_86@loadtest.com	$2b$10$HDSp0PRVbrOOVq/bcPIGDOxWt1no.v7clq6kpXiIEAgK/yXD1o8DS	TEKNISI	t	2026-06-02 07:53:24.565	Area Load Test	081234560086	AKTIF
2089	loadtest_user_87	loadtest_user_87@loadtest.com	$2b$10$HDSp0PRVbrOOVq/bcPIGDOxWt1no.v7clq6kpXiIEAgK/yXD1o8DS	TEKNISI	t	2026-06-02 07:53:24.565	Area Load Test	081234560087	AKTIF
2090	loadtest_user_88	loadtest_user_88@loadtest.com	$2b$10$HDSp0PRVbrOOVq/bcPIGDOxWt1no.v7clq6kpXiIEAgK/yXD1o8DS	TEKNISI	t	2026-06-02 07:53:24.565	Area Load Test	081234560088	AKTIF
2091	loadtest_user_89	loadtest_user_89@loadtest.com	$2b$10$HDSp0PRVbrOOVq/bcPIGDOxWt1no.v7clq6kpXiIEAgK/yXD1o8DS	TEKNISI	t	2026-06-02 07:53:24.565	Area Load Test	081234560089	AKTIF
2092	loadtest_user_90	loadtest_user_90@loadtest.com	$2b$10$HDSp0PRVbrOOVq/bcPIGDOxWt1no.v7clq6kpXiIEAgK/yXD1o8DS	TEKNISI	t	2026-06-02 07:53:24.565	Area Load Test	081234560090	AKTIF
2093	loadtest_user_91	loadtest_user_91@loadtest.com	$2b$10$HDSp0PRVbrOOVq/bcPIGDOxWt1no.v7clq6kpXiIEAgK/yXD1o8DS	TEKNISI	t	2026-06-02 07:53:24.565	Area Load Test	081234560091	AKTIF
2094	loadtest_user_92	loadtest_user_92@loadtest.com	$2b$10$HDSp0PRVbrOOVq/bcPIGDOxWt1no.v7clq6kpXiIEAgK/yXD1o8DS	TEKNISI	t	2026-06-02 07:53:24.565	Area Load Test	081234560092	AKTIF
2095	loadtest_user_93	loadtest_user_93@loadtest.com	$2b$10$HDSp0PRVbrOOVq/bcPIGDOxWt1no.v7clq6kpXiIEAgK/yXD1o8DS	TEKNISI	t	2026-06-02 07:53:24.565	Area Load Test	081234560093	AKTIF
2096	loadtest_user_94	loadtest_user_94@loadtest.com	$2b$10$HDSp0PRVbrOOVq/bcPIGDOxWt1no.v7clq6kpXiIEAgK/yXD1o8DS	TEKNISI	t	2026-06-02 07:53:24.565	Area Load Test	081234560094	AKTIF
2097	loadtest_user_95	loadtest_user_95@loadtest.com	$2b$10$HDSp0PRVbrOOVq/bcPIGDOxWt1no.v7clq6kpXiIEAgK/yXD1o8DS	TEKNISI	t	2026-06-02 07:53:24.565	Area Load Test	081234560095	AKTIF
2098	loadtest_user_96	loadtest_user_96@loadtest.com	$2b$10$HDSp0PRVbrOOVq/bcPIGDOxWt1no.v7clq6kpXiIEAgK/yXD1o8DS	TEKNISI	t	2026-06-02 07:53:24.565	Area Load Test	081234560096	AKTIF
2099	loadtest_user_97	loadtest_user_97@loadtest.com	$2b$10$HDSp0PRVbrOOVq/bcPIGDOxWt1no.v7clq6kpXiIEAgK/yXD1o8DS	TEKNISI	t	2026-06-02 07:53:24.565	Area Load Test	081234560097	AKTIF
2100	loadtest_user_98	loadtest_user_98@loadtest.com	$2b$10$HDSp0PRVbrOOVq/bcPIGDOxWt1no.v7clq6kpXiIEAgK/yXD1o8DS	TEKNISI	t	2026-06-02 07:53:24.565	Area Load Test	081234560098	AKTIF
2101	loadtest_user_99	loadtest_user_99@loadtest.com	$2b$10$HDSp0PRVbrOOVq/bcPIGDOxWt1no.v7clq6kpXiIEAgK/yXD1o8DS	TEKNISI	t	2026-06-02 07:53:24.565	Area Load Test	081234560099	AKTIF
2102	loadtest_user_100	loadtest_user_100@loadtest.com	$2b$10$HDSp0PRVbrOOVq/bcPIGDOxWt1no.v7clq6kpXiIEAgK/yXD1o8DS	TEKNISI	t	2026-06-02 07:53:24.565	Area Load Test	081234560100	AKTIF
2103	loadtest_user_101	loadtest_user_101@loadtest.com	$2b$10$HDSp0PRVbrOOVq/bcPIGDOxWt1no.v7clq6kpXiIEAgK/yXD1o8DS	TEKNISI	t	2026-06-02 07:53:24.565	Area Load Test	081234560101	AKTIF
2104	loadtest_user_102	loadtest_user_102@loadtest.com	$2b$10$HDSp0PRVbrOOVq/bcPIGDOxWt1no.v7clq6kpXiIEAgK/yXD1o8DS	TEKNISI	t	2026-06-02 07:53:24.565	Area Load Test	081234560102	AKTIF
2105	loadtest_user_103	loadtest_user_103@loadtest.com	$2b$10$HDSp0PRVbrOOVq/bcPIGDOxWt1no.v7clq6kpXiIEAgK/yXD1o8DS	TEKNISI	t	2026-06-02 07:53:24.565	Area Load Test	081234560103	AKTIF
2106	loadtest_user_104	loadtest_user_104@loadtest.com	$2b$10$HDSp0PRVbrOOVq/bcPIGDOxWt1no.v7clq6kpXiIEAgK/yXD1o8DS	TEKNISI	t	2026-06-02 07:53:24.565	Area Load Test	081234560104	AKTIF
2107	loadtest_user_105	loadtest_user_105@loadtest.com	$2b$10$HDSp0PRVbrOOVq/bcPIGDOxWt1no.v7clq6kpXiIEAgK/yXD1o8DS	TEKNISI	t	2026-06-02 07:53:24.565	Area Load Test	081234560105	AKTIF
2108	loadtest_user_106	loadtest_user_106@loadtest.com	$2b$10$HDSp0PRVbrOOVq/bcPIGDOxWt1no.v7clq6kpXiIEAgK/yXD1o8DS	TEKNISI	t	2026-06-02 07:53:24.565	Area Load Test	081234560106	AKTIF
2109	loadtest_user_107	loadtest_user_107@loadtest.com	$2b$10$HDSp0PRVbrOOVq/bcPIGDOxWt1no.v7clq6kpXiIEAgK/yXD1o8DS	TEKNISI	t	2026-06-02 07:53:24.565	Area Load Test	081234560107	AKTIF
2110	loadtest_user_108	loadtest_user_108@loadtest.com	$2b$10$HDSp0PRVbrOOVq/bcPIGDOxWt1no.v7clq6kpXiIEAgK/yXD1o8DS	TEKNISI	t	2026-06-02 07:53:24.565	Area Load Test	081234560108	AKTIF
2111	loadtest_user_109	loadtest_user_109@loadtest.com	$2b$10$HDSp0PRVbrOOVq/bcPIGDOxWt1no.v7clq6kpXiIEAgK/yXD1o8DS	TEKNISI	t	2026-06-02 07:53:24.565	Area Load Test	081234560109	AKTIF
2112	loadtest_user_110	loadtest_user_110@loadtest.com	$2b$10$HDSp0PRVbrOOVq/bcPIGDOxWt1no.v7clq6kpXiIEAgK/yXD1o8DS	TEKNISI	t	2026-06-02 07:53:24.565	Area Load Test	081234560110	AKTIF
2113	loadtest_user_111	loadtest_user_111@loadtest.com	$2b$10$HDSp0PRVbrOOVq/bcPIGDOxWt1no.v7clq6kpXiIEAgK/yXD1o8DS	TEKNISI	t	2026-06-02 07:53:24.565	Area Load Test	081234560111	AKTIF
2114	loadtest_user_112	loadtest_user_112@loadtest.com	$2b$10$HDSp0PRVbrOOVq/bcPIGDOxWt1no.v7clq6kpXiIEAgK/yXD1o8DS	TEKNISI	t	2026-06-02 07:53:24.565	Area Load Test	081234560112	AKTIF
2115	loadtest_user_113	loadtest_user_113@loadtest.com	$2b$10$HDSp0PRVbrOOVq/bcPIGDOxWt1no.v7clq6kpXiIEAgK/yXD1o8DS	TEKNISI	t	2026-06-02 07:53:24.565	Area Load Test	081234560113	AKTIF
2116	loadtest_user_114	loadtest_user_114@loadtest.com	$2b$10$HDSp0PRVbrOOVq/bcPIGDOxWt1no.v7clq6kpXiIEAgK/yXD1o8DS	TEKNISI	t	2026-06-02 07:53:24.565	Area Load Test	081234560114	AKTIF
2117	loadtest_user_115	loadtest_user_115@loadtest.com	$2b$10$HDSp0PRVbrOOVq/bcPIGDOxWt1no.v7clq6kpXiIEAgK/yXD1o8DS	TEKNISI	t	2026-06-02 07:53:24.565	Area Load Test	081234560115	AKTIF
2118	loadtest_user_116	loadtest_user_116@loadtest.com	$2b$10$HDSp0PRVbrOOVq/bcPIGDOxWt1no.v7clq6kpXiIEAgK/yXD1o8DS	TEKNISI	t	2026-06-02 07:53:24.565	Area Load Test	081234560116	AKTIF
2119	loadtest_user_117	loadtest_user_117@loadtest.com	$2b$10$HDSp0PRVbrOOVq/bcPIGDOxWt1no.v7clq6kpXiIEAgK/yXD1o8DS	TEKNISI	t	2026-06-02 07:53:24.565	Area Load Test	081234560117	AKTIF
2120	loadtest_user_118	loadtest_user_118@loadtest.com	$2b$10$HDSp0PRVbrOOVq/bcPIGDOxWt1no.v7clq6kpXiIEAgK/yXD1o8DS	TEKNISI	t	2026-06-02 07:53:24.565	Area Load Test	081234560118	AKTIF
2121	loadtest_user_119	loadtest_user_119@loadtest.com	$2b$10$HDSp0PRVbrOOVq/bcPIGDOxWt1no.v7clq6kpXiIEAgK/yXD1o8DS	TEKNISI	t	2026-06-02 07:53:24.565	Area Load Test	081234560119	AKTIF
2122	loadtest_user_120	loadtest_user_120@loadtest.com	$2b$10$HDSp0PRVbrOOVq/bcPIGDOxWt1no.v7clq6kpXiIEAgK/yXD1o8DS	TEKNISI	t	2026-06-02 07:53:24.565	Area Load Test	081234560120	AKTIF
2123	loadtest_user_121	loadtest_user_121@loadtest.com	$2b$10$HDSp0PRVbrOOVq/bcPIGDOxWt1no.v7clq6kpXiIEAgK/yXD1o8DS	TEKNISI	t	2026-06-02 07:53:24.565	Area Load Test	081234560121	AKTIF
2124	loadtest_user_122	loadtest_user_122@loadtest.com	$2b$10$HDSp0PRVbrOOVq/bcPIGDOxWt1no.v7clq6kpXiIEAgK/yXD1o8DS	TEKNISI	t	2026-06-02 07:53:24.565	Area Load Test	081234560122	AKTIF
2125	loadtest_user_123	loadtest_user_123@loadtest.com	$2b$10$HDSp0PRVbrOOVq/bcPIGDOxWt1no.v7clq6kpXiIEAgK/yXD1o8DS	TEKNISI	t	2026-06-02 07:53:24.565	Area Load Test	081234560123	AKTIF
2126	loadtest_user_124	loadtest_user_124@loadtest.com	$2b$10$HDSp0PRVbrOOVq/bcPIGDOxWt1no.v7clq6kpXiIEAgK/yXD1o8DS	TEKNISI	t	2026-06-02 07:53:24.565	Area Load Test	081234560124	AKTIF
2127	loadtest_user_125	loadtest_user_125@loadtest.com	$2b$10$HDSp0PRVbrOOVq/bcPIGDOxWt1no.v7clq6kpXiIEAgK/yXD1o8DS	TEKNISI	t	2026-06-02 07:53:24.565	Area Load Test	081234560125	AKTIF
2128	loadtest_user_126	loadtest_user_126@loadtest.com	$2b$10$HDSp0PRVbrOOVq/bcPIGDOxWt1no.v7clq6kpXiIEAgK/yXD1o8DS	TEKNISI	t	2026-06-02 07:53:24.565	Area Load Test	081234560126	AKTIF
2129	loadtest_user_127	loadtest_user_127@loadtest.com	$2b$10$HDSp0PRVbrOOVq/bcPIGDOxWt1no.v7clq6kpXiIEAgK/yXD1o8DS	TEKNISI	t	2026-06-02 07:53:24.565	Area Load Test	081234560127	AKTIF
2130	loadtest_user_128	loadtest_user_128@loadtest.com	$2b$10$HDSp0PRVbrOOVq/bcPIGDOxWt1no.v7clq6kpXiIEAgK/yXD1o8DS	TEKNISI	t	2026-06-02 07:53:24.565	Area Load Test	081234560128	AKTIF
2131	loadtest_user_129	loadtest_user_129@loadtest.com	$2b$10$HDSp0PRVbrOOVq/bcPIGDOxWt1no.v7clq6kpXiIEAgK/yXD1o8DS	TEKNISI	t	2026-06-02 07:53:24.565	Area Load Test	081234560129	AKTIF
2132	loadtest_user_130	loadtest_user_130@loadtest.com	$2b$10$HDSp0PRVbrOOVq/bcPIGDOxWt1no.v7clq6kpXiIEAgK/yXD1o8DS	TEKNISI	t	2026-06-02 07:53:24.565	Area Load Test	081234560130	AKTIF
2133	loadtest_user_131	loadtest_user_131@loadtest.com	$2b$10$HDSp0PRVbrOOVq/bcPIGDOxWt1no.v7clq6kpXiIEAgK/yXD1o8DS	TEKNISI	t	2026-06-02 07:53:24.565	Area Load Test	081234560131	AKTIF
2134	loadtest_user_132	loadtest_user_132@loadtest.com	$2b$10$HDSp0PRVbrOOVq/bcPIGDOxWt1no.v7clq6kpXiIEAgK/yXD1o8DS	TEKNISI	t	2026-06-02 07:53:24.565	Area Load Test	081234560132	AKTIF
2135	loadtest_user_133	loadtest_user_133@loadtest.com	$2b$10$HDSp0PRVbrOOVq/bcPIGDOxWt1no.v7clq6kpXiIEAgK/yXD1o8DS	TEKNISI	t	2026-06-02 07:53:24.565	Area Load Test	081234560133	AKTIF
2136	loadtest_user_134	loadtest_user_134@loadtest.com	$2b$10$HDSp0PRVbrOOVq/bcPIGDOxWt1no.v7clq6kpXiIEAgK/yXD1o8DS	TEKNISI	t	2026-06-02 07:53:24.565	Area Load Test	081234560134	AKTIF
2137	loadtest_user_135	loadtest_user_135@loadtest.com	$2b$10$HDSp0PRVbrOOVq/bcPIGDOxWt1no.v7clq6kpXiIEAgK/yXD1o8DS	TEKNISI	t	2026-06-02 07:53:24.565	Area Load Test	081234560135	AKTIF
2138	loadtest_user_136	loadtest_user_136@loadtest.com	$2b$10$HDSp0PRVbrOOVq/bcPIGDOxWt1no.v7clq6kpXiIEAgK/yXD1o8DS	TEKNISI	t	2026-06-02 07:53:24.565	Area Load Test	081234560136	AKTIF
2139	loadtest_user_137	loadtest_user_137@loadtest.com	$2b$10$HDSp0PRVbrOOVq/bcPIGDOxWt1no.v7clq6kpXiIEAgK/yXD1o8DS	TEKNISI	t	2026-06-02 07:53:24.565	Area Load Test	081234560137	AKTIF
2140	loadtest_user_138	loadtest_user_138@loadtest.com	$2b$10$HDSp0PRVbrOOVq/bcPIGDOxWt1no.v7clq6kpXiIEAgK/yXD1o8DS	TEKNISI	t	2026-06-02 07:53:24.565	Area Load Test	081234560138	AKTIF
2141	loadtest_user_139	loadtest_user_139@loadtest.com	$2b$10$HDSp0PRVbrOOVq/bcPIGDOxWt1no.v7clq6kpXiIEAgK/yXD1o8DS	TEKNISI	t	2026-06-02 07:53:24.565	Area Load Test	081234560139	AKTIF
2142	loadtest_user_140	loadtest_user_140@loadtest.com	$2b$10$HDSp0PRVbrOOVq/bcPIGDOxWt1no.v7clq6kpXiIEAgK/yXD1o8DS	TEKNISI	t	2026-06-02 07:53:24.565	Area Load Test	081234560140	AKTIF
2143	loadtest_user_141	loadtest_user_141@loadtest.com	$2b$10$HDSp0PRVbrOOVq/bcPIGDOxWt1no.v7clq6kpXiIEAgK/yXD1o8DS	TEKNISI	t	2026-06-02 07:53:24.565	Area Load Test	081234560141	AKTIF
2144	loadtest_user_142	loadtest_user_142@loadtest.com	$2b$10$HDSp0PRVbrOOVq/bcPIGDOxWt1no.v7clq6kpXiIEAgK/yXD1o8DS	TEKNISI	t	2026-06-02 07:53:24.565	Area Load Test	081234560142	AKTIF
2145	loadtest_user_143	loadtest_user_143@loadtest.com	$2b$10$HDSp0PRVbrOOVq/bcPIGDOxWt1no.v7clq6kpXiIEAgK/yXD1o8DS	TEKNISI	t	2026-06-02 07:53:24.565	Area Load Test	081234560143	AKTIF
2146	loadtest_user_144	loadtest_user_144@loadtest.com	$2b$10$HDSp0PRVbrOOVq/bcPIGDOxWt1no.v7clq6kpXiIEAgK/yXD1o8DS	TEKNISI	t	2026-06-02 07:53:24.565	Area Load Test	081234560144	AKTIF
2147	loadtest_user_145	loadtest_user_145@loadtest.com	$2b$10$HDSp0PRVbrOOVq/bcPIGDOxWt1no.v7clq6kpXiIEAgK/yXD1o8DS	TEKNISI	t	2026-06-02 07:53:24.565	Area Load Test	081234560145	AKTIF
2148	loadtest_user_146	loadtest_user_146@loadtest.com	$2b$10$HDSp0PRVbrOOVq/bcPIGDOxWt1no.v7clq6kpXiIEAgK/yXD1o8DS	TEKNISI	t	2026-06-02 07:53:24.565	Area Load Test	081234560146	AKTIF
2149	loadtest_user_147	loadtest_user_147@loadtest.com	$2b$10$HDSp0PRVbrOOVq/bcPIGDOxWt1no.v7clq6kpXiIEAgK/yXD1o8DS	TEKNISI	t	2026-06-02 07:53:24.565	Area Load Test	081234560147	AKTIF
2150	loadtest_user_148	loadtest_user_148@loadtest.com	$2b$10$HDSp0PRVbrOOVq/bcPIGDOxWt1no.v7clq6kpXiIEAgK/yXD1o8DS	TEKNISI	t	2026-06-02 07:53:24.565	Area Load Test	081234560148	AKTIF
2151	loadtest_user_149	loadtest_user_149@loadtest.com	$2b$10$HDSp0PRVbrOOVq/bcPIGDOxWt1no.v7clq6kpXiIEAgK/yXD1o8DS	TEKNISI	t	2026-06-02 07:53:24.565	Area Load Test	081234560149	AKTIF
2152	loadtest_user_150	loadtest_user_150@loadtest.com	$2b$10$HDSp0PRVbrOOVq/bcPIGDOxWt1no.v7clq6kpXiIEAgK/yXD1o8DS	TEKNISI	t	2026-06-02 07:53:24.565	Area Load Test	081234560150	AKTIF
2153	loadtest_user_151	loadtest_user_151@loadtest.com	$2b$10$HDSp0PRVbrOOVq/bcPIGDOxWt1no.v7clq6kpXiIEAgK/yXD1o8DS	TEKNISI	t	2026-06-02 07:53:24.565	Area Load Test	081234560151	AKTIF
2154	loadtest_user_152	loadtest_user_152@loadtest.com	$2b$10$HDSp0PRVbrOOVq/bcPIGDOxWt1no.v7clq6kpXiIEAgK/yXD1o8DS	TEKNISI	t	2026-06-02 07:53:24.565	Area Load Test	081234560152	AKTIF
2155	loadtest_user_153	loadtest_user_153@loadtest.com	$2b$10$HDSp0PRVbrOOVq/bcPIGDOxWt1no.v7clq6kpXiIEAgK/yXD1o8DS	TEKNISI	t	2026-06-02 07:53:24.565	Area Load Test	081234560153	AKTIF
2156	loadtest_user_154	loadtest_user_154@loadtest.com	$2b$10$HDSp0PRVbrOOVq/bcPIGDOxWt1no.v7clq6kpXiIEAgK/yXD1o8DS	TEKNISI	t	2026-06-02 07:53:24.565	Area Load Test	081234560154	AKTIF
2157	loadtest_user_155	loadtest_user_155@loadtest.com	$2b$10$HDSp0PRVbrOOVq/bcPIGDOxWt1no.v7clq6kpXiIEAgK/yXD1o8DS	TEKNISI	t	2026-06-02 07:53:24.565	Area Load Test	081234560155	AKTIF
2158	loadtest_user_156	loadtest_user_156@loadtest.com	$2b$10$HDSp0PRVbrOOVq/bcPIGDOxWt1no.v7clq6kpXiIEAgK/yXD1o8DS	TEKNISI	t	2026-06-02 07:53:24.565	Area Load Test	081234560156	AKTIF
2159	loadtest_user_157	loadtest_user_157@loadtest.com	$2b$10$HDSp0PRVbrOOVq/bcPIGDOxWt1no.v7clq6kpXiIEAgK/yXD1o8DS	TEKNISI	t	2026-06-02 07:53:24.565	Area Load Test	081234560157	AKTIF
2160	loadtest_user_158	loadtest_user_158@loadtest.com	$2b$10$HDSp0PRVbrOOVq/bcPIGDOxWt1no.v7clq6kpXiIEAgK/yXD1o8DS	TEKNISI	t	2026-06-02 07:53:24.565	Area Load Test	081234560158	AKTIF
2161	loadtest_user_159	loadtest_user_159@loadtest.com	$2b$10$HDSp0PRVbrOOVq/bcPIGDOxWt1no.v7clq6kpXiIEAgK/yXD1o8DS	TEKNISI	t	2026-06-02 07:53:24.565	Area Load Test	081234560159	AKTIF
2162	loadtest_user_160	loadtest_user_160@loadtest.com	$2b$10$HDSp0PRVbrOOVq/bcPIGDOxWt1no.v7clq6kpXiIEAgK/yXD1o8DS	TEKNISI	t	2026-06-02 07:53:24.565	Area Load Test	081234560160	AKTIF
2163	loadtest_user_161	loadtest_user_161@loadtest.com	$2b$10$HDSp0PRVbrOOVq/bcPIGDOxWt1no.v7clq6kpXiIEAgK/yXD1o8DS	TEKNISI	t	2026-06-02 07:53:24.565	Area Load Test	081234560161	AKTIF
2164	loadtest_user_162	loadtest_user_162@loadtest.com	$2b$10$HDSp0PRVbrOOVq/bcPIGDOxWt1no.v7clq6kpXiIEAgK/yXD1o8DS	TEKNISI	t	2026-06-02 07:53:24.565	Area Load Test	081234560162	AKTIF
2165	loadtest_user_163	loadtest_user_163@loadtest.com	$2b$10$HDSp0PRVbrOOVq/bcPIGDOxWt1no.v7clq6kpXiIEAgK/yXD1o8DS	TEKNISI	t	2026-06-02 07:53:24.565	Area Load Test	081234560163	AKTIF
2166	loadtest_user_164	loadtest_user_164@loadtest.com	$2b$10$HDSp0PRVbrOOVq/bcPIGDOxWt1no.v7clq6kpXiIEAgK/yXD1o8DS	TEKNISI	t	2026-06-02 07:53:24.565	Area Load Test	081234560164	AKTIF
2167	loadtest_user_165	loadtest_user_165@loadtest.com	$2b$10$HDSp0PRVbrOOVq/bcPIGDOxWt1no.v7clq6kpXiIEAgK/yXD1o8DS	TEKNISI	t	2026-06-02 07:53:24.565	Area Load Test	081234560165	AKTIF
2168	loadtest_user_166	loadtest_user_166@loadtest.com	$2b$10$HDSp0PRVbrOOVq/bcPIGDOxWt1no.v7clq6kpXiIEAgK/yXD1o8DS	TEKNISI	t	2026-06-02 07:53:24.565	Area Load Test	081234560166	AKTIF
2169	loadtest_user_167	loadtest_user_167@loadtest.com	$2b$10$HDSp0PRVbrOOVq/bcPIGDOxWt1no.v7clq6kpXiIEAgK/yXD1o8DS	TEKNISI	t	2026-06-02 07:53:24.565	Area Load Test	081234560167	AKTIF
2170	loadtest_user_168	loadtest_user_168@loadtest.com	$2b$10$HDSp0PRVbrOOVq/bcPIGDOxWt1no.v7clq6kpXiIEAgK/yXD1o8DS	TEKNISI	t	2026-06-02 07:53:24.565	Area Load Test	081234560168	AKTIF
2171	loadtest_user_169	loadtest_user_169@loadtest.com	$2b$10$HDSp0PRVbrOOVq/bcPIGDOxWt1no.v7clq6kpXiIEAgK/yXD1o8DS	TEKNISI	t	2026-06-02 07:53:24.565	Area Load Test	081234560169	AKTIF
2172	loadtest_user_170	loadtest_user_170@loadtest.com	$2b$10$HDSp0PRVbrOOVq/bcPIGDOxWt1no.v7clq6kpXiIEAgK/yXD1o8DS	TEKNISI	t	2026-06-02 07:53:24.565	Area Load Test	081234560170	AKTIF
2173	loadtest_user_171	loadtest_user_171@loadtest.com	$2b$10$HDSp0PRVbrOOVq/bcPIGDOxWt1no.v7clq6kpXiIEAgK/yXD1o8DS	TEKNISI	t	2026-06-02 07:53:24.565	Area Load Test	081234560171	AKTIF
2174	loadtest_user_172	loadtest_user_172@loadtest.com	$2b$10$HDSp0PRVbrOOVq/bcPIGDOxWt1no.v7clq6kpXiIEAgK/yXD1o8DS	TEKNISI	t	2026-06-02 07:53:24.565	Area Load Test	081234560172	AKTIF
2175	loadtest_user_173	loadtest_user_173@loadtest.com	$2b$10$HDSp0PRVbrOOVq/bcPIGDOxWt1no.v7clq6kpXiIEAgK/yXD1o8DS	TEKNISI	t	2026-06-02 07:53:24.565	Area Load Test	081234560173	AKTIF
2176	loadtest_user_174	loadtest_user_174@loadtest.com	$2b$10$HDSp0PRVbrOOVq/bcPIGDOxWt1no.v7clq6kpXiIEAgK/yXD1o8DS	TEKNISI	t	2026-06-02 07:53:24.565	Area Load Test	081234560174	AKTIF
2177	loadtest_user_175	loadtest_user_175@loadtest.com	$2b$10$HDSp0PRVbrOOVq/bcPIGDOxWt1no.v7clq6kpXiIEAgK/yXD1o8DS	TEKNISI	t	2026-06-02 07:53:24.565	Area Load Test	081234560175	AKTIF
2178	loadtest_user_176	loadtest_user_176@loadtest.com	$2b$10$HDSp0PRVbrOOVq/bcPIGDOxWt1no.v7clq6kpXiIEAgK/yXD1o8DS	TEKNISI	t	2026-06-02 07:53:24.565	Area Load Test	081234560176	AKTIF
2179	loadtest_user_177	loadtest_user_177@loadtest.com	$2b$10$HDSp0PRVbrOOVq/bcPIGDOxWt1no.v7clq6kpXiIEAgK/yXD1o8DS	TEKNISI	t	2026-06-02 07:53:24.565	Area Load Test	081234560177	AKTIF
2180	loadtest_user_178	loadtest_user_178@loadtest.com	$2b$10$HDSp0PRVbrOOVq/bcPIGDOxWt1no.v7clq6kpXiIEAgK/yXD1o8DS	TEKNISI	t	2026-06-02 07:53:24.565	Area Load Test	081234560178	AKTIF
2181	loadtest_user_179	loadtest_user_179@loadtest.com	$2b$10$HDSp0PRVbrOOVq/bcPIGDOxWt1no.v7clq6kpXiIEAgK/yXD1o8DS	TEKNISI	t	2026-06-02 07:53:24.565	Area Load Test	081234560179	AKTIF
2182	loadtest_user_180	loadtest_user_180@loadtest.com	$2b$10$HDSp0PRVbrOOVq/bcPIGDOxWt1no.v7clq6kpXiIEAgK/yXD1o8DS	TEKNISI	t	2026-06-02 07:53:24.565	Area Load Test	081234560180	AKTIF
2183	loadtest_user_181	loadtest_user_181@loadtest.com	$2b$10$HDSp0PRVbrOOVq/bcPIGDOxWt1no.v7clq6kpXiIEAgK/yXD1o8DS	TEKNISI	t	2026-06-02 07:53:24.565	Area Load Test	081234560181	AKTIF
2184	loadtest_user_182	loadtest_user_182@loadtest.com	$2b$10$HDSp0PRVbrOOVq/bcPIGDOxWt1no.v7clq6kpXiIEAgK/yXD1o8DS	TEKNISI	t	2026-06-02 07:53:24.565	Area Load Test	081234560182	AKTIF
2185	loadtest_user_183	loadtest_user_183@loadtest.com	$2b$10$HDSp0PRVbrOOVq/bcPIGDOxWt1no.v7clq6kpXiIEAgK/yXD1o8DS	TEKNISI	t	2026-06-02 07:53:24.565	Area Load Test	081234560183	AKTIF
2186	loadtest_user_184	loadtest_user_184@loadtest.com	$2b$10$HDSp0PRVbrOOVq/bcPIGDOxWt1no.v7clq6kpXiIEAgK/yXD1o8DS	TEKNISI	t	2026-06-02 07:53:24.565	Area Load Test	081234560184	AKTIF
2187	loadtest_user_185	loadtest_user_185@loadtest.com	$2b$10$HDSp0PRVbrOOVq/bcPIGDOxWt1no.v7clq6kpXiIEAgK/yXD1o8DS	TEKNISI	t	2026-06-02 07:53:24.565	Area Load Test	081234560185	AKTIF
2188	loadtest_user_186	loadtest_user_186@loadtest.com	$2b$10$HDSp0PRVbrOOVq/bcPIGDOxWt1no.v7clq6kpXiIEAgK/yXD1o8DS	TEKNISI	t	2026-06-02 07:53:24.565	Area Load Test	081234560186	AKTIF
2189	loadtest_user_187	loadtest_user_187@loadtest.com	$2b$10$HDSp0PRVbrOOVq/bcPIGDOxWt1no.v7clq6kpXiIEAgK/yXD1o8DS	TEKNISI	t	2026-06-02 07:53:24.565	Area Load Test	081234560187	AKTIF
2190	loadtest_user_188	loadtest_user_188@loadtest.com	$2b$10$HDSp0PRVbrOOVq/bcPIGDOxWt1no.v7clq6kpXiIEAgK/yXD1o8DS	TEKNISI	t	2026-06-02 07:53:24.565	Area Load Test	081234560188	AKTIF
2191	loadtest_user_189	loadtest_user_189@loadtest.com	$2b$10$HDSp0PRVbrOOVq/bcPIGDOxWt1no.v7clq6kpXiIEAgK/yXD1o8DS	TEKNISI	t	2026-06-02 07:53:24.565	Area Load Test	081234560189	AKTIF
2192	loadtest_user_190	loadtest_user_190@loadtest.com	$2b$10$HDSp0PRVbrOOVq/bcPIGDOxWt1no.v7clq6kpXiIEAgK/yXD1o8DS	TEKNISI	t	2026-06-02 07:53:24.565	Area Load Test	081234560190	AKTIF
2193	loadtest_user_191	loadtest_user_191@loadtest.com	$2b$10$HDSp0PRVbrOOVq/bcPIGDOxWt1no.v7clq6kpXiIEAgK/yXD1o8DS	TEKNISI	t	2026-06-02 07:53:24.565	Area Load Test	081234560191	AKTIF
2194	loadtest_user_192	loadtest_user_192@loadtest.com	$2b$10$HDSp0PRVbrOOVq/bcPIGDOxWt1no.v7clq6kpXiIEAgK/yXD1o8DS	TEKNISI	t	2026-06-02 07:53:24.565	Area Load Test	081234560192	AKTIF
2195	loadtest_user_193	loadtest_user_193@loadtest.com	$2b$10$HDSp0PRVbrOOVq/bcPIGDOxWt1no.v7clq6kpXiIEAgK/yXD1o8DS	TEKNISI	t	2026-06-02 07:53:24.565	Area Load Test	081234560193	AKTIF
2196	loadtest_user_194	loadtest_user_194@loadtest.com	$2b$10$HDSp0PRVbrOOVq/bcPIGDOxWt1no.v7clq6kpXiIEAgK/yXD1o8DS	TEKNISI	t	2026-06-02 07:53:24.565	Area Load Test	081234560194	AKTIF
2197	loadtest_user_195	loadtest_user_195@loadtest.com	$2b$10$HDSp0PRVbrOOVq/bcPIGDOxWt1no.v7clq6kpXiIEAgK/yXD1o8DS	TEKNISI	t	2026-06-02 07:53:24.565	Area Load Test	081234560195	AKTIF
2198	loadtest_user_196	loadtest_user_196@loadtest.com	$2b$10$HDSp0PRVbrOOVq/bcPIGDOxWt1no.v7clq6kpXiIEAgK/yXD1o8DS	TEKNISI	t	2026-06-02 07:53:24.565	Area Load Test	081234560196	AKTIF
2199	loadtest_user_197	loadtest_user_197@loadtest.com	$2b$10$HDSp0PRVbrOOVq/bcPIGDOxWt1no.v7clq6kpXiIEAgK/yXD1o8DS	TEKNISI	t	2026-06-02 07:53:24.565	Area Load Test	081234560197	AKTIF
2200	loadtest_user_198	loadtest_user_198@loadtest.com	$2b$10$HDSp0PRVbrOOVq/bcPIGDOxWt1no.v7clq6kpXiIEAgK/yXD1o8DS	TEKNISI	t	2026-06-02 07:53:24.565	Area Load Test	081234560198	AKTIF
2201	loadtest_user_199	loadtest_user_199@loadtest.com	$2b$10$HDSp0PRVbrOOVq/bcPIGDOxWt1no.v7clq6kpXiIEAgK/yXD1o8DS	TEKNISI	t	2026-06-02 07:53:24.565	Area Load Test	081234560199	AKTIF
2202	loadtest_user_200	loadtest_user_200@loadtest.com	$2b$10$HDSp0PRVbrOOVq/bcPIGDOxWt1no.v7clq6kpXiIEAgK/yXD1o8DS	TEKNISI	t	2026-06-02 07:53:24.565	Area Load Test	081234560200	AKTIF
2203	loadtest_user_201	loadtest_user_201@loadtest.com	$2b$10$HDSp0PRVbrOOVq/bcPIGDOxWt1no.v7clq6kpXiIEAgK/yXD1o8DS	TEKNISI	t	2026-06-02 07:53:24.565	Area Load Test	081234560201	AKTIF
2204	loadtest_user_202	loadtest_user_202@loadtest.com	$2b$10$HDSp0PRVbrOOVq/bcPIGDOxWt1no.v7clq6kpXiIEAgK/yXD1o8DS	TEKNISI	t	2026-06-02 07:53:24.565	Area Load Test	081234560202	AKTIF
2205	loadtest_user_203	loadtest_user_203@loadtest.com	$2b$10$HDSp0PRVbrOOVq/bcPIGDOxWt1no.v7clq6kpXiIEAgK/yXD1o8DS	TEKNISI	t	2026-06-02 07:53:24.565	Area Load Test	081234560203	AKTIF
2206	loadtest_user_204	loadtest_user_204@loadtest.com	$2b$10$HDSp0PRVbrOOVq/bcPIGDOxWt1no.v7clq6kpXiIEAgK/yXD1o8DS	TEKNISI	t	2026-06-02 07:53:24.565	Area Load Test	081234560204	AKTIF
2207	loadtest_user_205	loadtest_user_205@loadtest.com	$2b$10$HDSp0PRVbrOOVq/bcPIGDOxWt1no.v7clq6kpXiIEAgK/yXD1o8DS	TEKNISI	t	2026-06-02 07:53:24.565	Area Load Test	081234560205	AKTIF
2208	loadtest_user_206	loadtest_user_206@loadtest.com	$2b$10$HDSp0PRVbrOOVq/bcPIGDOxWt1no.v7clq6kpXiIEAgK/yXD1o8DS	TEKNISI	t	2026-06-02 07:53:24.565	Area Load Test	081234560206	AKTIF
2209	loadtest_user_207	loadtest_user_207@loadtest.com	$2b$10$HDSp0PRVbrOOVq/bcPIGDOxWt1no.v7clq6kpXiIEAgK/yXD1o8DS	TEKNISI	t	2026-06-02 07:53:24.565	Area Load Test	081234560207	AKTIF
2210	loadtest_user_208	loadtest_user_208@loadtest.com	$2b$10$HDSp0PRVbrOOVq/bcPIGDOxWt1no.v7clq6kpXiIEAgK/yXD1o8DS	TEKNISI	t	2026-06-02 07:53:24.565	Area Load Test	081234560208	AKTIF
2211	loadtest_user_209	loadtest_user_209@loadtest.com	$2b$10$HDSp0PRVbrOOVq/bcPIGDOxWt1no.v7clq6kpXiIEAgK/yXD1o8DS	TEKNISI	t	2026-06-02 07:53:24.565	Area Load Test	081234560209	AKTIF
2212	loadtest_user_210	loadtest_user_210@loadtest.com	$2b$10$HDSp0PRVbrOOVq/bcPIGDOxWt1no.v7clq6kpXiIEAgK/yXD1o8DS	TEKNISI	t	2026-06-02 07:53:24.565	Area Load Test	081234560210	AKTIF
2213	loadtest_user_211	loadtest_user_211@loadtest.com	$2b$10$HDSp0PRVbrOOVq/bcPIGDOxWt1no.v7clq6kpXiIEAgK/yXD1o8DS	TEKNISI	t	2026-06-02 07:53:24.565	Area Load Test	081234560211	AKTIF
2214	loadtest_user_212	loadtest_user_212@loadtest.com	$2b$10$HDSp0PRVbrOOVq/bcPIGDOxWt1no.v7clq6kpXiIEAgK/yXD1o8DS	TEKNISI	t	2026-06-02 07:53:24.565	Area Load Test	081234560212	AKTIF
2215	loadtest_user_213	loadtest_user_213@loadtest.com	$2b$10$HDSp0PRVbrOOVq/bcPIGDOxWt1no.v7clq6kpXiIEAgK/yXD1o8DS	TEKNISI	t	2026-06-02 07:53:24.565	Area Load Test	081234560213	AKTIF
2216	loadtest_user_214	loadtest_user_214@loadtest.com	$2b$10$HDSp0PRVbrOOVq/bcPIGDOxWt1no.v7clq6kpXiIEAgK/yXD1o8DS	TEKNISI	t	2026-06-02 07:53:24.565	Area Load Test	081234560214	AKTIF
2217	loadtest_user_215	loadtest_user_215@loadtest.com	$2b$10$HDSp0PRVbrOOVq/bcPIGDOxWt1no.v7clq6kpXiIEAgK/yXD1o8DS	TEKNISI	t	2026-06-02 07:53:24.565	Area Load Test	081234560215	AKTIF
2218	loadtest_user_216	loadtest_user_216@loadtest.com	$2b$10$HDSp0PRVbrOOVq/bcPIGDOxWt1no.v7clq6kpXiIEAgK/yXD1o8DS	TEKNISI	t	2026-06-02 07:53:24.565	Area Load Test	081234560216	AKTIF
2219	loadtest_user_217	loadtest_user_217@loadtest.com	$2b$10$HDSp0PRVbrOOVq/bcPIGDOxWt1no.v7clq6kpXiIEAgK/yXD1o8DS	TEKNISI	t	2026-06-02 07:53:24.565	Area Load Test	081234560217	AKTIF
2220	loadtest_user_218	loadtest_user_218@loadtest.com	$2b$10$HDSp0PRVbrOOVq/bcPIGDOxWt1no.v7clq6kpXiIEAgK/yXD1o8DS	TEKNISI	t	2026-06-02 07:53:24.565	Area Load Test	081234560218	AKTIF
2221	loadtest_user_219	loadtest_user_219@loadtest.com	$2b$10$HDSp0PRVbrOOVq/bcPIGDOxWt1no.v7clq6kpXiIEAgK/yXD1o8DS	TEKNISI	t	2026-06-02 07:53:24.565	Area Load Test	081234560219	AKTIF
2222	loadtest_user_220	loadtest_user_220@loadtest.com	$2b$10$HDSp0PRVbrOOVq/bcPIGDOxWt1no.v7clq6kpXiIEAgK/yXD1o8DS	TEKNISI	t	2026-06-02 07:53:24.565	Area Load Test	081234560220	AKTIF
2223	loadtest_user_221	loadtest_user_221@loadtest.com	$2b$10$HDSp0PRVbrOOVq/bcPIGDOxWt1no.v7clq6kpXiIEAgK/yXD1o8DS	TEKNISI	t	2026-06-02 07:53:24.565	Area Load Test	081234560221	AKTIF
2224	loadtest_user_222	loadtest_user_222@loadtest.com	$2b$10$HDSp0PRVbrOOVq/bcPIGDOxWt1no.v7clq6kpXiIEAgK/yXD1o8DS	TEKNISI	t	2026-06-02 07:53:24.565	Area Load Test	081234560222	AKTIF
2225	loadtest_user_223	loadtest_user_223@loadtest.com	$2b$10$HDSp0PRVbrOOVq/bcPIGDOxWt1no.v7clq6kpXiIEAgK/yXD1o8DS	TEKNISI	t	2026-06-02 07:53:24.565	Area Load Test	081234560223	AKTIF
2226	loadtest_user_224	loadtest_user_224@loadtest.com	$2b$10$HDSp0PRVbrOOVq/bcPIGDOxWt1no.v7clq6kpXiIEAgK/yXD1o8DS	TEKNISI	t	2026-06-02 07:53:24.565	Area Load Test	081234560224	AKTIF
2227	loadtest_user_225	loadtest_user_225@loadtest.com	$2b$10$HDSp0PRVbrOOVq/bcPIGDOxWt1no.v7clq6kpXiIEAgK/yXD1o8DS	TEKNISI	t	2026-06-02 07:53:24.565	Area Load Test	081234560225	AKTIF
2228	loadtest_user_226	loadtest_user_226@loadtest.com	$2b$10$HDSp0PRVbrOOVq/bcPIGDOxWt1no.v7clq6kpXiIEAgK/yXD1o8DS	TEKNISI	t	2026-06-02 07:53:24.565	Area Load Test	081234560226	AKTIF
2229	loadtest_user_227	loadtest_user_227@loadtest.com	$2b$10$HDSp0PRVbrOOVq/bcPIGDOxWt1no.v7clq6kpXiIEAgK/yXD1o8DS	TEKNISI	t	2026-06-02 07:53:24.565	Area Load Test	081234560227	AKTIF
2230	loadtest_user_228	loadtest_user_228@loadtest.com	$2b$10$HDSp0PRVbrOOVq/bcPIGDOxWt1no.v7clq6kpXiIEAgK/yXD1o8DS	TEKNISI	t	2026-06-02 07:53:24.565	Area Load Test	081234560228	AKTIF
2231	loadtest_user_229	loadtest_user_229@loadtest.com	$2b$10$HDSp0PRVbrOOVq/bcPIGDOxWt1no.v7clq6kpXiIEAgK/yXD1o8DS	TEKNISI	t	2026-06-02 07:53:24.565	Area Load Test	081234560229	AKTIF
2232	loadtest_user_230	loadtest_user_230@loadtest.com	$2b$10$HDSp0PRVbrOOVq/bcPIGDOxWt1no.v7clq6kpXiIEAgK/yXD1o8DS	TEKNISI	t	2026-06-02 07:53:24.565	Area Load Test	081234560230	AKTIF
2233	loadtest_user_231	loadtest_user_231@loadtest.com	$2b$10$HDSp0PRVbrOOVq/bcPIGDOxWt1no.v7clq6kpXiIEAgK/yXD1o8DS	TEKNISI	t	2026-06-02 07:53:24.565	Area Load Test	081234560231	AKTIF
2234	loadtest_user_232	loadtest_user_232@loadtest.com	$2b$10$HDSp0PRVbrOOVq/bcPIGDOxWt1no.v7clq6kpXiIEAgK/yXD1o8DS	TEKNISI	t	2026-06-02 07:53:24.565	Area Load Test	081234560232	AKTIF
2235	loadtest_user_233	loadtest_user_233@loadtest.com	$2b$10$HDSp0PRVbrOOVq/bcPIGDOxWt1no.v7clq6kpXiIEAgK/yXD1o8DS	TEKNISI	t	2026-06-02 07:53:24.565	Area Load Test	081234560233	AKTIF
2236	loadtest_user_234	loadtest_user_234@loadtest.com	$2b$10$HDSp0PRVbrOOVq/bcPIGDOxWt1no.v7clq6kpXiIEAgK/yXD1o8DS	TEKNISI	t	2026-06-02 07:53:24.565	Area Load Test	081234560234	AKTIF
2237	loadtest_user_235	loadtest_user_235@loadtest.com	$2b$10$HDSp0PRVbrOOVq/bcPIGDOxWt1no.v7clq6kpXiIEAgK/yXD1o8DS	TEKNISI	t	2026-06-02 07:53:24.565	Area Load Test	081234560235	AKTIF
2238	loadtest_user_236	loadtest_user_236@loadtest.com	$2b$10$HDSp0PRVbrOOVq/bcPIGDOxWt1no.v7clq6kpXiIEAgK/yXD1o8DS	TEKNISI	t	2026-06-02 07:53:24.565	Area Load Test	081234560236	AKTIF
2239	loadtest_user_237	loadtest_user_237@loadtest.com	$2b$10$HDSp0PRVbrOOVq/bcPIGDOxWt1no.v7clq6kpXiIEAgK/yXD1o8DS	TEKNISI	t	2026-06-02 07:53:24.565	Area Load Test	081234560237	AKTIF
2240	loadtest_user_238	loadtest_user_238@loadtest.com	$2b$10$HDSp0PRVbrOOVq/bcPIGDOxWt1no.v7clq6kpXiIEAgK/yXD1o8DS	TEKNISI	t	2026-06-02 07:53:24.565	Area Load Test	081234560238	AKTIF
2241	loadtest_user_239	loadtest_user_239@loadtest.com	$2b$10$HDSp0PRVbrOOVq/bcPIGDOxWt1no.v7clq6kpXiIEAgK/yXD1o8DS	TEKNISI	t	2026-06-02 07:53:24.565	Area Load Test	081234560239	AKTIF
2242	loadtest_user_240	loadtest_user_240@loadtest.com	$2b$10$HDSp0PRVbrOOVq/bcPIGDOxWt1no.v7clq6kpXiIEAgK/yXD1o8DS	TEKNISI	t	2026-06-02 07:53:24.565	Area Load Test	081234560240	AKTIF
2243	loadtest_user_241	loadtest_user_241@loadtest.com	$2b$10$HDSp0PRVbrOOVq/bcPIGDOxWt1no.v7clq6kpXiIEAgK/yXD1o8DS	TEKNISI	t	2026-06-02 07:53:24.565	Area Load Test	081234560241	AKTIF
2244	loadtest_user_242	loadtest_user_242@loadtest.com	$2b$10$HDSp0PRVbrOOVq/bcPIGDOxWt1no.v7clq6kpXiIEAgK/yXD1o8DS	TEKNISI	t	2026-06-02 07:53:24.565	Area Load Test	081234560242	AKTIF
2245	loadtest_user_243	loadtest_user_243@loadtest.com	$2b$10$HDSp0PRVbrOOVq/bcPIGDOxWt1no.v7clq6kpXiIEAgK/yXD1o8DS	TEKNISI	t	2026-06-02 07:53:24.565	Area Load Test	081234560243	AKTIF
2246	loadtest_user_244	loadtest_user_244@loadtest.com	$2b$10$HDSp0PRVbrOOVq/bcPIGDOxWt1no.v7clq6kpXiIEAgK/yXD1o8DS	TEKNISI	t	2026-06-02 07:53:24.565	Area Load Test	081234560244	AKTIF
2247	loadtest_user_245	loadtest_user_245@loadtest.com	$2b$10$HDSp0PRVbrOOVq/bcPIGDOxWt1no.v7clq6kpXiIEAgK/yXD1o8DS	TEKNISI	t	2026-06-02 07:53:24.565	Area Load Test	081234560245	AKTIF
2248	loadtest_user_246	loadtest_user_246@loadtest.com	$2b$10$HDSp0PRVbrOOVq/bcPIGDOxWt1no.v7clq6kpXiIEAgK/yXD1o8DS	TEKNISI	t	2026-06-02 07:53:24.565	Area Load Test	081234560246	AKTIF
2249	loadtest_user_247	loadtest_user_247@loadtest.com	$2b$10$HDSp0PRVbrOOVq/bcPIGDOxWt1no.v7clq6kpXiIEAgK/yXD1o8DS	TEKNISI	t	2026-06-02 07:53:24.565	Area Load Test	081234560247	AKTIF
2250	loadtest_user_248	loadtest_user_248@loadtest.com	$2b$10$HDSp0PRVbrOOVq/bcPIGDOxWt1no.v7clq6kpXiIEAgK/yXD1o8DS	TEKNISI	t	2026-06-02 07:53:24.565	Area Load Test	081234560248	AKTIF
2251	loadtest_user_249	loadtest_user_249@loadtest.com	$2b$10$HDSp0PRVbrOOVq/bcPIGDOxWt1no.v7clq6kpXiIEAgK/yXD1o8DS	TEKNISI	t	2026-06-02 07:53:24.565	Area Load Test	081234560249	AKTIF
2252	loadtest_user_250	loadtest_user_250@loadtest.com	$2b$10$HDSp0PRVbrOOVq/bcPIGDOxWt1no.v7clq6kpXiIEAgK/yXD1o8DS	TEKNISI	t	2026-06-02 07:53:24.565	Area Load Test	081234560250	AKTIF
2253	loadtest_user_251	loadtest_user_251@loadtest.com	$2b$10$HDSp0PRVbrOOVq/bcPIGDOxWt1no.v7clq6kpXiIEAgK/yXD1o8DS	TEKNISI	t	2026-06-02 07:53:24.565	Area Load Test	081234560251	AKTIF
2254	loadtest_user_252	loadtest_user_252@loadtest.com	$2b$10$HDSp0PRVbrOOVq/bcPIGDOxWt1no.v7clq6kpXiIEAgK/yXD1o8DS	TEKNISI	t	2026-06-02 07:53:24.565	Area Load Test	081234560252	AKTIF
2255	loadtest_user_253	loadtest_user_253@loadtest.com	$2b$10$HDSp0PRVbrOOVq/bcPIGDOxWt1no.v7clq6kpXiIEAgK/yXD1o8DS	TEKNISI	t	2026-06-02 07:53:24.565	Area Load Test	081234560253	AKTIF
2256	loadtest_user_254	loadtest_user_254@loadtest.com	$2b$10$HDSp0PRVbrOOVq/bcPIGDOxWt1no.v7clq6kpXiIEAgK/yXD1o8DS	TEKNISI	t	2026-06-02 07:53:24.565	Area Load Test	081234560254	AKTIF
2257	loadtest_user_255	loadtest_user_255@loadtest.com	$2b$10$HDSp0PRVbrOOVq/bcPIGDOxWt1no.v7clq6kpXiIEAgK/yXD1o8DS	TEKNISI	t	2026-06-02 07:53:24.565	Area Load Test	081234560255	AKTIF
2258	loadtest_user_256	loadtest_user_256@loadtest.com	$2b$10$HDSp0PRVbrOOVq/bcPIGDOxWt1no.v7clq6kpXiIEAgK/yXD1o8DS	TEKNISI	t	2026-06-02 07:53:24.565	Area Load Test	081234560256	AKTIF
2259	loadtest_user_257	loadtest_user_257@loadtest.com	$2b$10$HDSp0PRVbrOOVq/bcPIGDOxWt1no.v7clq6kpXiIEAgK/yXD1o8DS	TEKNISI	t	2026-06-02 07:53:24.565	Area Load Test	081234560257	AKTIF
2260	loadtest_user_258	loadtest_user_258@loadtest.com	$2b$10$HDSp0PRVbrOOVq/bcPIGDOxWt1no.v7clq6kpXiIEAgK/yXD1o8DS	TEKNISI	t	2026-06-02 07:53:24.565	Area Load Test	081234560258	AKTIF
2261	loadtest_user_259	loadtest_user_259@loadtest.com	$2b$10$HDSp0PRVbrOOVq/bcPIGDOxWt1no.v7clq6kpXiIEAgK/yXD1o8DS	TEKNISI	t	2026-06-02 07:53:24.565	Area Load Test	081234560259	AKTIF
2262	loadtest_user_260	loadtest_user_260@loadtest.com	$2b$10$HDSp0PRVbrOOVq/bcPIGDOxWt1no.v7clq6kpXiIEAgK/yXD1o8DS	TEKNISI	t	2026-06-02 07:53:24.565	Area Load Test	081234560260	AKTIF
2263	loadtest_user_261	loadtest_user_261@loadtest.com	$2b$10$HDSp0PRVbrOOVq/bcPIGDOxWt1no.v7clq6kpXiIEAgK/yXD1o8DS	TEKNISI	t	2026-06-02 07:53:24.565	Area Load Test	081234560261	AKTIF
2264	loadtest_user_262	loadtest_user_262@loadtest.com	$2b$10$HDSp0PRVbrOOVq/bcPIGDOxWt1no.v7clq6kpXiIEAgK/yXD1o8DS	TEKNISI	t	2026-06-02 07:53:24.565	Area Load Test	081234560262	AKTIF
2265	loadtest_user_263	loadtest_user_263@loadtest.com	$2b$10$HDSp0PRVbrOOVq/bcPIGDOxWt1no.v7clq6kpXiIEAgK/yXD1o8DS	TEKNISI	t	2026-06-02 07:53:24.565	Area Load Test	081234560263	AKTIF
2266	loadtest_user_264	loadtest_user_264@loadtest.com	$2b$10$HDSp0PRVbrOOVq/bcPIGDOxWt1no.v7clq6kpXiIEAgK/yXD1o8DS	TEKNISI	t	2026-06-02 07:53:24.565	Area Load Test	081234560264	AKTIF
2267	loadtest_user_265	loadtest_user_265@loadtest.com	$2b$10$HDSp0PRVbrOOVq/bcPIGDOxWt1no.v7clq6kpXiIEAgK/yXD1o8DS	TEKNISI	t	2026-06-02 07:53:24.565	Area Load Test	081234560265	AKTIF
2268	loadtest_user_266	loadtest_user_266@loadtest.com	$2b$10$HDSp0PRVbrOOVq/bcPIGDOxWt1no.v7clq6kpXiIEAgK/yXD1o8DS	TEKNISI	t	2026-06-02 07:53:24.565	Area Load Test	081234560266	AKTIF
2269	loadtest_user_267	loadtest_user_267@loadtest.com	$2b$10$HDSp0PRVbrOOVq/bcPIGDOxWt1no.v7clq6kpXiIEAgK/yXD1o8DS	TEKNISI	t	2026-06-02 07:53:24.565	Area Load Test	081234560267	AKTIF
2270	loadtest_user_268	loadtest_user_268@loadtest.com	$2b$10$HDSp0PRVbrOOVq/bcPIGDOxWt1no.v7clq6kpXiIEAgK/yXD1o8DS	TEKNISI	t	2026-06-02 07:53:24.565	Area Load Test	081234560268	AKTIF
2271	loadtest_user_269	loadtest_user_269@loadtest.com	$2b$10$HDSp0PRVbrOOVq/bcPIGDOxWt1no.v7clq6kpXiIEAgK/yXD1o8DS	TEKNISI	t	2026-06-02 07:53:24.565	Area Load Test	081234560269	AKTIF
2272	loadtest_user_270	loadtest_user_270@loadtest.com	$2b$10$HDSp0PRVbrOOVq/bcPIGDOxWt1no.v7clq6kpXiIEAgK/yXD1o8DS	TEKNISI	t	2026-06-02 07:53:24.565	Area Load Test	081234560270	AKTIF
2273	loadtest_user_271	loadtest_user_271@loadtest.com	$2b$10$HDSp0PRVbrOOVq/bcPIGDOxWt1no.v7clq6kpXiIEAgK/yXD1o8DS	TEKNISI	t	2026-06-02 07:53:24.565	Area Load Test	081234560271	AKTIF
2274	loadtest_user_272	loadtest_user_272@loadtest.com	$2b$10$HDSp0PRVbrOOVq/bcPIGDOxWt1no.v7clq6kpXiIEAgK/yXD1o8DS	TEKNISI	t	2026-06-02 07:53:24.565	Area Load Test	081234560272	AKTIF
2275	loadtest_user_273	loadtest_user_273@loadtest.com	$2b$10$HDSp0PRVbrOOVq/bcPIGDOxWt1no.v7clq6kpXiIEAgK/yXD1o8DS	TEKNISI	t	2026-06-02 07:53:24.565	Area Load Test	081234560273	AKTIF
2276	loadtest_user_274	loadtest_user_274@loadtest.com	$2b$10$HDSp0PRVbrOOVq/bcPIGDOxWt1no.v7clq6kpXiIEAgK/yXD1o8DS	TEKNISI	t	2026-06-02 07:53:24.565	Area Load Test	081234560274	AKTIF
2277	loadtest_user_275	loadtest_user_275@loadtest.com	$2b$10$HDSp0PRVbrOOVq/bcPIGDOxWt1no.v7clq6kpXiIEAgK/yXD1o8DS	TEKNISI	t	2026-06-02 07:53:24.565	Area Load Test	081234560275	AKTIF
2278	loadtest_user_276	loadtest_user_276@loadtest.com	$2b$10$HDSp0PRVbrOOVq/bcPIGDOxWt1no.v7clq6kpXiIEAgK/yXD1o8DS	TEKNISI	t	2026-06-02 07:53:24.565	Area Load Test	081234560276	AKTIF
2279	loadtest_user_277	loadtest_user_277@loadtest.com	$2b$10$HDSp0PRVbrOOVq/bcPIGDOxWt1no.v7clq6kpXiIEAgK/yXD1o8DS	TEKNISI	t	2026-06-02 07:53:24.565	Area Load Test	081234560277	AKTIF
2280	loadtest_user_278	loadtest_user_278@loadtest.com	$2b$10$HDSp0PRVbrOOVq/bcPIGDOxWt1no.v7clq6kpXiIEAgK/yXD1o8DS	TEKNISI	t	2026-06-02 07:53:24.565	Area Load Test	081234560278	AKTIF
2281	loadtest_user_279	loadtest_user_279@loadtest.com	$2b$10$HDSp0PRVbrOOVq/bcPIGDOxWt1no.v7clq6kpXiIEAgK/yXD1o8DS	TEKNISI	t	2026-06-02 07:53:24.565	Area Load Test	081234560279	AKTIF
2282	loadtest_user_280	loadtest_user_280@loadtest.com	$2b$10$HDSp0PRVbrOOVq/bcPIGDOxWt1no.v7clq6kpXiIEAgK/yXD1o8DS	TEKNISI	t	2026-06-02 07:53:24.565	Area Load Test	081234560280	AKTIF
2283	loadtest_user_281	loadtest_user_281@loadtest.com	$2b$10$HDSp0PRVbrOOVq/bcPIGDOxWt1no.v7clq6kpXiIEAgK/yXD1o8DS	TEKNISI	t	2026-06-02 07:53:24.565	Area Load Test	081234560281	AKTIF
2284	loadtest_user_282	loadtest_user_282@loadtest.com	$2b$10$HDSp0PRVbrOOVq/bcPIGDOxWt1no.v7clq6kpXiIEAgK/yXD1o8DS	TEKNISI	t	2026-06-02 07:53:24.565	Area Load Test	081234560282	AKTIF
2285	loadtest_user_283	loadtest_user_283@loadtest.com	$2b$10$HDSp0PRVbrOOVq/bcPIGDOxWt1no.v7clq6kpXiIEAgK/yXD1o8DS	TEKNISI	t	2026-06-02 07:53:24.565	Area Load Test	081234560283	AKTIF
2286	loadtest_user_284	loadtest_user_284@loadtest.com	$2b$10$HDSp0PRVbrOOVq/bcPIGDOxWt1no.v7clq6kpXiIEAgK/yXD1o8DS	TEKNISI	t	2026-06-02 07:53:24.565	Area Load Test	081234560284	AKTIF
2287	loadtest_user_285	loadtest_user_285@loadtest.com	$2b$10$HDSp0PRVbrOOVq/bcPIGDOxWt1no.v7clq6kpXiIEAgK/yXD1o8DS	TEKNISI	t	2026-06-02 07:53:24.565	Area Load Test	081234560285	AKTIF
2288	loadtest_user_286	loadtest_user_286@loadtest.com	$2b$10$HDSp0PRVbrOOVq/bcPIGDOxWt1no.v7clq6kpXiIEAgK/yXD1o8DS	TEKNISI	t	2026-06-02 07:53:24.565	Area Load Test	081234560286	AKTIF
2289	loadtest_user_287	loadtest_user_287@loadtest.com	$2b$10$HDSp0PRVbrOOVq/bcPIGDOxWt1no.v7clq6kpXiIEAgK/yXD1o8DS	TEKNISI	t	2026-06-02 07:53:24.565	Area Load Test	081234560287	AKTIF
2290	loadtest_user_288	loadtest_user_288@loadtest.com	$2b$10$HDSp0PRVbrOOVq/bcPIGDOxWt1no.v7clq6kpXiIEAgK/yXD1o8DS	TEKNISI	t	2026-06-02 07:53:24.565	Area Load Test	081234560288	AKTIF
2291	loadtest_user_289	loadtest_user_289@loadtest.com	$2b$10$HDSp0PRVbrOOVq/bcPIGDOxWt1no.v7clq6kpXiIEAgK/yXD1o8DS	TEKNISI	t	2026-06-02 07:53:24.565	Area Load Test	081234560289	AKTIF
2292	loadtest_user_290	loadtest_user_290@loadtest.com	$2b$10$HDSp0PRVbrOOVq/bcPIGDOxWt1no.v7clq6kpXiIEAgK/yXD1o8DS	TEKNISI	t	2026-06-02 07:53:24.565	Area Load Test	081234560290	AKTIF
2293	loadtest_user_291	loadtest_user_291@loadtest.com	$2b$10$HDSp0PRVbrOOVq/bcPIGDOxWt1no.v7clq6kpXiIEAgK/yXD1o8DS	TEKNISI	t	2026-06-02 07:53:24.565	Area Load Test	081234560291	AKTIF
2294	loadtest_user_292	loadtest_user_292@loadtest.com	$2b$10$HDSp0PRVbrOOVq/bcPIGDOxWt1no.v7clq6kpXiIEAgK/yXD1o8DS	TEKNISI	t	2026-06-02 07:53:24.565	Area Load Test	081234560292	AKTIF
2295	loadtest_user_293	loadtest_user_293@loadtest.com	$2b$10$HDSp0PRVbrOOVq/bcPIGDOxWt1no.v7clq6kpXiIEAgK/yXD1o8DS	TEKNISI	t	2026-06-02 07:53:24.565	Area Load Test	081234560293	AKTIF
2296	loadtest_user_294	loadtest_user_294@loadtest.com	$2b$10$HDSp0PRVbrOOVq/bcPIGDOxWt1no.v7clq6kpXiIEAgK/yXD1o8DS	TEKNISI	t	2026-06-02 07:53:24.565	Area Load Test	081234560294	AKTIF
2297	loadtest_user_295	loadtest_user_295@loadtest.com	$2b$10$HDSp0PRVbrOOVq/bcPIGDOxWt1no.v7clq6kpXiIEAgK/yXD1o8DS	TEKNISI	t	2026-06-02 07:53:24.565	Area Load Test	081234560295	AKTIF
2298	loadtest_user_296	loadtest_user_296@loadtest.com	$2b$10$HDSp0PRVbrOOVq/bcPIGDOxWt1no.v7clq6kpXiIEAgK/yXD1o8DS	TEKNISI	t	2026-06-02 07:53:24.565	Area Load Test	081234560296	AKTIF
2299	loadtest_user_297	loadtest_user_297@loadtest.com	$2b$10$HDSp0PRVbrOOVq/bcPIGDOxWt1no.v7clq6kpXiIEAgK/yXD1o8DS	TEKNISI	t	2026-06-02 07:53:24.565	Area Load Test	081234560297	AKTIF
2300	loadtest_user_298	loadtest_user_298@loadtest.com	$2b$10$HDSp0PRVbrOOVq/bcPIGDOxWt1no.v7clq6kpXiIEAgK/yXD1o8DS	TEKNISI	t	2026-06-02 07:53:24.565	Area Load Test	081234560298	AKTIF
2301	loadtest_user_299	loadtest_user_299@loadtest.com	$2b$10$HDSp0PRVbrOOVq/bcPIGDOxWt1no.v7clq6kpXiIEAgK/yXD1o8DS	TEKNISI	t	2026-06-02 07:53:24.565	Area Load Test	081234560299	AKTIF
2302	loadtest_user_300	loadtest_user_300@loadtest.com	$2b$10$HDSp0PRVbrOOVq/bcPIGDOxWt1no.v7clq6kpXiIEAgK/yXD1o8DS	TEKNISI	t	2026-06-02 07:53:24.565	Area Load Test	081234560300	AKTIF
2303	loadtest_user_301	loadtest_user_301@loadtest.com	$2b$10$HDSp0PRVbrOOVq/bcPIGDOxWt1no.v7clq6kpXiIEAgK/yXD1o8DS	TEKNISI	t	2026-06-02 07:53:24.565	Area Load Test	081234560301	AKTIF
2304	loadtest_user_302	loadtest_user_302@loadtest.com	$2b$10$HDSp0PRVbrOOVq/bcPIGDOxWt1no.v7clq6kpXiIEAgK/yXD1o8DS	TEKNISI	t	2026-06-02 07:53:24.565	Area Load Test	081234560302	AKTIF
2305	loadtest_user_303	loadtest_user_303@loadtest.com	$2b$10$HDSp0PRVbrOOVq/bcPIGDOxWt1no.v7clq6kpXiIEAgK/yXD1o8DS	TEKNISI	t	2026-06-02 07:53:24.565	Area Load Test	081234560303	AKTIF
2306	loadtest_user_304	loadtest_user_304@loadtest.com	$2b$10$HDSp0PRVbrOOVq/bcPIGDOxWt1no.v7clq6kpXiIEAgK/yXD1o8DS	TEKNISI	t	2026-06-02 07:53:24.565	Area Load Test	081234560304	AKTIF
2307	loadtest_user_305	loadtest_user_305@loadtest.com	$2b$10$HDSp0PRVbrOOVq/bcPIGDOxWt1no.v7clq6kpXiIEAgK/yXD1o8DS	TEKNISI	t	2026-06-02 07:53:24.565	Area Load Test	081234560305	AKTIF
2308	loadtest_user_306	loadtest_user_306@loadtest.com	$2b$10$HDSp0PRVbrOOVq/bcPIGDOxWt1no.v7clq6kpXiIEAgK/yXD1o8DS	TEKNISI	t	2026-06-02 07:53:24.565	Area Load Test	081234560306	AKTIF
2309	loadtest_user_307	loadtest_user_307@loadtest.com	$2b$10$HDSp0PRVbrOOVq/bcPIGDOxWt1no.v7clq6kpXiIEAgK/yXD1o8DS	TEKNISI	t	2026-06-02 07:53:24.565	Area Load Test	081234560307	AKTIF
2310	loadtest_user_308	loadtest_user_308@loadtest.com	$2b$10$HDSp0PRVbrOOVq/bcPIGDOxWt1no.v7clq6kpXiIEAgK/yXD1o8DS	TEKNISI	t	2026-06-02 07:53:24.565	Area Load Test	081234560308	AKTIF
2311	loadtest_user_309	loadtest_user_309@loadtest.com	$2b$10$HDSp0PRVbrOOVq/bcPIGDOxWt1no.v7clq6kpXiIEAgK/yXD1o8DS	TEKNISI	t	2026-06-02 07:53:24.565	Area Load Test	081234560309	AKTIF
2312	loadtest_user_310	loadtest_user_310@loadtest.com	$2b$10$HDSp0PRVbrOOVq/bcPIGDOxWt1no.v7clq6kpXiIEAgK/yXD1o8DS	TEKNISI	t	2026-06-02 07:53:24.565	Area Load Test	081234560310	AKTIF
2313	loadtest_user_311	loadtest_user_311@loadtest.com	$2b$10$HDSp0PRVbrOOVq/bcPIGDOxWt1no.v7clq6kpXiIEAgK/yXD1o8DS	TEKNISI	t	2026-06-02 07:53:24.565	Area Load Test	081234560311	AKTIF
2314	loadtest_user_312	loadtest_user_312@loadtest.com	$2b$10$HDSp0PRVbrOOVq/bcPIGDOxWt1no.v7clq6kpXiIEAgK/yXD1o8DS	TEKNISI	t	2026-06-02 07:53:24.565	Area Load Test	081234560312	AKTIF
2315	loadtest_user_313	loadtest_user_313@loadtest.com	$2b$10$HDSp0PRVbrOOVq/bcPIGDOxWt1no.v7clq6kpXiIEAgK/yXD1o8DS	TEKNISI	t	2026-06-02 07:53:24.565	Area Load Test	081234560313	AKTIF
2316	loadtest_user_314	loadtest_user_314@loadtest.com	$2b$10$HDSp0PRVbrOOVq/bcPIGDOxWt1no.v7clq6kpXiIEAgK/yXD1o8DS	TEKNISI	t	2026-06-02 07:53:24.565	Area Load Test	081234560314	AKTIF
2317	loadtest_user_315	loadtest_user_315@loadtest.com	$2b$10$HDSp0PRVbrOOVq/bcPIGDOxWt1no.v7clq6kpXiIEAgK/yXD1o8DS	TEKNISI	t	2026-06-02 07:53:24.565	Area Load Test	081234560315	AKTIF
2318	loadtest_user_316	loadtest_user_316@loadtest.com	$2b$10$HDSp0PRVbrOOVq/bcPIGDOxWt1no.v7clq6kpXiIEAgK/yXD1o8DS	TEKNISI	t	2026-06-02 07:53:24.565	Area Load Test	081234560316	AKTIF
2319	loadtest_user_317	loadtest_user_317@loadtest.com	$2b$10$HDSp0PRVbrOOVq/bcPIGDOxWt1no.v7clq6kpXiIEAgK/yXD1o8DS	TEKNISI	t	2026-06-02 07:53:24.565	Area Load Test	081234560317	AKTIF
2320	loadtest_user_318	loadtest_user_318@loadtest.com	$2b$10$HDSp0PRVbrOOVq/bcPIGDOxWt1no.v7clq6kpXiIEAgK/yXD1o8DS	TEKNISI	t	2026-06-02 07:53:24.565	Area Load Test	081234560318	AKTIF
2321	loadtest_user_319	loadtest_user_319@loadtest.com	$2b$10$HDSp0PRVbrOOVq/bcPIGDOxWt1no.v7clq6kpXiIEAgK/yXD1o8DS	TEKNISI	t	2026-06-02 07:53:24.565	Area Load Test	081234560319	AKTIF
2322	loadtest_user_320	loadtest_user_320@loadtest.com	$2b$10$HDSp0PRVbrOOVq/bcPIGDOxWt1no.v7clq6kpXiIEAgK/yXD1o8DS	TEKNISI	t	2026-06-02 07:53:24.565	Area Load Test	081234560320	AKTIF
2323	loadtest_user_321	loadtest_user_321@loadtest.com	$2b$10$HDSp0PRVbrOOVq/bcPIGDOxWt1no.v7clq6kpXiIEAgK/yXD1o8DS	TEKNISI	t	2026-06-02 07:53:24.565	Area Load Test	081234560321	AKTIF
2324	loadtest_user_322	loadtest_user_322@loadtest.com	$2b$10$HDSp0PRVbrOOVq/bcPIGDOxWt1no.v7clq6kpXiIEAgK/yXD1o8DS	TEKNISI	t	2026-06-02 07:53:24.565	Area Load Test	081234560322	AKTIF
2325	loadtest_user_323	loadtest_user_323@loadtest.com	$2b$10$HDSp0PRVbrOOVq/bcPIGDOxWt1no.v7clq6kpXiIEAgK/yXD1o8DS	TEKNISI	t	2026-06-02 07:53:24.565	Area Load Test	081234560323	AKTIF
2326	loadtest_user_324	loadtest_user_324@loadtest.com	$2b$10$HDSp0PRVbrOOVq/bcPIGDOxWt1no.v7clq6kpXiIEAgK/yXD1o8DS	TEKNISI	t	2026-06-02 07:53:24.565	Area Load Test	081234560324	AKTIF
2327	loadtest_user_325	loadtest_user_325@loadtest.com	$2b$10$HDSp0PRVbrOOVq/bcPIGDOxWt1no.v7clq6kpXiIEAgK/yXD1o8DS	TEKNISI	t	2026-06-02 07:53:24.565	Area Load Test	081234560325	AKTIF
2328	loadtest_user_326	loadtest_user_326@loadtest.com	$2b$10$HDSp0PRVbrOOVq/bcPIGDOxWt1no.v7clq6kpXiIEAgK/yXD1o8DS	TEKNISI	t	2026-06-02 07:53:24.565	Area Load Test	081234560326	AKTIF
2329	loadtest_user_327	loadtest_user_327@loadtest.com	$2b$10$HDSp0PRVbrOOVq/bcPIGDOxWt1no.v7clq6kpXiIEAgK/yXD1o8DS	TEKNISI	t	2026-06-02 07:53:24.565	Area Load Test	081234560327	AKTIF
2330	loadtest_user_328	loadtest_user_328@loadtest.com	$2b$10$HDSp0PRVbrOOVq/bcPIGDOxWt1no.v7clq6kpXiIEAgK/yXD1o8DS	TEKNISI	t	2026-06-02 07:53:24.565	Area Load Test	081234560328	AKTIF
2331	loadtest_user_329	loadtest_user_329@loadtest.com	$2b$10$HDSp0PRVbrOOVq/bcPIGDOxWt1no.v7clq6kpXiIEAgK/yXD1o8DS	TEKNISI	t	2026-06-02 07:53:24.565	Area Load Test	081234560329	AKTIF
2332	loadtest_user_330	loadtest_user_330@loadtest.com	$2b$10$HDSp0PRVbrOOVq/bcPIGDOxWt1no.v7clq6kpXiIEAgK/yXD1o8DS	TEKNISI	t	2026-06-02 07:53:24.565	Area Load Test	081234560330	AKTIF
2333	loadtest_user_331	loadtest_user_331@loadtest.com	$2b$10$HDSp0PRVbrOOVq/bcPIGDOxWt1no.v7clq6kpXiIEAgK/yXD1o8DS	TEKNISI	t	2026-06-02 07:53:24.565	Area Load Test	081234560331	AKTIF
2334	loadtest_user_332	loadtest_user_332@loadtest.com	$2b$10$HDSp0PRVbrOOVq/bcPIGDOxWt1no.v7clq6kpXiIEAgK/yXD1o8DS	TEKNISI	t	2026-06-02 07:53:24.565	Area Load Test	081234560332	AKTIF
2335	loadtest_user_333	loadtest_user_333@loadtest.com	$2b$10$HDSp0PRVbrOOVq/bcPIGDOxWt1no.v7clq6kpXiIEAgK/yXD1o8DS	TEKNISI	t	2026-06-02 07:53:24.565	Area Load Test	081234560333	AKTIF
2336	loadtest_user_334	loadtest_user_334@loadtest.com	$2b$10$HDSp0PRVbrOOVq/bcPIGDOxWt1no.v7clq6kpXiIEAgK/yXD1o8DS	TEKNISI	t	2026-06-02 07:53:24.565	Area Load Test	081234560334	AKTIF
2337	loadtest_user_335	loadtest_user_335@loadtest.com	$2b$10$HDSp0PRVbrOOVq/bcPIGDOxWt1no.v7clq6kpXiIEAgK/yXD1o8DS	TEKNISI	t	2026-06-02 07:53:24.565	Area Load Test	081234560335	AKTIF
2338	loadtest_user_336	loadtest_user_336@loadtest.com	$2b$10$HDSp0PRVbrOOVq/bcPIGDOxWt1no.v7clq6kpXiIEAgK/yXD1o8DS	TEKNISI	t	2026-06-02 07:53:24.565	Area Load Test	081234560336	AKTIF
2339	loadtest_user_337	loadtest_user_337@loadtest.com	$2b$10$HDSp0PRVbrOOVq/bcPIGDOxWt1no.v7clq6kpXiIEAgK/yXD1o8DS	TEKNISI	t	2026-06-02 07:53:24.565	Area Load Test	081234560337	AKTIF
2340	loadtest_user_338	loadtest_user_338@loadtest.com	$2b$10$HDSp0PRVbrOOVq/bcPIGDOxWt1no.v7clq6kpXiIEAgK/yXD1o8DS	TEKNISI	t	2026-06-02 07:53:24.565	Area Load Test	081234560338	AKTIF
2341	loadtest_user_339	loadtest_user_339@loadtest.com	$2b$10$HDSp0PRVbrOOVq/bcPIGDOxWt1no.v7clq6kpXiIEAgK/yXD1o8DS	TEKNISI	t	2026-06-02 07:53:24.565	Area Load Test	081234560339	AKTIF
2342	loadtest_user_340	loadtest_user_340@loadtest.com	$2b$10$HDSp0PRVbrOOVq/bcPIGDOxWt1no.v7clq6kpXiIEAgK/yXD1o8DS	TEKNISI	t	2026-06-02 07:53:24.565	Area Load Test	081234560340	AKTIF
2343	loadtest_user_341	loadtest_user_341@loadtest.com	$2b$10$HDSp0PRVbrOOVq/bcPIGDOxWt1no.v7clq6kpXiIEAgK/yXD1o8DS	TEKNISI	t	2026-06-02 07:53:24.565	Area Load Test	081234560341	AKTIF
2344	loadtest_user_342	loadtest_user_342@loadtest.com	$2b$10$HDSp0PRVbrOOVq/bcPIGDOxWt1no.v7clq6kpXiIEAgK/yXD1o8DS	TEKNISI	t	2026-06-02 07:53:24.565	Area Load Test	081234560342	AKTIF
2345	loadtest_user_343	loadtest_user_343@loadtest.com	$2b$10$HDSp0PRVbrOOVq/bcPIGDOxWt1no.v7clq6kpXiIEAgK/yXD1o8DS	TEKNISI	t	2026-06-02 07:53:24.565	Area Load Test	081234560343	AKTIF
2346	loadtest_user_344	loadtest_user_344@loadtest.com	$2b$10$HDSp0PRVbrOOVq/bcPIGDOxWt1no.v7clq6kpXiIEAgK/yXD1o8DS	TEKNISI	t	2026-06-02 07:53:24.565	Area Load Test	081234560344	AKTIF
2347	loadtest_user_345	loadtest_user_345@loadtest.com	$2b$10$HDSp0PRVbrOOVq/bcPIGDOxWt1no.v7clq6kpXiIEAgK/yXD1o8DS	TEKNISI	t	2026-06-02 07:53:24.565	Area Load Test	081234560345	AKTIF
2348	loadtest_user_346	loadtest_user_346@loadtest.com	$2b$10$HDSp0PRVbrOOVq/bcPIGDOxWt1no.v7clq6kpXiIEAgK/yXD1o8DS	TEKNISI	t	2026-06-02 07:53:24.565	Area Load Test	081234560346	AKTIF
2349	loadtest_user_347	loadtest_user_347@loadtest.com	$2b$10$HDSp0PRVbrOOVq/bcPIGDOxWt1no.v7clq6kpXiIEAgK/yXD1o8DS	TEKNISI	t	2026-06-02 07:53:24.565	Area Load Test	081234560347	AKTIF
2350	loadtest_user_348	loadtest_user_348@loadtest.com	$2b$10$HDSp0PRVbrOOVq/bcPIGDOxWt1no.v7clq6kpXiIEAgK/yXD1o8DS	TEKNISI	t	2026-06-02 07:53:24.565	Area Load Test	081234560348	AKTIF
2351	loadtest_user_349	loadtest_user_349@loadtest.com	$2b$10$HDSp0PRVbrOOVq/bcPIGDOxWt1no.v7clq6kpXiIEAgK/yXD1o8DS	TEKNISI	t	2026-06-02 07:53:24.565	Area Load Test	081234560349	AKTIF
2352	loadtest_user_350	loadtest_user_350@loadtest.com	$2b$10$HDSp0PRVbrOOVq/bcPIGDOxWt1no.v7clq6kpXiIEAgK/yXD1o8DS	TEKNISI	t	2026-06-02 07:53:24.565	Area Load Test	081234560350	AKTIF
2353	loadtest_user_351	loadtest_user_351@loadtest.com	$2b$10$HDSp0PRVbrOOVq/bcPIGDOxWt1no.v7clq6kpXiIEAgK/yXD1o8DS	TEKNISI	t	2026-06-02 07:53:24.565	Area Load Test	081234560351	AKTIF
2354	loadtest_user_352	loadtest_user_352@loadtest.com	$2b$10$HDSp0PRVbrOOVq/bcPIGDOxWt1no.v7clq6kpXiIEAgK/yXD1o8DS	TEKNISI	t	2026-06-02 07:53:24.565	Area Load Test	081234560352	AKTIF
2355	loadtest_user_353	loadtest_user_353@loadtest.com	$2b$10$HDSp0PRVbrOOVq/bcPIGDOxWt1no.v7clq6kpXiIEAgK/yXD1o8DS	TEKNISI	t	2026-06-02 07:53:24.565	Area Load Test	081234560353	AKTIF
2356	loadtest_user_354	loadtest_user_354@loadtest.com	$2b$10$HDSp0PRVbrOOVq/bcPIGDOxWt1no.v7clq6kpXiIEAgK/yXD1o8DS	TEKNISI	t	2026-06-02 07:53:24.565	Area Load Test	081234560354	AKTIF
2357	loadtest_user_355	loadtest_user_355@loadtest.com	$2b$10$HDSp0PRVbrOOVq/bcPIGDOxWt1no.v7clq6kpXiIEAgK/yXD1o8DS	TEKNISI	t	2026-06-02 07:53:24.565	Area Load Test	081234560355	AKTIF
2358	loadtest_user_356	loadtest_user_356@loadtest.com	$2b$10$HDSp0PRVbrOOVq/bcPIGDOxWt1no.v7clq6kpXiIEAgK/yXD1o8DS	TEKNISI	t	2026-06-02 07:53:24.565	Area Load Test	081234560356	AKTIF
2359	loadtest_user_357	loadtest_user_357@loadtest.com	$2b$10$HDSp0PRVbrOOVq/bcPIGDOxWt1no.v7clq6kpXiIEAgK/yXD1o8DS	TEKNISI	t	2026-06-02 07:53:24.565	Area Load Test	081234560357	AKTIF
2360	loadtest_user_358	loadtest_user_358@loadtest.com	$2b$10$HDSp0PRVbrOOVq/bcPIGDOxWt1no.v7clq6kpXiIEAgK/yXD1o8DS	TEKNISI	t	2026-06-02 07:53:24.565	Area Load Test	081234560358	AKTIF
2361	loadtest_user_359	loadtest_user_359@loadtest.com	$2b$10$HDSp0PRVbrOOVq/bcPIGDOxWt1no.v7clq6kpXiIEAgK/yXD1o8DS	TEKNISI	t	2026-06-02 07:53:24.565	Area Load Test	081234560359	AKTIF
2362	loadtest_user_360	loadtest_user_360@loadtest.com	$2b$10$HDSp0PRVbrOOVq/bcPIGDOxWt1no.v7clq6kpXiIEAgK/yXD1o8DS	TEKNISI	t	2026-06-02 07:53:24.565	Area Load Test	081234560360	AKTIF
2363	loadtest_user_361	loadtest_user_361@loadtest.com	$2b$10$HDSp0PRVbrOOVq/bcPIGDOxWt1no.v7clq6kpXiIEAgK/yXD1o8DS	TEKNISI	t	2026-06-02 07:53:24.565	Area Load Test	081234560361	AKTIF
2364	loadtest_user_362	loadtest_user_362@loadtest.com	$2b$10$HDSp0PRVbrOOVq/bcPIGDOxWt1no.v7clq6kpXiIEAgK/yXD1o8DS	TEKNISI	t	2026-06-02 07:53:24.565	Area Load Test	081234560362	AKTIF
2365	loadtest_user_363	loadtest_user_363@loadtest.com	$2b$10$HDSp0PRVbrOOVq/bcPIGDOxWt1no.v7clq6kpXiIEAgK/yXD1o8DS	TEKNISI	t	2026-06-02 07:53:24.565	Area Load Test	081234560363	AKTIF
2366	loadtest_user_364	loadtest_user_364@loadtest.com	$2b$10$HDSp0PRVbrOOVq/bcPIGDOxWt1no.v7clq6kpXiIEAgK/yXD1o8DS	TEKNISI	t	2026-06-02 07:53:24.565	Area Load Test	081234560364	AKTIF
2367	loadtest_user_365	loadtest_user_365@loadtest.com	$2b$10$HDSp0PRVbrOOVq/bcPIGDOxWt1no.v7clq6kpXiIEAgK/yXD1o8DS	TEKNISI	t	2026-06-02 07:53:24.565	Area Load Test	081234560365	AKTIF
2368	loadtest_user_366	loadtest_user_366@loadtest.com	$2b$10$HDSp0PRVbrOOVq/bcPIGDOxWt1no.v7clq6kpXiIEAgK/yXD1o8DS	TEKNISI	t	2026-06-02 07:53:24.565	Area Load Test	081234560366	AKTIF
2369	loadtest_user_367	loadtest_user_367@loadtest.com	$2b$10$HDSp0PRVbrOOVq/bcPIGDOxWt1no.v7clq6kpXiIEAgK/yXD1o8DS	TEKNISI	t	2026-06-02 07:53:24.565	Area Load Test	081234560367	AKTIF
2370	loadtest_user_368	loadtest_user_368@loadtest.com	$2b$10$HDSp0PRVbrOOVq/bcPIGDOxWt1no.v7clq6kpXiIEAgK/yXD1o8DS	TEKNISI	t	2026-06-02 07:53:24.565	Area Load Test	081234560368	AKTIF
2371	loadtest_user_369	loadtest_user_369@loadtest.com	$2b$10$HDSp0PRVbrOOVq/bcPIGDOxWt1no.v7clq6kpXiIEAgK/yXD1o8DS	TEKNISI	t	2026-06-02 07:53:24.565	Area Load Test	081234560369	AKTIF
2372	loadtest_user_370	loadtest_user_370@loadtest.com	$2b$10$HDSp0PRVbrOOVq/bcPIGDOxWt1no.v7clq6kpXiIEAgK/yXD1o8DS	TEKNISI	t	2026-06-02 07:53:24.565	Area Load Test	081234560370	AKTIF
2373	loadtest_user_371	loadtest_user_371@loadtest.com	$2b$10$HDSp0PRVbrOOVq/bcPIGDOxWt1no.v7clq6kpXiIEAgK/yXD1o8DS	TEKNISI	t	2026-06-02 07:53:24.565	Area Load Test	081234560371	AKTIF
2374	loadtest_user_372	loadtest_user_372@loadtest.com	$2b$10$HDSp0PRVbrOOVq/bcPIGDOxWt1no.v7clq6kpXiIEAgK/yXD1o8DS	TEKNISI	t	2026-06-02 07:53:24.565	Area Load Test	081234560372	AKTIF
2375	loadtest_user_373	loadtest_user_373@loadtest.com	$2b$10$HDSp0PRVbrOOVq/bcPIGDOxWt1no.v7clq6kpXiIEAgK/yXD1o8DS	TEKNISI	t	2026-06-02 07:53:24.565	Area Load Test	081234560373	AKTIF
2376	loadtest_user_374	loadtest_user_374@loadtest.com	$2b$10$HDSp0PRVbrOOVq/bcPIGDOxWt1no.v7clq6kpXiIEAgK/yXD1o8DS	TEKNISI	t	2026-06-02 07:53:24.565	Area Load Test	081234560374	AKTIF
2377	loadtest_user_375	loadtest_user_375@loadtest.com	$2b$10$HDSp0PRVbrOOVq/bcPIGDOxWt1no.v7clq6kpXiIEAgK/yXD1o8DS	TEKNISI	t	2026-06-02 07:53:24.565	Area Load Test	081234560375	AKTIF
2378	loadtest_user_376	loadtest_user_376@loadtest.com	$2b$10$HDSp0PRVbrOOVq/bcPIGDOxWt1no.v7clq6kpXiIEAgK/yXD1o8DS	TEKNISI	t	2026-06-02 07:53:24.565	Area Load Test	081234560376	AKTIF
2379	loadtest_user_377	loadtest_user_377@loadtest.com	$2b$10$HDSp0PRVbrOOVq/bcPIGDOxWt1no.v7clq6kpXiIEAgK/yXD1o8DS	TEKNISI	t	2026-06-02 07:53:24.565	Area Load Test	081234560377	AKTIF
2380	loadtest_user_378	loadtest_user_378@loadtest.com	$2b$10$HDSp0PRVbrOOVq/bcPIGDOxWt1no.v7clq6kpXiIEAgK/yXD1o8DS	TEKNISI	t	2026-06-02 07:53:24.565	Area Load Test	081234560378	AKTIF
2381	loadtest_user_379	loadtest_user_379@loadtest.com	$2b$10$HDSp0PRVbrOOVq/bcPIGDOxWt1no.v7clq6kpXiIEAgK/yXD1o8DS	TEKNISI	t	2026-06-02 07:53:24.565	Area Load Test	081234560379	AKTIF
2382	loadtest_user_380	loadtest_user_380@loadtest.com	$2b$10$HDSp0PRVbrOOVq/bcPIGDOxWt1no.v7clq6kpXiIEAgK/yXD1o8DS	TEKNISI	t	2026-06-02 07:53:24.565	Area Load Test	081234560380	AKTIF
2383	loadtest_user_381	loadtest_user_381@loadtest.com	$2b$10$HDSp0PRVbrOOVq/bcPIGDOxWt1no.v7clq6kpXiIEAgK/yXD1o8DS	TEKNISI	t	2026-06-02 07:53:24.565	Area Load Test	081234560381	AKTIF
2384	loadtest_user_382	loadtest_user_382@loadtest.com	$2b$10$HDSp0PRVbrOOVq/bcPIGDOxWt1no.v7clq6kpXiIEAgK/yXD1o8DS	TEKNISI	t	2026-06-02 07:53:24.565	Area Load Test	081234560382	AKTIF
2385	loadtest_user_383	loadtest_user_383@loadtest.com	$2b$10$HDSp0PRVbrOOVq/bcPIGDOxWt1no.v7clq6kpXiIEAgK/yXD1o8DS	TEKNISI	t	2026-06-02 07:53:24.565	Area Load Test	081234560383	AKTIF
2386	loadtest_user_384	loadtest_user_384@loadtest.com	$2b$10$HDSp0PRVbrOOVq/bcPIGDOxWt1no.v7clq6kpXiIEAgK/yXD1o8DS	TEKNISI	t	2026-06-02 07:53:24.565	Area Load Test	081234560384	AKTIF
2387	loadtest_user_385	loadtest_user_385@loadtest.com	$2b$10$HDSp0PRVbrOOVq/bcPIGDOxWt1no.v7clq6kpXiIEAgK/yXD1o8DS	TEKNISI	t	2026-06-02 07:53:24.565	Area Load Test	081234560385	AKTIF
2388	loadtest_user_386	loadtest_user_386@loadtest.com	$2b$10$HDSp0PRVbrOOVq/bcPIGDOxWt1no.v7clq6kpXiIEAgK/yXD1o8DS	TEKNISI	t	2026-06-02 07:53:24.565	Area Load Test	081234560386	AKTIF
2389	loadtest_user_387	loadtest_user_387@loadtest.com	$2b$10$HDSp0PRVbrOOVq/bcPIGDOxWt1no.v7clq6kpXiIEAgK/yXD1o8DS	TEKNISI	t	2026-06-02 07:53:24.565	Area Load Test	081234560387	AKTIF
2390	loadtest_user_388	loadtest_user_388@loadtest.com	$2b$10$HDSp0PRVbrOOVq/bcPIGDOxWt1no.v7clq6kpXiIEAgK/yXD1o8DS	TEKNISI	t	2026-06-02 07:53:24.565	Area Load Test	081234560388	AKTIF
2391	loadtest_user_389	loadtest_user_389@loadtest.com	$2b$10$HDSp0PRVbrOOVq/bcPIGDOxWt1no.v7clq6kpXiIEAgK/yXD1o8DS	TEKNISI	t	2026-06-02 07:53:24.565	Area Load Test	081234560389	AKTIF
2392	loadtest_user_390	loadtest_user_390@loadtest.com	$2b$10$HDSp0PRVbrOOVq/bcPIGDOxWt1no.v7clq6kpXiIEAgK/yXD1o8DS	TEKNISI	t	2026-06-02 07:53:24.565	Area Load Test	081234560390	AKTIF
2393	loadtest_user_391	loadtest_user_391@loadtest.com	$2b$10$HDSp0PRVbrOOVq/bcPIGDOxWt1no.v7clq6kpXiIEAgK/yXD1o8DS	TEKNISI	t	2026-06-02 07:53:24.565	Area Load Test	081234560391	AKTIF
2394	loadtest_user_392	loadtest_user_392@loadtest.com	$2b$10$HDSp0PRVbrOOVq/bcPIGDOxWt1no.v7clq6kpXiIEAgK/yXD1o8DS	TEKNISI	t	2026-06-02 07:53:24.565	Area Load Test	081234560392	AKTIF
2395	loadtest_user_393	loadtest_user_393@loadtest.com	$2b$10$HDSp0PRVbrOOVq/bcPIGDOxWt1no.v7clq6kpXiIEAgK/yXD1o8DS	TEKNISI	t	2026-06-02 07:53:24.565	Area Load Test	081234560393	AKTIF
2396	loadtest_user_394	loadtest_user_394@loadtest.com	$2b$10$HDSp0PRVbrOOVq/bcPIGDOxWt1no.v7clq6kpXiIEAgK/yXD1o8DS	TEKNISI	t	2026-06-02 07:53:24.565	Area Load Test	081234560394	AKTIF
2397	loadtest_user_395	loadtest_user_395@loadtest.com	$2b$10$HDSp0PRVbrOOVq/bcPIGDOxWt1no.v7clq6kpXiIEAgK/yXD1o8DS	TEKNISI	t	2026-06-02 07:53:24.565	Area Load Test	081234560395	AKTIF
2398	loadtest_user_396	loadtest_user_396@loadtest.com	$2b$10$HDSp0PRVbrOOVq/bcPIGDOxWt1no.v7clq6kpXiIEAgK/yXD1o8DS	TEKNISI	t	2026-06-02 07:53:24.565	Area Load Test	081234560396	AKTIF
2399	loadtest_user_397	loadtest_user_397@loadtest.com	$2b$10$HDSp0PRVbrOOVq/bcPIGDOxWt1no.v7clq6kpXiIEAgK/yXD1o8DS	TEKNISI	t	2026-06-02 07:53:24.565	Area Load Test	081234560397	AKTIF
2400	loadtest_user_398	loadtest_user_398@loadtest.com	$2b$10$HDSp0PRVbrOOVq/bcPIGDOxWt1no.v7clq6kpXiIEAgK/yXD1o8DS	TEKNISI	t	2026-06-02 07:53:24.565	Area Load Test	081234560398	AKTIF
2401	loadtest_user_399	loadtest_user_399@loadtest.com	$2b$10$HDSp0PRVbrOOVq/bcPIGDOxWt1no.v7clq6kpXiIEAgK/yXD1o8DS	TEKNISI	t	2026-06-02 07:53:24.565	Area Load Test	081234560399	AKTIF
2402	loadtest_user_400	loadtest_user_400@loadtest.com	$2b$10$HDSp0PRVbrOOVq/bcPIGDOxWt1no.v7clq6kpXiIEAgK/yXD1o8DS	TEKNISI	t	2026-06-02 07:53:24.565	Area Load Test	081234560400	AKTIF
2403	loadtest_user_401	loadtest_user_401@loadtest.com	$2b$10$HDSp0PRVbrOOVq/bcPIGDOxWt1no.v7clq6kpXiIEAgK/yXD1o8DS	TEKNISI	t	2026-06-02 07:53:24.565	Area Load Test	081234560401	AKTIF
2404	loadtest_user_402	loadtest_user_402@loadtest.com	$2b$10$HDSp0PRVbrOOVq/bcPIGDOxWt1no.v7clq6kpXiIEAgK/yXD1o8DS	TEKNISI	t	2026-06-02 07:53:24.565	Area Load Test	081234560402	AKTIF
2405	loadtest_user_403	loadtest_user_403@loadtest.com	$2b$10$HDSp0PRVbrOOVq/bcPIGDOxWt1no.v7clq6kpXiIEAgK/yXD1o8DS	TEKNISI	t	2026-06-02 07:53:24.565	Area Load Test	081234560403	AKTIF
2406	loadtest_user_404	loadtest_user_404@loadtest.com	$2b$10$HDSp0PRVbrOOVq/bcPIGDOxWt1no.v7clq6kpXiIEAgK/yXD1o8DS	TEKNISI	t	2026-06-02 07:53:24.565	Area Load Test	081234560404	AKTIF
2407	loadtest_user_405	loadtest_user_405@loadtest.com	$2b$10$HDSp0PRVbrOOVq/bcPIGDOxWt1no.v7clq6kpXiIEAgK/yXD1o8DS	TEKNISI	t	2026-06-02 07:53:24.565	Area Load Test	081234560405	AKTIF
2408	loadtest_user_406	loadtest_user_406@loadtest.com	$2b$10$HDSp0PRVbrOOVq/bcPIGDOxWt1no.v7clq6kpXiIEAgK/yXD1o8DS	TEKNISI	t	2026-06-02 07:53:24.565	Area Load Test	081234560406	AKTIF
2409	loadtest_user_407	loadtest_user_407@loadtest.com	$2b$10$HDSp0PRVbrOOVq/bcPIGDOxWt1no.v7clq6kpXiIEAgK/yXD1o8DS	TEKNISI	t	2026-06-02 07:53:24.565	Area Load Test	081234560407	AKTIF
2410	loadtest_user_408	loadtest_user_408@loadtest.com	$2b$10$HDSp0PRVbrOOVq/bcPIGDOxWt1no.v7clq6kpXiIEAgK/yXD1o8DS	TEKNISI	t	2026-06-02 07:53:24.565	Area Load Test	081234560408	AKTIF
2411	loadtest_user_409	loadtest_user_409@loadtest.com	$2b$10$HDSp0PRVbrOOVq/bcPIGDOxWt1no.v7clq6kpXiIEAgK/yXD1o8DS	TEKNISI	t	2026-06-02 07:53:24.565	Area Load Test	081234560409	AKTIF
2412	loadtest_user_410	loadtest_user_410@loadtest.com	$2b$10$HDSp0PRVbrOOVq/bcPIGDOxWt1no.v7clq6kpXiIEAgK/yXD1o8DS	TEKNISI	t	2026-06-02 07:53:24.565	Area Load Test	081234560410	AKTIF
2413	loadtest_user_411	loadtest_user_411@loadtest.com	$2b$10$HDSp0PRVbrOOVq/bcPIGDOxWt1no.v7clq6kpXiIEAgK/yXD1o8DS	TEKNISI	t	2026-06-02 07:53:24.565	Area Load Test	081234560411	AKTIF
2414	loadtest_user_412	loadtest_user_412@loadtest.com	$2b$10$HDSp0PRVbrOOVq/bcPIGDOxWt1no.v7clq6kpXiIEAgK/yXD1o8DS	TEKNISI	t	2026-06-02 07:53:24.565	Area Load Test	081234560412	AKTIF
2415	loadtest_user_413	loadtest_user_413@loadtest.com	$2b$10$HDSp0PRVbrOOVq/bcPIGDOxWt1no.v7clq6kpXiIEAgK/yXD1o8DS	TEKNISI	t	2026-06-02 07:53:24.565	Area Load Test	081234560413	AKTIF
2416	loadtest_user_414	loadtest_user_414@loadtest.com	$2b$10$HDSp0PRVbrOOVq/bcPIGDOxWt1no.v7clq6kpXiIEAgK/yXD1o8DS	TEKNISI	t	2026-06-02 07:53:24.565	Area Load Test	081234560414	AKTIF
2417	loadtest_user_415	loadtest_user_415@loadtest.com	$2b$10$HDSp0PRVbrOOVq/bcPIGDOxWt1no.v7clq6kpXiIEAgK/yXD1o8DS	TEKNISI	t	2026-06-02 07:53:24.565	Area Load Test	081234560415	AKTIF
2418	loadtest_user_416	loadtest_user_416@loadtest.com	$2b$10$HDSp0PRVbrOOVq/bcPIGDOxWt1no.v7clq6kpXiIEAgK/yXD1o8DS	TEKNISI	t	2026-06-02 07:53:24.565	Area Load Test	081234560416	AKTIF
2419	loadtest_user_417	loadtest_user_417@loadtest.com	$2b$10$HDSp0PRVbrOOVq/bcPIGDOxWt1no.v7clq6kpXiIEAgK/yXD1o8DS	TEKNISI	t	2026-06-02 07:53:24.565	Area Load Test	081234560417	AKTIF
2420	loadtest_user_418	loadtest_user_418@loadtest.com	$2b$10$HDSp0PRVbrOOVq/bcPIGDOxWt1no.v7clq6kpXiIEAgK/yXD1o8DS	TEKNISI	t	2026-06-02 07:53:24.565	Area Load Test	081234560418	AKTIF
2421	loadtest_user_419	loadtest_user_419@loadtest.com	$2b$10$HDSp0PRVbrOOVq/bcPIGDOxWt1no.v7clq6kpXiIEAgK/yXD1o8DS	TEKNISI	t	2026-06-02 07:53:24.565	Area Load Test	081234560419	AKTIF
2422	loadtest_user_420	loadtest_user_420@loadtest.com	$2b$10$HDSp0PRVbrOOVq/bcPIGDOxWt1no.v7clq6kpXiIEAgK/yXD1o8DS	TEKNISI	t	2026-06-02 07:53:24.565	Area Load Test	081234560420	AKTIF
2423	loadtest_user_421	loadtest_user_421@loadtest.com	$2b$10$HDSp0PRVbrOOVq/bcPIGDOxWt1no.v7clq6kpXiIEAgK/yXD1o8DS	TEKNISI	t	2026-06-02 07:53:24.565	Area Load Test	081234560421	AKTIF
2424	loadtest_user_422	loadtest_user_422@loadtest.com	$2b$10$HDSp0PRVbrOOVq/bcPIGDOxWt1no.v7clq6kpXiIEAgK/yXD1o8DS	TEKNISI	t	2026-06-02 07:53:24.565	Area Load Test	081234560422	AKTIF
2425	loadtest_user_423	loadtest_user_423@loadtest.com	$2b$10$HDSp0PRVbrOOVq/bcPIGDOxWt1no.v7clq6kpXiIEAgK/yXD1o8DS	TEKNISI	t	2026-06-02 07:53:24.565	Area Load Test	081234560423	AKTIF
2426	loadtest_user_424	loadtest_user_424@loadtest.com	$2b$10$HDSp0PRVbrOOVq/bcPIGDOxWt1no.v7clq6kpXiIEAgK/yXD1o8DS	TEKNISI	t	2026-06-02 07:53:24.565	Area Load Test	081234560424	AKTIF
2427	loadtest_user_425	loadtest_user_425@loadtest.com	$2b$10$HDSp0PRVbrOOVq/bcPIGDOxWt1no.v7clq6kpXiIEAgK/yXD1o8DS	TEKNISI	t	2026-06-02 07:53:24.565	Area Load Test	081234560425	AKTIF
2428	loadtest_user_426	loadtest_user_426@loadtest.com	$2b$10$HDSp0PRVbrOOVq/bcPIGDOxWt1no.v7clq6kpXiIEAgK/yXD1o8DS	TEKNISI	t	2026-06-02 07:53:24.565	Area Load Test	081234560426	AKTIF
2429	loadtest_user_427	loadtest_user_427@loadtest.com	$2b$10$HDSp0PRVbrOOVq/bcPIGDOxWt1no.v7clq6kpXiIEAgK/yXD1o8DS	TEKNISI	t	2026-06-02 07:53:24.565	Area Load Test	081234560427	AKTIF
2430	loadtest_user_428	loadtest_user_428@loadtest.com	$2b$10$HDSp0PRVbrOOVq/bcPIGDOxWt1no.v7clq6kpXiIEAgK/yXD1o8DS	TEKNISI	t	2026-06-02 07:53:24.565	Area Load Test	081234560428	AKTIF
2431	loadtest_user_429	loadtest_user_429@loadtest.com	$2b$10$HDSp0PRVbrOOVq/bcPIGDOxWt1no.v7clq6kpXiIEAgK/yXD1o8DS	TEKNISI	t	2026-06-02 07:53:24.565	Area Load Test	081234560429	AKTIF
2432	loadtest_user_430	loadtest_user_430@loadtest.com	$2b$10$HDSp0PRVbrOOVq/bcPIGDOxWt1no.v7clq6kpXiIEAgK/yXD1o8DS	TEKNISI	t	2026-06-02 07:53:24.565	Area Load Test	081234560430	AKTIF
2433	loadtest_user_431	loadtest_user_431@loadtest.com	$2b$10$HDSp0PRVbrOOVq/bcPIGDOxWt1no.v7clq6kpXiIEAgK/yXD1o8DS	TEKNISI	t	2026-06-02 07:53:24.565	Area Load Test	081234560431	AKTIF
2434	loadtest_user_432	loadtest_user_432@loadtest.com	$2b$10$HDSp0PRVbrOOVq/bcPIGDOxWt1no.v7clq6kpXiIEAgK/yXD1o8DS	TEKNISI	t	2026-06-02 07:53:24.565	Area Load Test	081234560432	AKTIF
2435	loadtest_user_433	loadtest_user_433@loadtest.com	$2b$10$HDSp0PRVbrOOVq/bcPIGDOxWt1no.v7clq6kpXiIEAgK/yXD1o8DS	TEKNISI	t	2026-06-02 07:53:24.565	Area Load Test	081234560433	AKTIF
2436	loadtest_user_434	loadtest_user_434@loadtest.com	$2b$10$HDSp0PRVbrOOVq/bcPIGDOxWt1no.v7clq6kpXiIEAgK/yXD1o8DS	TEKNISI	t	2026-06-02 07:53:24.565	Area Load Test	081234560434	AKTIF
2437	loadtest_user_435	loadtest_user_435@loadtest.com	$2b$10$HDSp0PRVbrOOVq/bcPIGDOxWt1no.v7clq6kpXiIEAgK/yXD1o8DS	TEKNISI	t	2026-06-02 07:53:24.565	Area Load Test	081234560435	AKTIF
2438	loadtest_user_436	loadtest_user_436@loadtest.com	$2b$10$HDSp0PRVbrOOVq/bcPIGDOxWt1no.v7clq6kpXiIEAgK/yXD1o8DS	TEKNISI	t	2026-06-02 07:53:24.565	Area Load Test	081234560436	AKTIF
2439	loadtest_user_437	loadtest_user_437@loadtest.com	$2b$10$HDSp0PRVbrOOVq/bcPIGDOxWt1no.v7clq6kpXiIEAgK/yXD1o8DS	TEKNISI	t	2026-06-02 07:53:24.565	Area Load Test	081234560437	AKTIF
2440	loadtest_user_438	loadtest_user_438@loadtest.com	$2b$10$HDSp0PRVbrOOVq/bcPIGDOxWt1no.v7clq6kpXiIEAgK/yXD1o8DS	TEKNISI	t	2026-06-02 07:53:24.565	Area Load Test	081234560438	AKTIF
2441	loadtest_user_439	loadtest_user_439@loadtest.com	$2b$10$HDSp0PRVbrOOVq/bcPIGDOxWt1no.v7clq6kpXiIEAgK/yXD1o8DS	TEKNISI	t	2026-06-02 07:53:24.565	Area Load Test	081234560439	AKTIF
2442	loadtest_user_440	loadtest_user_440@loadtest.com	$2b$10$HDSp0PRVbrOOVq/bcPIGDOxWt1no.v7clq6kpXiIEAgK/yXD1o8DS	TEKNISI	t	2026-06-02 07:53:24.565	Area Load Test	081234560440	AKTIF
2443	loadtest_user_441	loadtest_user_441@loadtest.com	$2b$10$HDSp0PRVbrOOVq/bcPIGDOxWt1no.v7clq6kpXiIEAgK/yXD1o8DS	TEKNISI	t	2026-06-02 07:53:24.565	Area Load Test	081234560441	AKTIF
2444	loadtest_user_442	loadtest_user_442@loadtest.com	$2b$10$HDSp0PRVbrOOVq/bcPIGDOxWt1no.v7clq6kpXiIEAgK/yXD1o8DS	TEKNISI	t	2026-06-02 07:53:24.565	Area Load Test	081234560442	AKTIF
2445	loadtest_user_443	loadtest_user_443@loadtest.com	$2b$10$HDSp0PRVbrOOVq/bcPIGDOxWt1no.v7clq6kpXiIEAgK/yXD1o8DS	TEKNISI	t	2026-06-02 07:53:24.565	Area Load Test	081234560443	AKTIF
2446	loadtest_user_444	loadtest_user_444@loadtest.com	$2b$10$HDSp0PRVbrOOVq/bcPIGDOxWt1no.v7clq6kpXiIEAgK/yXD1o8DS	TEKNISI	t	2026-06-02 07:53:24.565	Area Load Test	081234560444	AKTIF
2447	loadtest_user_445	loadtest_user_445@loadtest.com	$2b$10$HDSp0PRVbrOOVq/bcPIGDOxWt1no.v7clq6kpXiIEAgK/yXD1o8DS	TEKNISI	t	2026-06-02 07:53:24.565	Area Load Test	081234560445	AKTIF
2448	loadtest_user_446	loadtest_user_446@loadtest.com	$2b$10$HDSp0PRVbrOOVq/bcPIGDOxWt1no.v7clq6kpXiIEAgK/yXD1o8DS	TEKNISI	t	2026-06-02 07:53:24.565	Area Load Test	081234560446	AKTIF
2449	loadtest_user_447	loadtest_user_447@loadtest.com	$2b$10$HDSp0PRVbrOOVq/bcPIGDOxWt1no.v7clq6kpXiIEAgK/yXD1o8DS	TEKNISI	t	2026-06-02 07:53:24.565	Area Load Test	081234560447	AKTIF
2450	loadtest_user_448	loadtest_user_448@loadtest.com	$2b$10$HDSp0PRVbrOOVq/bcPIGDOxWt1no.v7clq6kpXiIEAgK/yXD1o8DS	TEKNISI	t	2026-06-02 07:53:24.565	Area Load Test	081234560448	AKTIF
2451	loadtest_user_449	loadtest_user_449@loadtest.com	$2b$10$HDSp0PRVbrOOVq/bcPIGDOxWt1no.v7clq6kpXiIEAgK/yXD1o8DS	TEKNISI	t	2026-06-02 07:53:24.565	Area Load Test	081234560449	AKTIF
2452	loadtest_user_450	loadtest_user_450@loadtest.com	$2b$10$HDSp0PRVbrOOVq/bcPIGDOxWt1no.v7clq6kpXiIEAgK/yXD1o8DS	TEKNISI	t	2026-06-02 07:53:24.565	Area Load Test	081234560450	AKTIF
2453	loadtest_user_451	loadtest_user_451@loadtest.com	$2b$10$HDSp0PRVbrOOVq/bcPIGDOxWt1no.v7clq6kpXiIEAgK/yXD1o8DS	TEKNISI	t	2026-06-02 07:53:24.565	Area Load Test	081234560451	AKTIF
2454	loadtest_user_452	loadtest_user_452@loadtest.com	$2b$10$HDSp0PRVbrOOVq/bcPIGDOxWt1no.v7clq6kpXiIEAgK/yXD1o8DS	TEKNISI	t	2026-06-02 07:53:24.565	Area Load Test	081234560452	AKTIF
2455	loadtest_user_453	loadtest_user_453@loadtest.com	$2b$10$HDSp0PRVbrOOVq/bcPIGDOxWt1no.v7clq6kpXiIEAgK/yXD1o8DS	TEKNISI	t	2026-06-02 07:53:24.565	Area Load Test	081234560453	AKTIF
2456	loadtest_user_454	loadtest_user_454@loadtest.com	$2b$10$HDSp0PRVbrOOVq/bcPIGDOxWt1no.v7clq6kpXiIEAgK/yXD1o8DS	TEKNISI	t	2026-06-02 07:53:24.565	Area Load Test	081234560454	AKTIF
2457	loadtest_user_455	loadtest_user_455@loadtest.com	$2b$10$HDSp0PRVbrOOVq/bcPIGDOxWt1no.v7clq6kpXiIEAgK/yXD1o8DS	TEKNISI	t	2026-06-02 07:53:24.565	Area Load Test	081234560455	AKTIF
2458	loadtest_user_456	loadtest_user_456@loadtest.com	$2b$10$HDSp0PRVbrOOVq/bcPIGDOxWt1no.v7clq6kpXiIEAgK/yXD1o8DS	TEKNISI	t	2026-06-02 07:53:24.565	Area Load Test	081234560456	AKTIF
2459	loadtest_user_457	loadtest_user_457@loadtest.com	$2b$10$HDSp0PRVbrOOVq/bcPIGDOxWt1no.v7clq6kpXiIEAgK/yXD1o8DS	TEKNISI	t	2026-06-02 07:53:24.565	Area Load Test	081234560457	AKTIF
2460	loadtest_user_458	loadtest_user_458@loadtest.com	$2b$10$HDSp0PRVbrOOVq/bcPIGDOxWt1no.v7clq6kpXiIEAgK/yXD1o8DS	TEKNISI	t	2026-06-02 07:53:24.565	Area Load Test	081234560458	AKTIF
2461	loadtest_user_459	loadtest_user_459@loadtest.com	$2b$10$HDSp0PRVbrOOVq/bcPIGDOxWt1no.v7clq6kpXiIEAgK/yXD1o8DS	TEKNISI	t	2026-06-02 07:53:24.565	Area Load Test	081234560459	AKTIF
2462	loadtest_user_460	loadtest_user_460@loadtest.com	$2b$10$HDSp0PRVbrOOVq/bcPIGDOxWt1no.v7clq6kpXiIEAgK/yXD1o8DS	TEKNISI	t	2026-06-02 07:53:24.565	Area Load Test	081234560460	AKTIF
2463	loadtest_user_461	loadtest_user_461@loadtest.com	$2b$10$HDSp0PRVbrOOVq/bcPIGDOxWt1no.v7clq6kpXiIEAgK/yXD1o8DS	TEKNISI	t	2026-06-02 07:53:24.565	Area Load Test	081234560461	AKTIF
2464	loadtest_user_462	loadtest_user_462@loadtest.com	$2b$10$HDSp0PRVbrOOVq/bcPIGDOxWt1no.v7clq6kpXiIEAgK/yXD1o8DS	TEKNISI	t	2026-06-02 07:53:24.565	Area Load Test	081234560462	AKTIF
2465	loadtest_user_463	loadtest_user_463@loadtest.com	$2b$10$HDSp0PRVbrOOVq/bcPIGDOxWt1no.v7clq6kpXiIEAgK/yXD1o8DS	TEKNISI	t	2026-06-02 07:53:24.565	Area Load Test	081234560463	AKTIF
2466	loadtest_user_464	loadtest_user_464@loadtest.com	$2b$10$HDSp0PRVbrOOVq/bcPIGDOxWt1no.v7clq6kpXiIEAgK/yXD1o8DS	TEKNISI	t	2026-06-02 07:53:24.565	Area Load Test	081234560464	AKTIF
2467	loadtest_user_465	loadtest_user_465@loadtest.com	$2b$10$HDSp0PRVbrOOVq/bcPIGDOxWt1no.v7clq6kpXiIEAgK/yXD1o8DS	TEKNISI	t	2026-06-02 07:53:24.565	Area Load Test	081234560465	AKTIF
2468	loadtest_user_466	loadtest_user_466@loadtest.com	$2b$10$HDSp0PRVbrOOVq/bcPIGDOxWt1no.v7clq6kpXiIEAgK/yXD1o8DS	TEKNISI	t	2026-06-02 07:53:24.565	Area Load Test	081234560466	AKTIF
2469	loadtest_user_467	loadtest_user_467@loadtest.com	$2b$10$HDSp0PRVbrOOVq/bcPIGDOxWt1no.v7clq6kpXiIEAgK/yXD1o8DS	TEKNISI	t	2026-06-02 07:53:24.565	Area Load Test	081234560467	AKTIF
2470	loadtest_user_468	loadtest_user_468@loadtest.com	$2b$10$HDSp0PRVbrOOVq/bcPIGDOxWt1no.v7clq6kpXiIEAgK/yXD1o8DS	TEKNISI	t	2026-06-02 07:53:24.565	Area Load Test	081234560468	AKTIF
2471	loadtest_user_469	loadtest_user_469@loadtest.com	$2b$10$HDSp0PRVbrOOVq/bcPIGDOxWt1no.v7clq6kpXiIEAgK/yXD1o8DS	TEKNISI	t	2026-06-02 07:53:24.565	Area Load Test	081234560469	AKTIF
2472	loadtest_user_470	loadtest_user_470@loadtest.com	$2b$10$HDSp0PRVbrOOVq/bcPIGDOxWt1no.v7clq6kpXiIEAgK/yXD1o8DS	TEKNISI	t	2026-06-02 07:53:24.565	Area Load Test	081234560470	AKTIF
2473	loadtest_user_471	loadtest_user_471@loadtest.com	$2b$10$HDSp0PRVbrOOVq/bcPIGDOxWt1no.v7clq6kpXiIEAgK/yXD1o8DS	TEKNISI	t	2026-06-02 07:53:24.565	Area Load Test	081234560471	AKTIF
2474	loadtest_user_472	loadtest_user_472@loadtest.com	$2b$10$HDSp0PRVbrOOVq/bcPIGDOxWt1no.v7clq6kpXiIEAgK/yXD1o8DS	TEKNISI	t	2026-06-02 07:53:24.565	Area Load Test	081234560472	AKTIF
2475	loadtest_user_473	loadtest_user_473@loadtest.com	$2b$10$HDSp0PRVbrOOVq/bcPIGDOxWt1no.v7clq6kpXiIEAgK/yXD1o8DS	TEKNISI	t	2026-06-02 07:53:24.565	Area Load Test	081234560473	AKTIF
2476	loadtest_user_474	loadtest_user_474@loadtest.com	$2b$10$HDSp0PRVbrOOVq/bcPIGDOxWt1no.v7clq6kpXiIEAgK/yXD1o8DS	TEKNISI	t	2026-06-02 07:53:24.565	Area Load Test	081234560474	AKTIF
2477	loadtest_user_475	loadtest_user_475@loadtest.com	$2b$10$HDSp0PRVbrOOVq/bcPIGDOxWt1no.v7clq6kpXiIEAgK/yXD1o8DS	TEKNISI	t	2026-06-02 07:53:24.565	Area Load Test	081234560475	AKTIF
2478	loadtest_user_476	loadtest_user_476@loadtest.com	$2b$10$HDSp0PRVbrOOVq/bcPIGDOxWt1no.v7clq6kpXiIEAgK/yXD1o8DS	TEKNISI	t	2026-06-02 07:53:24.565	Area Load Test	081234560476	AKTIF
2479	loadtest_user_477	loadtest_user_477@loadtest.com	$2b$10$HDSp0PRVbrOOVq/bcPIGDOxWt1no.v7clq6kpXiIEAgK/yXD1o8DS	TEKNISI	t	2026-06-02 07:53:24.565	Area Load Test	081234560477	AKTIF
2480	loadtest_user_478	loadtest_user_478@loadtest.com	$2b$10$HDSp0PRVbrOOVq/bcPIGDOxWt1no.v7clq6kpXiIEAgK/yXD1o8DS	TEKNISI	t	2026-06-02 07:53:24.565	Area Load Test	081234560478	AKTIF
2481	loadtest_user_479	loadtest_user_479@loadtest.com	$2b$10$HDSp0PRVbrOOVq/bcPIGDOxWt1no.v7clq6kpXiIEAgK/yXD1o8DS	TEKNISI	t	2026-06-02 07:53:24.565	Area Load Test	081234560479	AKTIF
2482	loadtest_user_480	loadtest_user_480@loadtest.com	$2b$10$HDSp0PRVbrOOVq/bcPIGDOxWt1no.v7clq6kpXiIEAgK/yXD1o8DS	TEKNISI	t	2026-06-02 07:53:24.565	Area Load Test	081234560480	AKTIF
2483	loadtest_user_481	loadtest_user_481@loadtest.com	$2b$10$HDSp0PRVbrOOVq/bcPIGDOxWt1no.v7clq6kpXiIEAgK/yXD1o8DS	TEKNISI	t	2026-06-02 07:53:24.565	Area Load Test	081234560481	AKTIF
2484	loadtest_user_482	loadtest_user_482@loadtest.com	$2b$10$HDSp0PRVbrOOVq/bcPIGDOxWt1no.v7clq6kpXiIEAgK/yXD1o8DS	TEKNISI	t	2026-06-02 07:53:24.565	Area Load Test	081234560482	AKTIF
2485	loadtest_user_483	loadtest_user_483@loadtest.com	$2b$10$HDSp0PRVbrOOVq/bcPIGDOxWt1no.v7clq6kpXiIEAgK/yXD1o8DS	TEKNISI	t	2026-06-02 07:53:24.565	Area Load Test	081234560483	AKTIF
2486	loadtest_user_484	loadtest_user_484@loadtest.com	$2b$10$HDSp0PRVbrOOVq/bcPIGDOxWt1no.v7clq6kpXiIEAgK/yXD1o8DS	TEKNISI	t	2026-06-02 07:53:24.565	Area Load Test	081234560484	AKTIF
2487	loadtest_user_485	loadtest_user_485@loadtest.com	$2b$10$HDSp0PRVbrOOVq/bcPIGDOxWt1no.v7clq6kpXiIEAgK/yXD1o8DS	TEKNISI	t	2026-06-02 07:53:24.565	Area Load Test	081234560485	AKTIF
2488	loadtest_user_486	loadtest_user_486@loadtest.com	$2b$10$HDSp0PRVbrOOVq/bcPIGDOxWt1no.v7clq6kpXiIEAgK/yXD1o8DS	TEKNISI	t	2026-06-02 07:53:24.565	Area Load Test	081234560486	AKTIF
2489	loadtest_user_487	loadtest_user_487@loadtest.com	$2b$10$HDSp0PRVbrOOVq/bcPIGDOxWt1no.v7clq6kpXiIEAgK/yXD1o8DS	TEKNISI	t	2026-06-02 07:53:24.565	Area Load Test	081234560487	AKTIF
2490	loadtest_user_488	loadtest_user_488@loadtest.com	$2b$10$HDSp0PRVbrOOVq/bcPIGDOxWt1no.v7clq6kpXiIEAgK/yXD1o8DS	TEKNISI	t	2026-06-02 07:53:24.565	Area Load Test	081234560488	AKTIF
2491	loadtest_user_489	loadtest_user_489@loadtest.com	$2b$10$HDSp0PRVbrOOVq/bcPIGDOxWt1no.v7clq6kpXiIEAgK/yXD1o8DS	TEKNISI	t	2026-06-02 07:53:24.565	Area Load Test	081234560489	AKTIF
2492	loadtest_user_490	loadtest_user_490@loadtest.com	$2b$10$HDSp0PRVbrOOVq/bcPIGDOxWt1no.v7clq6kpXiIEAgK/yXD1o8DS	TEKNISI	t	2026-06-02 07:53:24.565	Area Load Test	081234560490	AKTIF
2493	loadtest_user_491	loadtest_user_491@loadtest.com	$2b$10$HDSp0PRVbrOOVq/bcPIGDOxWt1no.v7clq6kpXiIEAgK/yXD1o8DS	TEKNISI	t	2026-06-02 07:53:24.565	Area Load Test	081234560491	AKTIF
2494	loadtest_user_492	loadtest_user_492@loadtest.com	$2b$10$HDSp0PRVbrOOVq/bcPIGDOxWt1no.v7clq6kpXiIEAgK/yXD1o8DS	TEKNISI	t	2026-06-02 07:53:24.565	Area Load Test	081234560492	AKTIF
2495	loadtest_user_493	loadtest_user_493@loadtest.com	$2b$10$HDSp0PRVbrOOVq/bcPIGDOxWt1no.v7clq6kpXiIEAgK/yXD1o8DS	TEKNISI	t	2026-06-02 07:53:24.565	Area Load Test	081234560493	AKTIF
2496	loadtest_user_494	loadtest_user_494@loadtest.com	$2b$10$HDSp0PRVbrOOVq/bcPIGDOxWt1no.v7clq6kpXiIEAgK/yXD1o8DS	TEKNISI	t	2026-06-02 07:53:24.565	Area Load Test	081234560494	AKTIF
2497	loadtest_user_495	loadtest_user_495@loadtest.com	$2b$10$HDSp0PRVbrOOVq/bcPIGDOxWt1no.v7clq6kpXiIEAgK/yXD1o8DS	TEKNISI	t	2026-06-02 07:53:24.565	Area Load Test	081234560495	AKTIF
2498	loadtest_user_496	loadtest_user_496@loadtest.com	$2b$10$HDSp0PRVbrOOVq/bcPIGDOxWt1no.v7clq6kpXiIEAgK/yXD1o8DS	TEKNISI	t	2026-06-02 07:53:24.565	Area Load Test	081234560496	AKTIF
2499	loadtest_user_497	loadtest_user_497@loadtest.com	$2b$10$HDSp0PRVbrOOVq/bcPIGDOxWt1no.v7clq6kpXiIEAgK/yXD1o8DS	TEKNISI	t	2026-06-02 07:53:24.565	Area Load Test	081234560497	AKTIF
2500	loadtest_user_498	loadtest_user_498@loadtest.com	$2b$10$HDSp0PRVbrOOVq/bcPIGDOxWt1no.v7clq6kpXiIEAgK/yXD1o8DS	TEKNISI	t	2026-06-02 07:53:24.565	Area Load Test	081234560498	AKTIF
2501	loadtest_user_499	loadtest_user_499@loadtest.com	$2b$10$HDSp0PRVbrOOVq/bcPIGDOxWt1no.v7clq6kpXiIEAgK/yXD1o8DS	TEKNISI	t	2026-06-02 07:53:24.565	Area Load Test	081234560499	AKTIF
2502	loadtest_user_500	loadtest_user_500@loadtest.com	$2b$10$HDSp0PRVbrOOVq/bcPIGDOxWt1no.v7clq6kpXiIEAgK/yXD1o8DS	TEKNISI	t	2026-06-02 07:53:24.565	Area Load Test	081234560500	AKTIF
2503	loadtest_user_501	loadtest_user_501@loadtest.com	$2b$10$HDSp0PRVbrOOVq/bcPIGDOxWt1no.v7clq6kpXiIEAgK/yXD1o8DS	TEKNISI	t	2026-06-02 07:53:24.565	Area Load Test	081234560501	AKTIF
2504	loadtest_user_502	loadtest_user_502@loadtest.com	$2b$10$HDSp0PRVbrOOVq/bcPIGDOxWt1no.v7clq6kpXiIEAgK/yXD1o8DS	TEKNISI	t	2026-06-02 07:53:24.565	Area Load Test	081234560502	AKTIF
2505	loadtest_user_503	loadtest_user_503@loadtest.com	$2b$10$HDSp0PRVbrOOVq/bcPIGDOxWt1no.v7clq6kpXiIEAgK/yXD1o8DS	TEKNISI	t	2026-06-02 07:53:24.565	Area Load Test	081234560503	AKTIF
2506	loadtest_user_504	loadtest_user_504@loadtest.com	$2b$10$HDSp0PRVbrOOVq/bcPIGDOxWt1no.v7clq6kpXiIEAgK/yXD1o8DS	TEKNISI	t	2026-06-02 07:53:24.565	Area Load Test	081234560504	AKTIF
2507	loadtest_user_505	loadtest_user_505@loadtest.com	$2b$10$HDSp0PRVbrOOVq/bcPIGDOxWt1no.v7clq6kpXiIEAgK/yXD1o8DS	TEKNISI	t	2026-06-02 07:53:24.565	Area Load Test	081234560505	AKTIF
2508	loadtest_user_506	loadtest_user_506@loadtest.com	$2b$10$HDSp0PRVbrOOVq/bcPIGDOxWt1no.v7clq6kpXiIEAgK/yXD1o8DS	TEKNISI	t	2026-06-02 07:53:24.565	Area Load Test	081234560506	AKTIF
2509	loadtest_user_507	loadtest_user_507@loadtest.com	$2b$10$HDSp0PRVbrOOVq/bcPIGDOxWt1no.v7clq6kpXiIEAgK/yXD1o8DS	TEKNISI	t	2026-06-02 07:53:24.565	Area Load Test	081234560507	AKTIF
2510	loadtest_user_508	loadtest_user_508@loadtest.com	$2b$10$HDSp0PRVbrOOVq/bcPIGDOxWt1no.v7clq6kpXiIEAgK/yXD1o8DS	TEKNISI	t	2026-06-02 07:53:24.565	Area Load Test	081234560508	AKTIF
2511	loadtest_user_509	loadtest_user_509@loadtest.com	$2b$10$HDSp0PRVbrOOVq/bcPIGDOxWt1no.v7clq6kpXiIEAgK/yXD1o8DS	TEKNISI	t	2026-06-02 07:53:24.565	Area Load Test	081234560509	AKTIF
2512	loadtest_user_510	loadtest_user_510@loadtest.com	$2b$10$HDSp0PRVbrOOVq/bcPIGDOxWt1no.v7clq6kpXiIEAgK/yXD1o8DS	TEKNISI	t	2026-06-02 07:53:24.565	Area Load Test	081234560510	AKTIF
2513	loadtest_user_511	loadtest_user_511@loadtest.com	$2b$10$HDSp0PRVbrOOVq/bcPIGDOxWt1no.v7clq6kpXiIEAgK/yXD1o8DS	TEKNISI	t	2026-06-02 07:53:24.565	Area Load Test	081234560511	AKTIF
2514	loadtest_user_512	loadtest_user_512@loadtest.com	$2b$10$HDSp0PRVbrOOVq/bcPIGDOxWt1no.v7clq6kpXiIEAgK/yXD1o8DS	TEKNISI	t	2026-06-02 07:53:24.565	Area Load Test	081234560512	AKTIF
2515	loadtest_user_513	loadtest_user_513@loadtest.com	$2b$10$HDSp0PRVbrOOVq/bcPIGDOxWt1no.v7clq6kpXiIEAgK/yXD1o8DS	TEKNISI	t	2026-06-02 07:53:24.565	Area Load Test	081234560513	AKTIF
2516	loadtest_user_514	loadtest_user_514@loadtest.com	$2b$10$HDSp0PRVbrOOVq/bcPIGDOxWt1no.v7clq6kpXiIEAgK/yXD1o8DS	TEKNISI	t	2026-06-02 07:53:24.565	Area Load Test	081234560514	AKTIF
2517	loadtest_user_515	loadtest_user_515@loadtest.com	$2b$10$HDSp0PRVbrOOVq/bcPIGDOxWt1no.v7clq6kpXiIEAgK/yXD1o8DS	TEKNISI	t	2026-06-02 07:53:24.565	Area Load Test	081234560515	AKTIF
2518	loadtest_user_516	loadtest_user_516@loadtest.com	$2b$10$HDSp0PRVbrOOVq/bcPIGDOxWt1no.v7clq6kpXiIEAgK/yXD1o8DS	TEKNISI	t	2026-06-02 07:53:24.565	Area Load Test	081234560516	AKTIF
2519	loadtest_user_517	loadtest_user_517@loadtest.com	$2b$10$HDSp0PRVbrOOVq/bcPIGDOxWt1no.v7clq6kpXiIEAgK/yXD1o8DS	TEKNISI	t	2026-06-02 07:53:24.565	Area Load Test	081234560517	AKTIF
2520	loadtest_user_518	loadtest_user_518@loadtest.com	$2b$10$HDSp0PRVbrOOVq/bcPIGDOxWt1no.v7clq6kpXiIEAgK/yXD1o8DS	TEKNISI	t	2026-06-02 07:53:24.565	Area Load Test	081234560518	AKTIF
2521	loadtest_user_519	loadtest_user_519@loadtest.com	$2b$10$HDSp0PRVbrOOVq/bcPIGDOxWt1no.v7clq6kpXiIEAgK/yXD1o8DS	TEKNISI	t	2026-06-02 07:53:24.565	Area Load Test	081234560519	AKTIF
2522	loadtest_user_520	loadtest_user_520@loadtest.com	$2b$10$HDSp0PRVbrOOVq/bcPIGDOxWt1no.v7clq6kpXiIEAgK/yXD1o8DS	TEKNISI	t	2026-06-02 07:53:24.565	Area Load Test	081234560520	AKTIF
2523	loadtest_user_521	loadtest_user_521@loadtest.com	$2b$10$HDSp0PRVbrOOVq/bcPIGDOxWt1no.v7clq6kpXiIEAgK/yXD1o8DS	TEKNISI	t	2026-06-02 07:53:24.565	Area Load Test	081234560521	AKTIF
2524	loadtest_user_522	loadtest_user_522@loadtest.com	$2b$10$HDSp0PRVbrOOVq/bcPIGDOxWt1no.v7clq6kpXiIEAgK/yXD1o8DS	TEKNISI	t	2026-06-02 07:53:24.565	Area Load Test	081234560522	AKTIF
2525	loadtest_user_523	loadtest_user_523@loadtest.com	$2b$10$HDSp0PRVbrOOVq/bcPIGDOxWt1no.v7clq6kpXiIEAgK/yXD1o8DS	TEKNISI	t	2026-06-02 07:53:24.565	Area Load Test	081234560523	AKTIF
2526	loadtest_user_524	loadtest_user_524@loadtest.com	$2b$10$HDSp0PRVbrOOVq/bcPIGDOxWt1no.v7clq6kpXiIEAgK/yXD1o8DS	TEKNISI	t	2026-06-02 07:53:24.565	Area Load Test	081234560524	AKTIF
2527	loadtest_user_525	loadtest_user_525@loadtest.com	$2b$10$HDSp0PRVbrOOVq/bcPIGDOxWt1no.v7clq6kpXiIEAgK/yXD1o8DS	TEKNISI	t	2026-06-02 07:53:24.565	Area Load Test	081234560525	AKTIF
2528	loadtest_user_526	loadtest_user_526@loadtest.com	$2b$10$HDSp0PRVbrOOVq/bcPIGDOxWt1no.v7clq6kpXiIEAgK/yXD1o8DS	TEKNISI	t	2026-06-02 07:53:24.565	Area Load Test	081234560526	AKTIF
2529	loadtest_user_527	loadtest_user_527@loadtest.com	$2b$10$HDSp0PRVbrOOVq/bcPIGDOxWt1no.v7clq6kpXiIEAgK/yXD1o8DS	TEKNISI	t	2026-06-02 07:53:24.565	Area Load Test	081234560527	AKTIF
2530	loadtest_user_528	loadtest_user_528@loadtest.com	$2b$10$HDSp0PRVbrOOVq/bcPIGDOxWt1no.v7clq6kpXiIEAgK/yXD1o8DS	TEKNISI	t	2026-06-02 07:53:24.565	Area Load Test	081234560528	AKTIF
2531	loadtest_user_529	loadtest_user_529@loadtest.com	$2b$10$HDSp0PRVbrOOVq/bcPIGDOxWt1no.v7clq6kpXiIEAgK/yXD1o8DS	TEKNISI	t	2026-06-02 07:53:24.565	Area Load Test	081234560529	AKTIF
2532	loadtest_user_530	loadtest_user_530@loadtest.com	$2b$10$HDSp0PRVbrOOVq/bcPIGDOxWt1no.v7clq6kpXiIEAgK/yXD1o8DS	TEKNISI	t	2026-06-02 07:53:24.565	Area Load Test	081234560530	AKTIF
2533	loadtest_user_531	loadtest_user_531@loadtest.com	$2b$10$HDSp0PRVbrOOVq/bcPIGDOxWt1no.v7clq6kpXiIEAgK/yXD1o8DS	TEKNISI	t	2026-06-02 07:53:24.565	Area Load Test	081234560531	AKTIF
2534	loadtest_user_532	loadtest_user_532@loadtest.com	$2b$10$HDSp0PRVbrOOVq/bcPIGDOxWt1no.v7clq6kpXiIEAgK/yXD1o8DS	TEKNISI	t	2026-06-02 07:53:24.565	Area Load Test	081234560532	AKTIF
2535	loadtest_user_533	loadtest_user_533@loadtest.com	$2b$10$HDSp0PRVbrOOVq/bcPIGDOxWt1no.v7clq6kpXiIEAgK/yXD1o8DS	TEKNISI	t	2026-06-02 07:53:24.565	Area Load Test	081234560533	AKTIF
2536	loadtest_user_534	loadtest_user_534@loadtest.com	$2b$10$HDSp0PRVbrOOVq/bcPIGDOxWt1no.v7clq6kpXiIEAgK/yXD1o8DS	TEKNISI	t	2026-06-02 07:53:24.565	Area Load Test	081234560534	AKTIF
2537	loadtest_user_535	loadtest_user_535@loadtest.com	$2b$10$HDSp0PRVbrOOVq/bcPIGDOxWt1no.v7clq6kpXiIEAgK/yXD1o8DS	TEKNISI	t	2026-06-02 07:53:24.565	Area Load Test	081234560535	AKTIF
2538	loadtest_user_536	loadtest_user_536@loadtest.com	$2b$10$HDSp0PRVbrOOVq/bcPIGDOxWt1no.v7clq6kpXiIEAgK/yXD1o8DS	TEKNISI	t	2026-06-02 07:53:24.565	Area Load Test	081234560536	AKTIF
2539	loadtest_user_537	loadtest_user_537@loadtest.com	$2b$10$HDSp0PRVbrOOVq/bcPIGDOxWt1no.v7clq6kpXiIEAgK/yXD1o8DS	TEKNISI	t	2026-06-02 07:53:24.565	Area Load Test	081234560537	AKTIF
2540	loadtest_user_538	loadtest_user_538@loadtest.com	$2b$10$HDSp0PRVbrOOVq/bcPIGDOxWt1no.v7clq6kpXiIEAgK/yXD1o8DS	TEKNISI	t	2026-06-02 07:53:24.565	Area Load Test	081234560538	AKTIF
2541	loadtest_user_539	loadtest_user_539@loadtest.com	$2b$10$HDSp0PRVbrOOVq/bcPIGDOxWt1no.v7clq6kpXiIEAgK/yXD1o8DS	TEKNISI	t	2026-06-02 07:53:24.565	Area Load Test	081234560539	AKTIF
2542	loadtest_user_540	loadtest_user_540@loadtest.com	$2b$10$HDSp0PRVbrOOVq/bcPIGDOxWt1no.v7clq6kpXiIEAgK/yXD1o8DS	TEKNISI	t	2026-06-02 07:53:24.565	Area Load Test	081234560540	AKTIF
2543	loadtest_user_541	loadtest_user_541@loadtest.com	$2b$10$HDSp0PRVbrOOVq/bcPIGDOxWt1no.v7clq6kpXiIEAgK/yXD1o8DS	TEKNISI	t	2026-06-02 07:53:24.565	Area Load Test	081234560541	AKTIF
2544	loadtest_user_542	loadtest_user_542@loadtest.com	$2b$10$HDSp0PRVbrOOVq/bcPIGDOxWt1no.v7clq6kpXiIEAgK/yXD1o8DS	TEKNISI	t	2026-06-02 07:53:24.565	Area Load Test	081234560542	AKTIF
2545	loadtest_user_543	loadtest_user_543@loadtest.com	$2b$10$HDSp0PRVbrOOVq/bcPIGDOxWt1no.v7clq6kpXiIEAgK/yXD1o8DS	TEKNISI	t	2026-06-02 07:53:24.565	Area Load Test	081234560543	AKTIF
2546	loadtest_user_544	loadtest_user_544@loadtest.com	$2b$10$HDSp0PRVbrOOVq/bcPIGDOxWt1no.v7clq6kpXiIEAgK/yXD1o8DS	TEKNISI	t	2026-06-02 07:53:24.565	Area Load Test	081234560544	AKTIF
2547	loadtest_user_545	loadtest_user_545@loadtest.com	$2b$10$HDSp0PRVbrOOVq/bcPIGDOxWt1no.v7clq6kpXiIEAgK/yXD1o8DS	TEKNISI	t	2026-06-02 07:53:24.565	Area Load Test	081234560545	AKTIF
2548	loadtest_user_546	loadtest_user_546@loadtest.com	$2b$10$HDSp0PRVbrOOVq/bcPIGDOxWt1no.v7clq6kpXiIEAgK/yXD1o8DS	TEKNISI	t	2026-06-02 07:53:24.565	Area Load Test	081234560546	AKTIF
2549	loadtest_user_547	loadtest_user_547@loadtest.com	$2b$10$HDSp0PRVbrOOVq/bcPIGDOxWt1no.v7clq6kpXiIEAgK/yXD1o8DS	TEKNISI	t	2026-06-02 07:53:24.565	Area Load Test	081234560547	AKTIF
2550	loadtest_user_548	loadtest_user_548@loadtest.com	$2b$10$HDSp0PRVbrOOVq/bcPIGDOxWt1no.v7clq6kpXiIEAgK/yXD1o8DS	TEKNISI	t	2026-06-02 07:53:24.565	Area Load Test	081234560548	AKTIF
2551	loadtest_user_549	loadtest_user_549@loadtest.com	$2b$10$HDSp0PRVbrOOVq/bcPIGDOxWt1no.v7clq6kpXiIEAgK/yXD1o8DS	TEKNISI	t	2026-06-02 07:53:24.565	Area Load Test	081234560549	AKTIF
2552	loadtest_user_550	loadtest_user_550@loadtest.com	$2b$10$HDSp0PRVbrOOVq/bcPIGDOxWt1no.v7clq6kpXiIEAgK/yXD1o8DS	TEKNISI	t	2026-06-02 07:53:24.565	Area Load Test	081234560550	AKTIF
2553	loadtest_user_551	loadtest_user_551@loadtest.com	$2b$10$HDSp0PRVbrOOVq/bcPIGDOxWt1no.v7clq6kpXiIEAgK/yXD1o8DS	TEKNISI	t	2026-06-02 07:53:24.565	Area Load Test	081234560551	AKTIF
2554	loadtest_user_552	loadtest_user_552@loadtest.com	$2b$10$HDSp0PRVbrOOVq/bcPIGDOxWt1no.v7clq6kpXiIEAgK/yXD1o8DS	TEKNISI	t	2026-06-02 07:53:24.565	Area Load Test	081234560552	AKTIF
2555	loadtest_user_553	loadtest_user_553@loadtest.com	$2b$10$HDSp0PRVbrOOVq/bcPIGDOxWt1no.v7clq6kpXiIEAgK/yXD1o8DS	TEKNISI	t	2026-06-02 07:53:24.565	Area Load Test	081234560553	AKTIF
2556	loadtest_user_554	loadtest_user_554@loadtest.com	$2b$10$HDSp0PRVbrOOVq/bcPIGDOxWt1no.v7clq6kpXiIEAgK/yXD1o8DS	TEKNISI	t	2026-06-02 07:53:24.565	Area Load Test	081234560554	AKTIF
2557	loadtest_user_555	loadtest_user_555@loadtest.com	$2b$10$HDSp0PRVbrOOVq/bcPIGDOxWt1no.v7clq6kpXiIEAgK/yXD1o8DS	TEKNISI	t	2026-06-02 07:53:24.565	Area Load Test	081234560555	AKTIF
2558	loadtest_user_556	loadtest_user_556@loadtest.com	$2b$10$HDSp0PRVbrOOVq/bcPIGDOxWt1no.v7clq6kpXiIEAgK/yXD1o8DS	TEKNISI	t	2026-06-02 07:53:24.565	Area Load Test	081234560556	AKTIF
2559	loadtest_user_557	loadtest_user_557@loadtest.com	$2b$10$HDSp0PRVbrOOVq/bcPIGDOxWt1no.v7clq6kpXiIEAgK/yXD1o8DS	TEKNISI	t	2026-06-02 07:53:24.565	Area Load Test	081234560557	AKTIF
2560	loadtest_user_558	loadtest_user_558@loadtest.com	$2b$10$HDSp0PRVbrOOVq/bcPIGDOxWt1no.v7clq6kpXiIEAgK/yXD1o8DS	TEKNISI	t	2026-06-02 07:53:24.565	Area Load Test	081234560558	AKTIF
2561	loadtest_user_559	loadtest_user_559@loadtest.com	$2b$10$HDSp0PRVbrOOVq/bcPIGDOxWt1no.v7clq6kpXiIEAgK/yXD1o8DS	TEKNISI	t	2026-06-02 07:53:24.565	Area Load Test	081234560559	AKTIF
2562	loadtest_user_560	loadtest_user_560@loadtest.com	$2b$10$HDSp0PRVbrOOVq/bcPIGDOxWt1no.v7clq6kpXiIEAgK/yXD1o8DS	TEKNISI	t	2026-06-02 07:53:24.565	Area Load Test	081234560560	AKTIF
2563	loadtest_user_561	loadtest_user_561@loadtest.com	$2b$10$HDSp0PRVbrOOVq/bcPIGDOxWt1no.v7clq6kpXiIEAgK/yXD1o8DS	TEKNISI	t	2026-06-02 07:53:24.565	Area Load Test	081234560561	AKTIF
2564	loadtest_user_562	loadtest_user_562@loadtest.com	$2b$10$HDSp0PRVbrOOVq/bcPIGDOxWt1no.v7clq6kpXiIEAgK/yXD1o8DS	TEKNISI	t	2026-06-02 07:53:24.565	Area Load Test	081234560562	AKTIF
2565	loadtest_user_563	loadtest_user_563@loadtest.com	$2b$10$HDSp0PRVbrOOVq/bcPIGDOxWt1no.v7clq6kpXiIEAgK/yXD1o8DS	TEKNISI	t	2026-06-02 07:53:24.565	Area Load Test	081234560563	AKTIF
2566	loadtest_user_564	loadtest_user_564@loadtest.com	$2b$10$HDSp0PRVbrOOVq/bcPIGDOxWt1no.v7clq6kpXiIEAgK/yXD1o8DS	TEKNISI	t	2026-06-02 07:53:24.565	Area Load Test	081234560564	AKTIF
2567	loadtest_user_565	loadtest_user_565@loadtest.com	$2b$10$HDSp0PRVbrOOVq/bcPIGDOxWt1no.v7clq6kpXiIEAgK/yXD1o8DS	TEKNISI	t	2026-06-02 07:53:24.565	Area Load Test	081234560565	AKTIF
2568	loadtest_user_566	loadtest_user_566@loadtest.com	$2b$10$HDSp0PRVbrOOVq/bcPIGDOxWt1no.v7clq6kpXiIEAgK/yXD1o8DS	TEKNISI	t	2026-06-02 07:53:24.565	Area Load Test	081234560566	AKTIF
2569	loadtest_user_567	loadtest_user_567@loadtest.com	$2b$10$HDSp0PRVbrOOVq/bcPIGDOxWt1no.v7clq6kpXiIEAgK/yXD1o8DS	TEKNISI	t	2026-06-02 07:53:24.565	Area Load Test	081234560567	AKTIF
2570	loadtest_user_568	loadtest_user_568@loadtest.com	$2b$10$HDSp0PRVbrOOVq/bcPIGDOxWt1no.v7clq6kpXiIEAgK/yXD1o8DS	TEKNISI	t	2026-06-02 07:53:24.565	Area Load Test	081234560568	AKTIF
2571	loadtest_user_569	loadtest_user_569@loadtest.com	$2b$10$HDSp0PRVbrOOVq/bcPIGDOxWt1no.v7clq6kpXiIEAgK/yXD1o8DS	TEKNISI	t	2026-06-02 07:53:24.565	Area Load Test	081234560569	AKTIF
2572	loadtest_user_570	loadtest_user_570@loadtest.com	$2b$10$HDSp0PRVbrOOVq/bcPIGDOxWt1no.v7clq6kpXiIEAgK/yXD1o8DS	TEKNISI	t	2026-06-02 07:53:24.565	Area Load Test	081234560570	AKTIF
2573	loadtest_user_571	loadtest_user_571@loadtest.com	$2b$10$HDSp0PRVbrOOVq/bcPIGDOxWt1no.v7clq6kpXiIEAgK/yXD1o8DS	TEKNISI	t	2026-06-02 07:53:24.565	Area Load Test	081234560571	AKTIF
2574	loadtest_user_572	loadtest_user_572@loadtest.com	$2b$10$HDSp0PRVbrOOVq/bcPIGDOxWt1no.v7clq6kpXiIEAgK/yXD1o8DS	TEKNISI	t	2026-06-02 07:53:24.565	Area Load Test	081234560572	AKTIF
2575	loadtest_user_573	loadtest_user_573@loadtest.com	$2b$10$HDSp0PRVbrOOVq/bcPIGDOxWt1no.v7clq6kpXiIEAgK/yXD1o8DS	TEKNISI	t	2026-06-02 07:53:24.565	Area Load Test	081234560573	AKTIF
2576	loadtest_user_574	loadtest_user_574@loadtest.com	$2b$10$HDSp0PRVbrOOVq/bcPIGDOxWt1no.v7clq6kpXiIEAgK/yXD1o8DS	TEKNISI	t	2026-06-02 07:53:24.565	Area Load Test	081234560574	AKTIF
2577	loadtest_user_575	loadtest_user_575@loadtest.com	$2b$10$HDSp0PRVbrOOVq/bcPIGDOxWt1no.v7clq6kpXiIEAgK/yXD1o8DS	TEKNISI	t	2026-06-02 07:53:24.565	Area Load Test	081234560575	AKTIF
2578	loadtest_user_576	loadtest_user_576@loadtest.com	$2b$10$HDSp0PRVbrOOVq/bcPIGDOxWt1no.v7clq6kpXiIEAgK/yXD1o8DS	TEKNISI	t	2026-06-02 07:53:24.565	Area Load Test	081234560576	AKTIF
2579	loadtest_user_577	loadtest_user_577@loadtest.com	$2b$10$HDSp0PRVbrOOVq/bcPIGDOxWt1no.v7clq6kpXiIEAgK/yXD1o8DS	TEKNISI	t	2026-06-02 07:53:24.565	Area Load Test	081234560577	AKTIF
2580	loadtest_user_578	loadtest_user_578@loadtest.com	$2b$10$HDSp0PRVbrOOVq/bcPIGDOxWt1no.v7clq6kpXiIEAgK/yXD1o8DS	TEKNISI	t	2026-06-02 07:53:24.565	Area Load Test	081234560578	AKTIF
2581	loadtest_user_579	loadtest_user_579@loadtest.com	$2b$10$HDSp0PRVbrOOVq/bcPIGDOxWt1no.v7clq6kpXiIEAgK/yXD1o8DS	TEKNISI	t	2026-06-02 07:53:24.565	Area Load Test	081234560579	AKTIF
2582	loadtest_user_580	loadtest_user_580@loadtest.com	$2b$10$HDSp0PRVbrOOVq/bcPIGDOxWt1no.v7clq6kpXiIEAgK/yXD1o8DS	TEKNISI	t	2026-06-02 07:53:24.565	Area Load Test	081234560580	AKTIF
2583	loadtest_user_581	loadtest_user_581@loadtest.com	$2b$10$HDSp0PRVbrOOVq/bcPIGDOxWt1no.v7clq6kpXiIEAgK/yXD1o8DS	TEKNISI	t	2026-06-02 07:53:24.565	Area Load Test	081234560581	AKTIF
2584	loadtest_user_582	loadtest_user_582@loadtest.com	$2b$10$HDSp0PRVbrOOVq/bcPIGDOxWt1no.v7clq6kpXiIEAgK/yXD1o8DS	TEKNISI	t	2026-06-02 07:53:24.565	Area Load Test	081234560582	AKTIF
2585	loadtest_user_583	loadtest_user_583@loadtest.com	$2b$10$HDSp0PRVbrOOVq/bcPIGDOxWt1no.v7clq6kpXiIEAgK/yXD1o8DS	TEKNISI	t	2026-06-02 07:53:24.565	Area Load Test	081234560583	AKTIF
2586	loadtest_user_584	loadtest_user_584@loadtest.com	$2b$10$HDSp0PRVbrOOVq/bcPIGDOxWt1no.v7clq6kpXiIEAgK/yXD1o8DS	TEKNISI	t	2026-06-02 07:53:24.565	Area Load Test	081234560584	AKTIF
2587	loadtest_user_585	loadtest_user_585@loadtest.com	$2b$10$HDSp0PRVbrOOVq/bcPIGDOxWt1no.v7clq6kpXiIEAgK/yXD1o8DS	TEKNISI	t	2026-06-02 07:53:24.565	Area Load Test	081234560585	AKTIF
2588	loadtest_user_586	loadtest_user_586@loadtest.com	$2b$10$HDSp0PRVbrOOVq/bcPIGDOxWt1no.v7clq6kpXiIEAgK/yXD1o8DS	TEKNISI	t	2026-06-02 07:53:24.565	Area Load Test	081234560586	AKTIF
2589	loadtest_user_587	loadtest_user_587@loadtest.com	$2b$10$HDSp0PRVbrOOVq/bcPIGDOxWt1no.v7clq6kpXiIEAgK/yXD1o8DS	TEKNISI	t	2026-06-02 07:53:24.565	Area Load Test	081234560587	AKTIF
2590	loadtest_user_588	loadtest_user_588@loadtest.com	$2b$10$HDSp0PRVbrOOVq/bcPIGDOxWt1no.v7clq6kpXiIEAgK/yXD1o8DS	TEKNISI	t	2026-06-02 07:53:24.565	Area Load Test	081234560588	AKTIF
2591	loadtest_user_589	loadtest_user_589@loadtest.com	$2b$10$HDSp0PRVbrOOVq/bcPIGDOxWt1no.v7clq6kpXiIEAgK/yXD1o8DS	TEKNISI	t	2026-06-02 07:53:24.565	Area Load Test	081234560589	AKTIF
2592	loadtest_user_590	loadtest_user_590@loadtest.com	$2b$10$HDSp0PRVbrOOVq/bcPIGDOxWt1no.v7clq6kpXiIEAgK/yXD1o8DS	TEKNISI	t	2026-06-02 07:53:24.565	Area Load Test	081234560590	AKTIF
2593	loadtest_user_591	loadtest_user_591@loadtest.com	$2b$10$HDSp0PRVbrOOVq/bcPIGDOxWt1no.v7clq6kpXiIEAgK/yXD1o8DS	TEKNISI	t	2026-06-02 07:53:24.565	Area Load Test	081234560591	AKTIF
2594	loadtest_user_592	loadtest_user_592@loadtest.com	$2b$10$HDSp0PRVbrOOVq/bcPIGDOxWt1no.v7clq6kpXiIEAgK/yXD1o8DS	TEKNISI	t	2026-06-02 07:53:24.565	Area Load Test	081234560592	AKTIF
2595	loadtest_user_593	loadtest_user_593@loadtest.com	$2b$10$HDSp0PRVbrOOVq/bcPIGDOxWt1no.v7clq6kpXiIEAgK/yXD1o8DS	TEKNISI	t	2026-06-02 07:53:24.565	Area Load Test	081234560593	AKTIF
2596	loadtest_user_594	loadtest_user_594@loadtest.com	$2b$10$HDSp0PRVbrOOVq/bcPIGDOxWt1no.v7clq6kpXiIEAgK/yXD1o8DS	TEKNISI	t	2026-06-02 07:53:24.565	Area Load Test	081234560594	AKTIF
2597	loadtest_user_595	loadtest_user_595@loadtest.com	$2b$10$HDSp0PRVbrOOVq/bcPIGDOxWt1no.v7clq6kpXiIEAgK/yXD1o8DS	TEKNISI	t	2026-06-02 07:53:24.565	Area Load Test	081234560595	AKTIF
2598	loadtest_user_596	loadtest_user_596@loadtest.com	$2b$10$HDSp0PRVbrOOVq/bcPIGDOxWt1no.v7clq6kpXiIEAgK/yXD1o8DS	TEKNISI	t	2026-06-02 07:53:24.565	Area Load Test	081234560596	AKTIF
2599	loadtest_user_597	loadtest_user_597@loadtest.com	$2b$10$HDSp0PRVbrOOVq/bcPIGDOxWt1no.v7clq6kpXiIEAgK/yXD1o8DS	TEKNISI	t	2026-06-02 07:53:24.565	Area Load Test	081234560597	AKTIF
2600	loadtest_user_598	loadtest_user_598@loadtest.com	$2b$10$HDSp0PRVbrOOVq/bcPIGDOxWt1no.v7clq6kpXiIEAgK/yXD1o8DS	TEKNISI	t	2026-06-02 07:53:24.565	Area Load Test	081234560598	AKTIF
2601	loadtest_user_599	loadtest_user_599@loadtest.com	$2b$10$HDSp0PRVbrOOVq/bcPIGDOxWt1no.v7clq6kpXiIEAgK/yXD1o8DS	TEKNISI	t	2026-06-02 07:53:24.565	Area Load Test	081234560599	AKTIF
2602	loadtest_user_600	loadtest_user_600@loadtest.com	$2b$10$HDSp0PRVbrOOVq/bcPIGDOxWt1no.v7clq6kpXiIEAgK/yXD1o8DS	TEKNISI	t	2026-06-02 07:53:24.565	Area Load Test	081234560600	AKTIF
2603	loadtest_user_601	loadtest_user_601@loadtest.com	$2b$10$HDSp0PRVbrOOVq/bcPIGDOxWt1no.v7clq6kpXiIEAgK/yXD1o8DS	TEKNISI	t	2026-06-02 07:53:24.565	Area Load Test	081234560601	AKTIF
2604	loadtest_user_602	loadtest_user_602@loadtest.com	$2b$10$HDSp0PRVbrOOVq/bcPIGDOxWt1no.v7clq6kpXiIEAgK/yXD1o8DS	TEKNISI	t	2026-06-02 07:53:24.565	Area Load Test	081234560602	AKTIF
2605	loadtest_user_603	loadtest_user_603@loadtest.com	$2b$10$HDSp0PRVbrOOVq/bcPIGDOxWt1no.v7clq6kpXiIEAgK/yXD1o8DS	TEKNISI	t	2026-06-02 07:53:24.565	Area Load Test	081234560603	AKTIF
2606	loadtest_user_604	loadtest_user_604@loadtest.com	$2b$10$HDSp0PRVbrOOVq/bcPIGDOxWt1no.v7clq6kpXiIEAgK/yXD1o8DS	TEKNISI	t	2026-06-02 07:53:24.565	Area Load Test	081234560604	AKTIF
2607	loadtest_user_605	loadtest_user_605@loadtest.com	$2b$10$HDSp0PRVbrOOVq/bcPIGDOxWt1no.v7clq6kpXiIEAgK/yXD1o8DS	TEKNISI	t	2026-06-02 07:53:24.565	Area Load Test	081234560605	AKTIF
2608	loadtest_user_606	loadtest_user_606@loadtest.com	$2b$10$HDSp0PRVbrOOVq/bcPIGDOxWt1no.v7clq6kpXiIEAgK/yXD1o8DS	TEKNISI	t	2026-06-02 07:53:24.565	Area Load Test	081234560606	AKTIF
2609	loadtest_user_607	loadtest_user_607@loadtest.com	$2b$10$HDSp0PRVbrOOVq/bcPIGDOxWt1no.v7clq6kpXiIEAgK/yXD1o8DS	TEKNISI	t	2026-06-02 07:53:24.565	Area Load Test	081234560607	AKTIF
2610	loadtest_user_608	loadtest_user_608@loadtest.com	$2b$10$HDSp0PRVbrOOVq/bcPIGDOxWt1no.v7clq6kpXiIEAgK/yXD1o8DS	TEKNISI	t	2026-06-02 07:53:24.565	Area Load Test	081234560608	AKTIF
2611	loadtest_user_609	loadtest_user_609@loadtest.com	$2b$10$HDSp0PRVbrOOVq/bcPIGDOxWt1no.v7clq6kpXiIEAgK/yXD1o8DS	TEKNISI	t	2026-06-02 07:53:24.565	Area Load Test	081234560609	AKTIF
2612	loadtest_user_610	loadtest_user_610@loadtest.com	$2b$10$HDSp0PRVbrOOVq/bcPIGDOxWt1no.v7clq6kpXiIEAgK/yXD1o8DS	TEKNISI	t	2026-06-02 07:53:24.565	Area Load Test	081234560610	AKTIF
2613	loadtest_user_611	loadtest_user_611@loadtest.com	$2b$10$HDSp0PRVbrOOVq/bcPIGDOxWt1no.v7clq6kpXiIEAgK/yXD1o8DS	TEKNISI	t	2026-06-02 07:53:24.565	Area Load Test	081234560611	AKTIF
2614	loadtest_user_612	loadtest_user_612@loadtest.com	$2b$10$HDSp0PRVbrOOVq/bcPIGDOxWt1no.v7clq6kpXiIEAgK/yXD1o8DS	TEKNISI	t	2026-06-02 07:53:24.565	Area Load Test	081234560612	AKTIF
2615	loadtest_user_613	loadtest_user_613@loadtest.com	$2b$10$HDSp0PRVbrOOVq/bcPIGDOxWt1no.v7clq6kpXiIEAgK/yXD1o8DS	TEKNISI	t	2026-06-02 07:53:24.565	Area Load Test	081234560613	AKTIF
2616	loadtest_user_614	loadtest_user_614@loadtest.com	$2b$10$HDSp0PRVbrOOVq/bcPIGDOxWt1no.v7clq6kpXiIEAgK/yXD1o8DS	TEKNISI	t	2026-06-02 07:53:24.565	Area Load Test	081234560614	AKTIF
2617	loadtest_user_615	loadtest_user_615@loadtest.com	$2b$10$HDSp0PRVbrOOVq/bcPIGDOxWt1no.v7clq6kpXiIEAgK/yXD1o8DS	TEKNISI	t	2026-06-02 07:53:24.565	Area Load Test	081234560615	AKTIF
2618	loadtest_user_616	loadtest_user_616@loadtest.com	$2b$10$HDSp0PRVbrOOVq/bcPIGDOxWt1no.v7clq6kpXiIEAgK/yXD1o8DS	TEKNISI	t	2026-06-02 07:53:24.565	Area Load Test	081234560616	AKTIF
2619	loadtest_user_617	loadtest_user_617@loadtest.com	$2b$10$HDSp0PRVbrOOVq/bcPIGDOxWt1no.v7clq6kpXiIEAgK/yXD1o8DS	TEKNISI	t	2026-06-02 07:53:24.565	Area Load Test	081234560617	AKTIF
2620	loadtest_user_618	loadtest_user_618@loadtest.com	$2b$10$HDSp0PRVbrOOVq/bcPIGDOxWt1no.v7clq6kpXiIEAgK/yXD1o8DS	TEKNISI	t	2026-06-02 07:53:24.565	Area Load Test	081234560618	AKTIF
2621	loadtest_user_619	loadtest_user_619@loadtest.com	$2b$10$HDSp0PRVbrOOVq/bcPIGDOxWt1no.v7clq6kpXiIEAgK/yXD1o8DS	TEKNISI	t	2026-06-02 07:53:24.565	Area Load Test	081234560619	AKTIF
2622	loadtest_user_620	loadtest_user_620@loadtest.com	$2b$10$HDSp0PRVbrOOVq/bcPIGDOxWt1no.v7clq6kpXiIEAgK/yXD1o8DS	TEKNISI	t	2026-06-02 07:53:24.565	Area Load Test	081234560620	AKTIF
2623	loadtest_user_621	loadtest_user_621@loadtest.com	$2b$10$HDSp0PRVbrOOVq/bcPIGDOxWt1no.v7clq6kpXiIEAgK/yXD1o8DS	TEKNISI	t	2026-06-02 07:53:24.565	Area Load Test	081234560621	AKTIF
2624	loadtest_user_622	loadtest_user_622@loadtest.com	$2b$10$HDSp0PRVbrOOVq/bcPIGDOxWt1no.v7clq6kpXiIEAgK/yXD1o8DS	TEKNISI	t	2026-06-02 07:53:24.565	Area Load Test	081234560622	AKTIF
2625	loadtest_user_623	loadtest_user_623@loadtest.com	$2b$10$HDSp0PRVbrOOVq/bcPIGDOxWt1no.v7clq6kpXiIEAgK/yXD1o8DS	TEKNISI	t	2026-06-02 07:53:24.565	Area Load Test	081234560623	AKTIF
2626	loadtest_user_624	loadtest_user_624@loadtest.com	$2b$10$HDSp0PRVbrOOVq/bcPIGDOxWt1no.v7clq6kpXiIEAgK/yXD1o8DS	TEKNISI	t	2026-06-02 07:53:24.565	Area Load Test	081234560624	AKTIF
2627	loadtest_user_625	loadtest_user_625@loadtest.com	$2b$10$HDSp0PRVbrOOVq/bcPIGDOxWt1no.v7clq6kpXiIEAgK/yXD1o8DS	TEKNISI	t	2026-06-02 07:53:24.565	Area Load Test	081234560625	AKTIF
2628	loadtest_user_626	loadtest_user_626@loadtest.com	$2b$10$HDSp0PRVbrOOVq/bcPIGDOxWt1no.v7clq6kpXiIEAgK/yXD1o8DS	TEKNISI	t	2026-06-02 07:53:24.565	Area Load Test	081234560626	AKTIF
2629	loadtest_user_627	loadtest_user_627@loadtest.com	$2b$10$HDSp0PRVbrOOVq/bcPIGDOxWt1no.v7clq6kpXiIEAgK/yXD1o8DS	TEKNISI	t	2026-06-02 07:53:24.565	Area Load Test	081234560627	AKTIF
2630	loadtest_user_628	loadtest_user_628@loadtest.com	$2b$10$HDSp0PRVbrOOVq/bcPIGDOxWt1no.v7clq6kpXiIEAgK/yXD1o8DS	TEKNISI	t	2026-06-02 07:53:24.565	Area Load Test	081234560628	AKTIF
2631	loadtest_user_629	loadtest_user_629@loadtest.com	$2b$10$HDSp0PRVbrOOVq/bcPIGDOxWt1no.v7clq6kpXiIEAgK/yXD1o8DS	TEKNISI	t	2026-06-02 07:53:24.565	Area Load Test	081234560629	AKTIF
2632	loadtest_user_630	loadtest_user_630@loadtest.com	$2b$10$HDSp0PRVbrOOVq/bcPIGDOxWt1no.v7clq6kpXiIEAgK/yXD1o8DS	TEKNISI	t	2026-06-02 07:53:24.565	Area Load Test	081234560630	AKTIF
2633	loadtest_user_631	loadtest_user_631@loadtest.com	$2b$10$HDSp0PRVbrOOVq/bcPIGDOxWt1no.v7clq6kpXiIEAgK/yXD1o8DS	TEKNISI	t	2026-06-02 07:53:24.565	Area Load Test	081234560631	AKTIF
2634	loadtest_user_632	loadtest_user_632@loadtest.com	$2b$10$HDSp0PRVbrOOVq/bcPIGDOxWt1no.v7clq6kpXiIEAgK/yXD1o8DS	TEKNISI	t	2026-06-02 07:53:24.565	Area Load Test	081234560632	AKTIF
2635	loadtest_user_633	loadtest_user_633@loadtest.com	$2b$10$HDSp0PRVbrOOVq/bcPIGDOxWt1no.v7clq6kpXiIEAgK/yXD1o8DS	TEKNISI	t	2026-06-02 07:53:24.565	Area Load Test	081234560633	AKTIF
2636	loadtest_user_634	loadtest_user_634@loadtest.com	$2b$10$HDSp0PRVbrOOVq/bcPIGDOxWt1no.v7clq6kpXiIEAgK/yXD1o8DS	TEKNISI	t	2026-06-02 07:53:24.565	Area Load Test	081234560634	AKTIF
2637	loadtest_user_635	loadtest_user_635@loadtest.com	$2b$10$HDSp0PRVbrOOVq/bcPIGDOxWt1no.v7clq6kpXiIEAgK/yXD1o8DS	TEKNISI	t	2026-06-02 07:53:24.565	Area Load Test	081234560635	AKTIF
2638	loadtest_user_636	loadtest_user_636@loadtest.com	$2b$10$HDSp0PRVbrOOVq/bcPIGDOxWt1no.v7clq6kpXiIEAgK/yXD1o8DS	TEKNISI	t	2026-06-02 07:53:24.565	Area Load Test	081234560636	AKTIF
2639	loadtest_user_637	loadtest_user_637@loadtest.com	$2b$10$HDSp0PRVbrOOVq/bcPIGDOxWt1no.v7clq6kpXiIEAgK/yXD1o8DS	TEKNISI	t	2026-06-02 07:53:24.565	Area Load Test	081234560637	AKTIF
2640	loadtest_user_638	loadtest_user_638@loadtest.com	$2b$10$HDSp0PRVbrOOVq/bcPIGDOxWt1no.v7clq6kpXiIEAgK/yXD1o8DS	TEKNISI	t	2026-06-02 07:53:24.565	Area Load Test	081234560638	AKTIF
2641	loadtest_user_639	loadtest_user_639@loadtest.com	$2b$10$HDSp0PRVbrOOVq/bcPIGDOxWt1no.v7clq6kpXiIEAgK/yXD1o8DS	TEKNISI	t	2026-06-02 07:53:24.565	Area Load Test	081234560639	AKTIF
2642	loadtest_user_640	loadtest_user_640@loadtest.com	$2b$10$HDSp0PRVbrOOVq/bcPIGDOxWt1no.v7clq6kpXiIEAgK/yXD1o8DS	TEKNISI	t	2026-06-02 07:53:24.565	Area Load Test	081234560640	AKTIF
2643	loadtest_user_641	loadtest_user_641@loadtest.com	$2b$10$HDSp0PRVbrOOVq/bcPIGDOxWt1no.v7clq6kpXiIEAgK/yXD1o8DS	TEKNISI	t	2026-06-02 07:53:24.565	Area Load Test	081234560641	AKTIF
2644	loadtest_user_642	loadtest_user_642@loadtest.com	$2b$10$HDSp0PRVbrOOVq/bcPIGDOxWt1no.v7clq6kpXiIEAgK/yXD1o8DS	TEKNISI	t	2026-06-02 07:53:24.565	Area Load Test	081234560642	AKTIF
2645	loadtest_user_643	loadtest_user_643@loadtest.com	$2b$10$HDSp0PRVbrOOVq/bcPIGDOxWt1no.v7clq6kpXiIEAgK/yXD1o8DS	TEKNISI	t	2026-06-02 07:53:24.565	Area Load Test	081234560643	AKTIF
2646	loadtest_user_644	loadtest_user_644@loadtest.com	$2b$10$HDSp0PRVbrOOVq/bcPIGDOxWt1no.v7clq6kpXiIEAgK/yXD1o8DS	TEKNISI	t	2026-06-02 07:53:24.565	Area Load Test	081234560644	AKTIF
2647	loadtest_user_645	loadtest_user_645@loadtest.com	$2b$10$HDSp0PRVbrOOVq/bcPIGDOxWt1no.v7clq6kpXiIEAgK/yXD1o8DS	TEKNISI	t	2026-06-02 07:53:24.565	Area Load Test	081234560645	AKTIF
2648	loadtest_user_646	loadtest_user_646@loadtest.com	$2b$10$HDSp0PRVbrOOVq/bcPIGDOxWt1no.v7clq6kpXiIEAgK/yXD1o8DS	TEKNISI	t	2026-06-02 07:53:24.565	Area Load Test	081234560646	AKTIF
2649	loadtest_user_647	loadtest_user_647@loadtest.com	$2b$10$HDSp0PRVbrOOVq/bcPIGDOxWt1no.v7clq6kpXiIEAgK/yXD1o8DS	TEKNISI	t	2026-06-02 07:53:24.565	Area Load Test	081234560647	AKTIF
2650	loadtest_user_648	loadtest_user_648@loadtest.com	$2b$10$HDSp0PRVbrOOVq/bcPIGDOxWt1no.v7clq6kpXiIEAgK/yXD1o8DS	TEKNISI	t	2026-06-02 07:53:24.565	Area Load Test	081234560648	AKTIF
2651	loadtest_user_649	loadtest_user_649@loadtest.com	$2b$10$HDSp0PRVbrOOVq/bcPIGDOxWt1no.v7clq6kpXiIEAgK/yXD1o8DS	TEKNISI	t	2026-06-02 07:53:24.565	Area Load Test	081234560649	AKTIF
2652	loadtest_user_650	loadtest_user_650@loadtest.com	$2b$10$HDSp0PRVbrOOVq/bcPIGDOxWt1no.v7clq6kpXiIEAgK/yXD1o8DS	TEKNISI	t	2026-06-02 07:53:24.565	Area Load Test	081234560650	AKTIF
2653	loadtest_user_651	loadtest_user_651@loadtest.com	$2b$10$HDSp0PRVbrOOVq/bcPIGDOxWt1no.v7clq6kpXiIEAgK/yXD1o8DS	TEKNISI	t	2026-06-02 07:53:24.565	Area Load Test	081234560651	AKTIF
2654	loadtest_user_652	loadtest_user_652@loadtest.com	$2b$10$HDSp0PRVbrOOVq/bcPIGDOxWt1no.v7clq6kpXiIEAgK/yXD1o8DS	TEKNISI	t	2026-06-02 07:53:24.565	Area Load Test	081234560652	AKTIF
2655	loadtest_user_653	loadtest_user_653@loadtest.com	$2b$10$HDSp0PRVbrOOVq/bcPIGDOxWt1no.v7clq6kpXiIEAgK/yXD1o8DS	TEKNISI	t	2026-06-02 07:53:24.565	Area Load Test	081234560653	AKTIF
2656	loadtest_user_654	loadtest_user_654@loadtest.com	$2b$10$HDSp0PRVbrOOVq/bcPIGDOxWt1no.v7clq6kpXiIEAgK/yXD1o8DS	TEKNISI	t	2026-06-02 07:53:24.565	Area Load Test	081234560654	AKTIF
2657	loadtest_user_655	loadtest_user_655@loadtest.com	$2b$10$HDSp0PRVbrOOVq/bcPIGDOxWt1no.v7clq6kpXiIEAgK/yXD1o8DS	TEKNISI	t	2026-06-02 07:53:24.565	Area Load Test	081234560655	AKTIF
2658	loadtest_user_656	loadtest_user_656@loadtest.com	$2b$10$HDSp0PRVbrOOVq/bcPIGDOxWt1no.v7clq6kpXiIEAgK/yXD1o8DS	TEKNISI	t	2026-06-02 07:53:24.565	Area Load Test	081234560656	AKTIF
2659	loadtest_user_657	loadtest_user_657@loadtest.com	$2b$10$HDSp0PRVbrOOVq/bcPIGDOxWt1no.v7clq6kpXiIEAgK/yXD1o8DS	TEKNISI	t	2026-06-02 07:53:24.565	Area Load Test	081234560657	AKTIF
2660	loadtest_user_658	loadtest_user_658@loadtest.com	$2b$10$HDSp0PRVbrOOVq/bcPIGDOxWt1no.v7clq6kpXiIEAgK/yXD1o8DS	TEKNISI	t	2026-06-02 07:53:24.565	Area Load Test	081234560658	AKTIF
2661	loadtest_user_659	loadtest_user_659@loadtest.com	$2b$10$HDSp0PRVbrOOVq/bcPIGDOxWt1no.v7clq6kpXiIEAgK/yXD1o8DS	TEKNISI	t	2026-06-02 07:53:24.565	Area Load Test	081234560659	AKTIF
2662	loadtest_user_660	loadtest_user_660@loadtest.com	$2b$10$HDSp0PRVbrOOVq/bcPIGDOxWt1no.v7clq6kpXiIEAgK/yXD1o8DS	TEKNISI	t	2026-06-02 07:53:24.565	Area Load Test	081234560660	AKTIF
2663	loadtest_user_661	loadtest_user_661@loadtest.com	$2b$10$HDSp0PRVbrOOVq/bcPIGDOxWt1no.v7clq6kpXiIEAgK/yXD1o8DS	TEKNISI	t	2026-06-02 07:53:24.565	Area Load Test	081234560661	AKTIF
2664	loadtest_user_662	loadtest_user_662@loadtest.com	$2b$10$HDSp0PRVbrOOVq/bcPIGDOxWt1no.v7clq6kpXiIEAgK/yXD1o8DS	TEKNISI	t	2026-06-02 07:53:24.565	Area Load Test	081234560662	AKTIF
2665	loadtest_user_663	loadtest_user_663@loadtest.com	$2b$10$HDSp0PRVbrOOVq/bcPIGDOxWt1no.v7clq6kpXiIEAgK/yXD1o8DS	TEKNISI	t	2026-06-02 07:53:24.565	Area Load Test	081234560663	AKTIF
2666	loadtest_user_664	loadtest_user_664@loadtest.com	$2b$10$HDSp0PRVbrOOVq/bcPIGDOxWt1no.v7clq6kpXiIEAgK/yXD1o8DS	TEKNISI	t	2026-06-02 07:53:24.565	Area Load Test	081234560664	AKTIF
2667	loadtest_user_665	loadtest_user_665@loadtest.com	$2b$10$HDSp0PRVbrOOVq/bcPIGDOxWt1no.v7clq6kpXiIEAgK/yXD1o8DS	TEKNISI	t	2026-06-02 07:53:24.565	Area Load Test	081234560665	AKTIF
2668	loadtest_user_666	loadtest_user_666@loadtest.com	$2b$10$HDSp0PRVbrOOVq/bcPIGDOxWt1no.v7clq6kpXiIEAgK/yXD1o8DS	TEKNISI	t	2026-06-02 07:53:24.565	Area Load Test	081234560666	AKTIF
2669	loadtest_user_667	loadtest_user_667@loadtest.com	$2b$10$HDSp0PRVbrOOVq/bcPIGDOxWt1no.v7clq6kpXiIEAgK/yXD1o8DS	TEKNISI	t	2026-06-02 07:53:24.565	Area Load Test	081234560667	AKTIF
2670	loadtest_user_668	loadtest_user_668@loadtest.com	$2b$10$HDSp0PRVbrOOVq/bcPIGDOxWt1no.v7clq6kpXiIEAgK/yXD1o8DS	TEKNISI	t	2026-06-02 07:53:24.565	Area Load Test	081234560668	AKTIF
2671	loadtest_user_669	loadtest_user_669@loadtest.com	$2b$10$HDSp0PRVbrOOVq/bcPIGDOxWt1no.v7clq6kpXiIEAgK/yXD1o8DS	TEKNISI	t	2026-06-02 07:53:24.565	Area Load Test	081234560669	AKTIF
2672	loadtest_user_670	loadtest_user_670@loadtest.com	$2b$10$HDSp0PRVbrOOVq/bcPIGDOxWt1no.v7clq6kpXiIEAgK/yXD1o8DS	TEKNISI	t	2026-06-02 07:53:24.565	Area Load Test	081234560670	AKTIF
2673	loadtest_user_671	loadtest_user_671@loadtest.com	$2b$10$HDSp0PRVbrOOVq/bcPIGDOxWt1no.v7clq6kpXiIEAgK/yXD1o8DS	TEKNISI	t	2026-06-02 07:53:24.565	Area Load Test	081234560671	AKTIF
2674	loadtest_user_672	loadtest_user_672@loadtest.com	$2b$10$HDSp0PRVbrOOVq/bcPIGDOxWt1no.v7clq6kpXiIEAgK/yXD1o8DS	TEKNISI	t	2026-06-02 07:53:24.565	Area Load Test	081234560672	AKTIF
2675	loadtest_user_673	loadtest_user_673@loadtest.com	$2b$10$HDSp0PRVbrOOVq/bcPIGDOxWt1no.v7clq6kpXiIEAgK/yXD1o8DS	TEKNISI	t	2026-06-02 07:53:24.565	Area Load Test	081234560673	AKTIF
2676	loadtest_user_674	loadtest_user_674@loadtest.com	$2b$10$HDSp0PRVbrOOVq/bcPIGDOxWt1no.v7clq6kpXiIEAgK/yXD1o8DS	TEKNISI	t	2026-06-02 07:53:24.565	Area Load Test	081234560674	AKTIF
2677	loadtest_user_675	loadtest_user_675@loadtest.com	$2b$10$HDSp0PRVbrOOVq/bcPIGDOxWt1no.v7clq6kpXiIEAgK/yXD1o8DS	TEKNISI	t	2026-06-02 07:53:24.565	Area Load Test	081234560675	AKTIF
2678	loadtest_user_676	loadtest_user_676@loadtest.com	$2b$10$HDSp0PRVbrOOVq/bcPIGDOxWt1no.v7clq6kpXiIEAgK/yXD1o8DS	TEKNISI	t	2026-06-02 07:53:24.565	Area Load Test	081234560676	AKTIF
2679	loadtest_user_677	loadtest_user_677@loadtest.com	$2b$10$HDSp0PRVbrOOVq/bcPIGDOxWt1no.v7clq6kpXiIEAgK/yXD1o8DS	TEKNISI	t	2026-06-02 07:53:24.565	Area Load Test	081234560677	AKTIF
2680	loadtest_user_678	loadtest_user_678@loadtest.com	$2b$10$HDSp0PRVbrOOVq/bcPIGDOxWt1no.v7clq6kpXiIEAgK/yXD1o8DS	TEKNISI	t	2026-06-02 07:53:24.565	Area Load Test	081234560678	AKTIF
2681	loadtest_user_679	loadtest_user_679@loadtest.com	$2b$10$HDSp0PRVbrOOVq/bcPIGDOxWt1no.v7clq6kpXiIEAgK/yXD1o8DS	TEKNISI	t	2026-06-02 07:53:24.565	Area Load Test	081234560679	AKTIF
2682	loadtest_user_680	loadtest_user_680@loadtest.com	$2b$10$HDSp0PRVbrOOVq/bcPIGDOxWt1no.v7clq6kpXiIEAgK/yXD1o8DS	TEKNISI	t	2026-06-02 07:53:24.565	Area Load Test	081234560680	AKTIF
2683	loadtest_user_681	loadtest_user_681@loadtest.com	$2b$10$HDSp0PRVbrOOVq/bcPIGDOxWt1no.v7clq6kpXiIEAgK/yXD1o8DS	TEKNISI	t	2026-06-02 07:53:24.565	Area Load Test	081234560681	AKTIF
2684	loadtest_user_682	loadtest_user_682@loadtest.com	$2b$10$HDSp0PRVbrOOVq/bcPIGDOxWt1no.v7clq6kpXiIEAgK/yXD1o8DS	TEKNISI	t	2026-06-02 07:53:24.565	Area Load Test	081234560682	AKTIF
2685	loadtest_user_683	loadtest_user_683@loadtest.com	$2b$10$HDSp0PRVbrOOVq/bcPIGDOxWt1no.v7clq6kpXiIEAgK/yXD1o8DS	TEKNISI	t	2026-06-02 07:53:24.565	Area Load Test	081234560683	AKTIF
2686	loadtest_user_684	loadtest_user_684@loadtest.com	$2b$10$HDSp0PRVbrOOVq/bcPIGDOxWt1no.v7clq6kpXiIEAgK/yXD1o8DS	TEKNISI	t	2026-06-02 07:53:24.565	Area Load Test	081234560684	AKTIF
2687	loadtest_user_685	loadtest_user_685@loadtest.com	$2b$10$HDSp0PRVbrOOVq/bcPIGDOxWt1no.v7clq6kpXiIEAgK/yXD1o8DS	TEKNISI	t	2026-06-02 07:53:24.565	Area Load Test	081234560685	AKTIF
2688	loadtest_user_686	loadtest_user_686@loadtest.com	$2b$10$HDSp0PRVbrOOVq/bcPIGDOxWt1no.v7clq6kpXiIEAgK/yXD1o8DS	TEKNISI	t	2026-06-02 07:53:24.565	Area Load Test	081234560686	AKTIF
2689	loadtest_user_687	loadtest_user_687@loadtest.com	$2b$10$HDSp0PRVbrOOVq/bcPIGDOxWt1no.v7clq6kpXiIEAgK/yXD1o8DS	TEKNISI	t	2026-06-02 07:53:24.565	Area Load Test	081234560687	AKTIF
2690	loadtest_user_688	loadtest_user_688@loadtest.com	$2b$10$HDSp0PRVbrOOVq/bcPIGDOxWt1no.v7clq6kpXiIEAgK/yXD1o8DS	TEKNISI	t	2026-06-02 07:53:24.565	Area Load Test	081234560688	AKTIF
2691	loadtest_user_689	loadtest_user_689@loadtest.com	$2b$10$HDSp0PRVbrOOVq/bcPIGDOxWt1no.v7clq6kpXiIEAgK/yXD1o8DS	TEKNISI	t	2026-06-02 07:53:24.565	Area Load Test	081234560689	AKTIF
2692	loadtest_user_690	loadtest_user_690@loadtest.com	$2b$10$HDSp0PRVbrOOVq/bcPIGDOxWt1no.v7clq6kpXiIEAgK/yXD1o8DS	TEKNISI	t	2026-06-02 07:53:24.565	Area Load Test	081234560690	AKTIF
2693	loadtest_user_691	loadtest_user_691@loadtest.com	$2b$10$HDSp0PRVbrOOVq/bcPIGDOxWt1no.v7clq6kpXiIEAgK/yXD1o8DS	TEKNISI	t	2026-06-02 07:53:24.565	Area Load Test	081234560691	AKTIF
2694	loadtest_user_692	loadtest_user_692@loadtest.com	$2b$10$HDSp0PRVbrOOVq/bcPIGDOxWt1no.v7clq6kpXiIEAgK/yXD1o8DS	TEKNISI	t	2026-06-02 07:53:24.565	Area Load Test	081234560692	AKTIF
2695	loadtest_user_693	loadtest_user_693@loadtest.com	$2b$10$HDSp0PRVbrOOVq/bcPIGDOxWt1no.v7clq6kpXiIEAgK/yXD1o8DS	TEKNISI	t	2026-06-02 07:53:24.565	Area Load Test	081234560693	AKTIF
2696	loadtest_user_694	loadtest_user_694@loadtest.com	$2b$10$HDSp0PRVbrOOVq/bcPIGDOxWt1no.v7clq6kpXiIEAgK/yXD1o8DS	TEKNISI	t	2026-06-02 07:53:24.565	Area Load Test	081234560694	AKTIF
2697	loadtest_user_695	loadtest_user_695@loadtest.com	$2b$10$HDSp0PRVbrOOVq/bcPIGDOxWt1no.v7clq6kpXiIEAgK/yXD1o8DS	TEKNISI	t	2026-06-02 07:53:24.565	Area Load Test	081234560695	AKTIF
2698	loadtest_user_696	loadtest_user_696@loadtest.com	$2b$10$HDSp0PRVbrOOVq/bcPIGDOxWt1no.v7clq6kpXiIEAgK/yXD1o8DS	TEKNISI	t	2026-06-02 07:53:24.565	Area Load Test	081234560696	AKTIF
2699	loadtest_user_697	loadtest_user_697@loadtest.com	$2b$10$HDSp0PRVbrOOVq/bcPIGDOxWt1no.v7clq6kpXiIEAgK/yXD1o8DS	TEKNISI	t	2026-06-02 07:53:24.565	Area Load Test	081234560697	AKTIF
2700	loadtest_user_698	loadtest_user_698@loadtest.com	$2b$10$HDSp0PRVbrOOVq/bcPIGDOxWt1no.v7clq6kpXiIEAgK/yXD1o8DS	TEKNISI	t	2026-06-02 07:53:24.565	Area Load Test	081234560698	AKTIF
2701	loadtest_user_699	loadtest_user_699@loadtest.com	$2b$10$HDSp0PRVbrOOVq/bcPIGDOxWt1no.v7clq6kpXiIEAgK/yXD1o8DS	TEKNISI	t	2026-06-02 07:53:24.565	Area Load Test	081234560699	AKTIF
2702	loadtest_user_700	loadtest_user_700@loadtest.com	$2b$10$HDSp0PRVbrOOVq/bcPIGDOxWt1no.v7clq6kpXiIEAgK/yXD1o8DS	TEKNISI	t	2026-06-02 07:53:24.565	Area Load Test	081234560700	AKTIF
2703	loadtest_user_701	loadtest_user_701@loadtest.com	$2b$10$HDSp0PRVbrOOVq/bcPIGDOxWt1no.v7clq6kpXiIEAgK/yXD1o8DS	TEKNISI	t	2026-06-02 07:53:24.565	Area Load Test	081234560701	AKTIF
2704	loadtest_user_702	loadtest_user_702@loadtest.com	$2b$10$HDSp0PRVbrOOVq/bcPIGDOxWt1no.v7clq6kpXiIEAgK/yXD1o8DS	TEKNISI	t	2026-06-02 07:53:24.565	Area Load Test	081234560702	AKTIF
2705	loadtest_user_703	loadtest_user_703@loadtest.com	$2b$10$HDSp0PRVbrOOVq/bcPIGDOxWt1no.v7clq6kpXiIEAgK/yXD1o8DS	TEKNISI	t	2026-06-02 07:53:24.565	Area Load Test	081234560703	AKTIF
2706	loadtest_user_704	loadtest_user_704@loadtest.com	$2b$10$HDSp0PRVbrOOVq/bcPIGDOxWt1no.v7clq6kpXiIEAgK/yXD1o8DS	TEKNISI	t	2026-06-02 07:53:24.565	Area Load Test	081234560704	AKTIF
2707	loadtest_user_705	loadtest_user_705@loadtest.com	$2b$10$HDSp0PRVbrOOVq/bcPIGDOxWt1no.v7clq6kpXiIEAgK/yXD1o8DS	TEKNISI	t	2026-06-02 07:53:24.565	Area Load Test	081234560705	AKTIF
2708	loadtest_user_706	loadtest_user_706@loadtest.com	$2b$10$HDSp0PRVbrOOVq/bcPIGDOxWt1no.v7clq6kpXiIEAgK/yXD1o8DS	TEKNISI	t	2026-06-02 07:53:24.565	Area Load Test	081234560706	AKTIF
2709	loadtest_user_707	loadtest_user_707@loadtest.com	$2b$10$HDSp0PRVbrOOVq/bcPIGDOxWt1no.v7clq6kpXiIEAgK/yXD1o8DS	TEKNISI	t	2026-06-02 07:53:24.565	Area Load Test	081234560707	AKTIF
2710	loadtest_user_708	loadtest_user_708@loadtest.com	$2b$10$HDSp0PRVbrOOVq/bcPIGDOxWt1no.v7clq6kpXiIEAgK/yXD1o8DS	TEKNISI	t	2026-06-02 07:53:24.565	Area Load Test	081234560708	AKTIF
2711	loadtest_user_709	loadtest_user_709@loadtest.com	$2b$10$HDSp0PRVbrOOVq/bcPIGDOxWt1no.v7clq6kpXiIEAgK/yXD1o8DS	TEKNISI	t	2026-06-02 07:53:24.565	Area Load Test	081234560709	AKTIF
2712	loadtest_user_710	loadtest_user_710@loadtest.com	$2b$10$HDSp0PRVbrOOVq/bcPIGDOxWt1no.v7clq6kpXiIEAgK/yXD1o8DS	TEKNISI	t	2026-06-02 07:53:24.565	Area Load Test	081234560710	AKTIF
2713	loadtest_user_711	loadtest_user_711@loadtest.com	$2b$10$HDSp0PRVbrOOVq/bcPIGDOxWt1no.v7clq6kpXiIEAgK/yXD1o8DS	TEKNISI	t	2026-06-02 07:53:24.565	Area Load Test	081234560711	AKTIF
2714	loadtest_user_712	loadtest_user_712@loadtest.com	$2b$10$HDSp0PRVbrOOVq/bcPIGDOxWt1no.v7clq6kpXiIEAgK/yXD1o8DS	TEKNISI	t	2026-06-02 07:53:24.565	Area Load Test	081234560712	AKTIF
2715	loadtest_user_713	loadtest_user_713@loadtest.com	$2b$10$HDSp0PRVbrOOVq/bcPIGDOxWt1no.v7clq6kpXiIEAgK/yXD1o8DS	TEKNISI	t	2026-06-02 07:53:24.565	Area Load Test	081234560713	AKTIF
2716	loadtest_user_714	loadtest_user_714@loadtest.com	$2b$10$HDSp0PRVbrOOVq/bcPIGDOxWt1no.v7clq6kpXiIEAgK/yXD1o8DS	TEKNISI	t	2026-06-02 07:53:24.565	Area Load Test	081234560714	AKTIF
2717	loadtest_user_715	loadtest_user_715@loadtest.com	$2b$10$HDSp0PRVbrOOVq/bcPIGDOxWt1no.v7clq6kpXiIEAgK/yXD1o8DS	TEKNISI	t	2026-06-02 07:53:24.565	Area Load Test	081234560715	AKTIF
2718	loadtest_user_716	loadtest_user_716@loadtest.com	$2b$10$HDSp0PRVbrOOVq/bcPIGDOxWt1no.v7clq6kpXiIEAgK/yXD1o8DS	TEKNISI	t	2026-06-02 07:53:24.565	Area Load Test	081234560716	AKTIF
2719	loadtest_user_717	loadtest_user_717@loadtest.com	$2b$10$HDSp0PRVbrOOVq/bcPIGDOxWt1no.v7clq6kpXiIEAgK/yXD1o8DS	TEKNISI	t	2026-06-02 07:53:24.565	Area Load Test	081234560717	AKTIF
2720	loadtest_user_718	loadtest_user_718@loadtest.com	$2b$10$HDSp0PRVbrOOVq/bcPIGDOxWt1no.v7clq6kpXiIEAgK/yXD1o8DS	TEKNISI	t	2026-06-02 07:53:24.565	Area Load Test	081234560718	AKTIF
2721	loadtest_user_719	loadtest_user_719@loadtest.com	$2b$10$HDSp0PRVbrOOVq/bcPIGDOxWt1no.v7clq6kpXiIEAgK/yXD1o8DS	TEKNISI	t	2026-06-02 07:53:24.565	Area Load Test	081234560719	AKTIF
2722	loadtest_user_720	loadtest_user_720@loadtest.com	$2b$10$HDSp0PRVbrOOVq/bcPIGDOxWt1no.v7clq6kpXiIEAgK/yXD1o8DS	TEKNISI	t	2026-06-02 07:53:24.565	Area Load Test	081234560720	AKTIF
2723	loadtest_user_721	loadtest_user_721@loadtest.com	$2b$10$HDSp0PRVbrOOVq/bcPIGDOxWt1no.v7clq6kpXiIEAgK/yXD1o8DS	TEKNISI	t	2026-06-02 07:53:24.565	Area Load Test	081234560721	AKTIF
2724	loadtest_user_722	loadtest_user_722@loadtest.com	$2b$10$HDSp0PRVbrOOVq/bcPIGDOxWt1no.v7clq6kpXiIEAgK/yXD1o8DS	TEKNISI	t	2026-06-02 07:53:24.565	Area Load Test	081234560722	AKTIF
2725	loadtest_user_723	loadtest_user_723@loadtest.com	$2b$10$HDSp0PRVbrOOVq/bcPIGDOxWt1no.v7clq6kpXiIEAgK/yXD1o8DS	TEKNISI	t	2026-06-02 07:53:24.565	Area Load Test	081234560723	AKTIF
2726	loadtest_user_724	loadtest_user_724@loadtest.com	$2b$10$HDSp0PRVbrOOVq/bcPIGDOxWt1no.v7clq6kpXiIEAgK/yXD1o8DS	TEKNISI	t	2026-06-02 07:53:24.565	Area Load Test	081234560724	AKTIF
2727	loadtest_user_725	loadtest_user_725@loadtest.com	$2b$10$HDSp0PRVbrOOVq/bcPIGDOxWt1no.v7clq6kpXiIEAgK/yXD1o8DS	TEKNISI	t	2026-06-02 07:53:24.565	Area Load Test	081234560725	AKTIF
2728	loadtest_user_726	loadtest_user_726@loadtest.com	$2b$10$HDSp0PRVbrOOVq/bcPIGDOxWt1no.v7clq6kpXiIEAgK/yXD1o8DS	TEKNISI	t	2026-06-02 07:53:24.565	Area Load Test	081234560726	AKTIF
2729	loadtest_user_727	loadtest_user_727@loadtest.com	$2b$10$HDSp0PRVbrOOVq/bcPIGDOxWt1no.v7clq6kpXiIEAgK/yXD1o8DS	TEKNISI	t	2026-06-02 07:53:24.565	Area Load Test	081234560727	AKTIF
2730	loadtest_user_728	loadtest_user_728@loadtest.com	$2b$10$HDSp0PRVbrOOVq/bcPIGDOxWt1no.v7clq6kpXiIEAgK/yXD1o8DS	TEKNISI	t	2026-06-02 07:53:24.565	Area Load Test	081234560728	AKTIF
2731	loadtest_user_729	loadtest_user_729@loadtest.com	$2b$10$HDSp0PRVbrOOVq/bcPIGDOxWt1no.v7clq6kpXiIEAgK/yXD1o8DS	TEKNISI	t	2026-06-02 07:53:24.565	Area Load Test	081234560729	AKTIF
2732	loadtest_user_730	loadtest_user_730@loadtest.com	$2b$10$HDSp0PRVbrOOVq/bcPIGDOxWt1no.v7clq6kpXiIEAgK/yXD1o8DS	TEKNISI	t	2026-06-02 07:53:24.565	Area Load Test	081234560730	AKTIF
2733	loadtest_user_731	loadtest_user_731@loadtest.com	$2b$10$HDSp0PRVbrOOVq/bcPIGDOxWt1no.v7clq6kpXiIEAgK/yXD1o8DS	TEKNISI	t	2026-06-02 07:53:24.565	Area Load Test	081234560731	AKTIF
2734	loadtest_user_732	loadtest_user_732@loadtest.com	$2b$10$HDSp0PRVbrOOVq/bcPIGDOxWt1no.v7clq6kpXiIEAgK/yXD1o8DS	TEKNISI	t	2026-06-02 07:53:24.565	Area Load Test	081234560732	AKTIF
2735	loadtest_user_733	loadtest_user_733@loadtest.com	$2b$10$HDSp0PRVbrOOVq/bcPIGDOxWt1no.v7clq6kpXiIEAgK/yXD1o8DS	TEKNISI	t	2026-06-02 07:53:24.565	Area Load Test	081234560733	AKTIF
2736	loadtest_user_734	loadtest_user_734@loadtest.com	$2b$10$HDSp0PRVbrOOVq/bcPIGDOxWt1no.v7clq6kpXiIEAgK/yXD1o8DS	TEKNISI	t	2026-06-02 07:53:24.565	Area Load Test	081234560734	AKTIF
2737	loadtest_user_735	loadtest_user_735@loadtest.com	$2b$10$HDSp0PRVbrOOVq/bcPIGDOxWt1no.v7clq6kpXiIEAgK/yXD1o8DS	TEKNISI	t	2026-06-02 07:53:24.565	Area Load Test	081234560735	AKTIF
2738	loadtest_user_736	loadtest_user_736@loadtest.com	$2b$10$HDSp0PRVbrOOVq/bcPIGDOxWt1no.v7clq6kpXiIEAgK/yXD1o8DS	TEKNISI	t	2026-06-02 07:53:24.565	Area Load Test	081234560736	AKTIF
2739	loadtest_user_737	loadtest_user_737@loadtest.com	$2b$10$HDSp0PRVbrOOVq/bcPIGDOxWt1no.v7clq6kpXiIEAgK/yXD1o8DS	TEKNISI	t	2026-06-02 07:53:24.565	Area Load Test	081234560737	AKTIF
2740	loadtest_user_738	loadtest_user_738@loadtest.com	$2b$10$HDSp0PRVbrOOVq/bcPIGDOxWt1no.v7clq6kpXiIEAgK/yXD1o8DS	TEKNISI	t	2026-06-02 07:53:24.565	Area Load Test	081234560738	AKTIF
2741	loadtest_user_739	loadtest_user_739@loadtest.com	$2b$10$HDSp0PRVbrOOVq/bcPIGDOxWt1no.v7clq6kpXiIEAgK/yXD1o8DS	TEKNISI	t	2026-06-02 07:53:24.565	Area Load Test	081234560739	AKTIF
2742	loadtest_user_740	loadtest_user_740@loadtest.com	$2b$10$HDSp0PRVbrOOVq/bcPIGDOxWt1no.v7clq6kpXiIEAgK/yXD1o8DS	TEKNISI	t	2026-06-02 07:53:24.565	Area Load Test	081234560740	AKTIF
2743	loadtest_user_741	loadtest_user_741@loadtest.com	$2b$10$HDSp0PRVbrOOVq/bcPIGDOxWt1no.v7clq6kpXiIEAgK/yXD1o8DS	TEKNISI	t	2026-06-02 07:53:24.565	Area Load Test	081234560741	AKTIF
2744	loadtest_user_742	loadtest_user_742@loadtest.com	$2b$10$HDSp0PRVbrOOVq/bcPIGDOxWt1no.v7clq6kpXiIEAgK/yXD1o8DS	TEKNISI	t	2026-06-02 07:53:24.565	Area Load Test	081234560742	AKTIF
2745	loadtest_user_743	loadtest_user_743@loadtest.com	$2b$10$HDSp0PRVbrOOVq/bcPIGDOxWt1no.v7clq6kpXiIEAgK/yXD1o8DS	TEKNISI	t	2026-06-02 07:53:24.565	Area Load Test	081234560743	AKTIF
2746	loadtest_user_744	loadtest_user_744@loadtest.com	$2b$10$HDSp0PRVbrOOVq/bcPIGDOxWt1no.v7clq6kpXiIEAgK/yXD1o8DS	TEKNISI	t	2026-06-02 07:53:24.565	Area Load Test	081234560744	AKTIF
2747	loadtest_user_745	loadtest_user_745@loadtest.com	$2b$10$HDSp0PRVbrOOVq/bcPIGDOxWt1no.v7clq6kpXiIEAgK/yXD1o8DS	TEKNISI	t	2026-06-02 07:53:24.565	Area Load Test	081234560745	AKTIF
2748	loadtest_user_746	loadtest_user_746@loadtest.com	$2b$10$HDSp0PRVbrOOVq/bcPIGDOxWt1no.v7clq6kpXiIEAgK/yXD1o8DS	TEKNISI	t	2026-06-02 07:53:24.565	Area Load Test	081234560746	AKTIF
2749	loadtest_user_747	loadtest_user_747@loadtest.com	$2b$10$HDSp0PRVbrOOVq/bcPIGDOxWt1no.v7clq6kpXiIEAgK/yXD1o8DS	TEKNISI	t	2026-06-02 07:53:24.565	Area Load Test	081234560747	AKTIF
2750	loadtest_user_748	loadtest_user_748@loadtest.com	$2b$10$HDSp0PRVbrOOVq/bcPIGDOxWt1no.v7clq6kpXiIEAgK/yXD1o8DS	TEKNISI	t	2026-06-02 07:53:24.565	Area Load Test	081234560748	AKTIF
2751	loadtest_user_749	loadtest_user_749@loadtest.com	$2b$10$HDSp0PRVbrOOVq/bcPIGDOxWt1no.v7clq6kpXiIEAgK/yXD1o8DS	TEKNISI	t	2026-06-02 07:53:24.565	Area Load Test	081234560749	AKTIF
2752	loadtest_user_750	loadtest_user_750@loadtest.com	$2b$10$HDSp0PRVbrOOVq/bcPIGDOxWt1no.v7clq6kpXiIEAgK/yXD1o8DS	TEKNISI	t	2026-06-02 07:53:24.565	Area Load Test	081234560750	AKTIF
2753	loadtest_user_751	loadtest_user_751@loadtest.com	$2b$10$HDSp0PRVbrOOVq/bcPIGDOxWt1no.v7clq6kpXiIEAgK/yXD1o8DS	TEKNISI	t	2026-06-02 07:53:24.565	Area Load Test	081234560751	AKTIF
2754	loadtest_user_752	loadtest_user_752@loadtest.com	$2b$10$HDSp0PRVbrOOVq/bcPIGDOxWt1no.v7clq6kpXiIEAgK/yXD1o8DS	TEKNISI	t	2026-06-02 07:53:24.565	Area Load Test	081234560752	AKTIF
2755	loadtest_user_753	loadtest_user_753@loadtest.com	$2b$10$HDSp0PRVbrOOVq/bcPIGDOxWt1no.v7clq6kpXiIEAgK/yXD1o8DS	TEKNISI	t	2026-06-02 07:53:24.565	Area Load Test	081234560753	AKTIF
2756	loadtest_user_754	loadtest_user_754@loadtest.com	$2b$10$HDSp0PRVbrOOVq/bcPIGDOxWt1no.v7clq6kpXiIEAgK/yXD1o8DS	TEKNISI	t	2026-06-02 07:53:24.565	Area Load Test	081234560754	AKTIF
2757	loadtest_user_755	loadtest_user_755@loadtest.com	$2b$10$HDSp0PRVbrOOVq/bcPIGDOxWt1no.v7clq6kpXiIEAgK/yXD1o8DS	TEKNISI	t	2026-06-02 07:53:24.565	Area Load Test	081234560755	AKTIF
2758	loadtest_user_756	loadtest_user_756@loadtest.com	$2b$10$HDSp0PRVbrOOVq/bcPIGDOxWt1no.v7clq6kpXiIEAgK/yXD1o8DS	TEKNISI	t	2026-06-02 07:53:24.565	Area Load Test	081234560756	AKTIF
2759	loadtest_user_757	loadtest_user_757@loadtest.com	$2b$10$HDSp0PRVbrOOVq/bcPIGDOxWt1no.v7clq6kpXiIEAgK/yXD1o8DS	TEKNISI	t	2026-06-02 07:53:24.565	Area Load Test	081234560757	AKTIF
2760	loadtest_user_758	loadtest_user_758@loadtest.com	$2b$10$HDSp0PRVbrOOVq/bcPIGDOxWt1no.v7clq6kpXiIEAgK/yXD1o8DS	TEKNISI	t	2026-06-02 07:53:24.565	Area Load Test	081234560758	AKTIF
2761	loadtest_user_759	loadtest_user_759@loadtest.com	$2b$10$HDSp0PRVbrOOVq/bcPIGDOxWt1no.v7clq6kpXiIEAgK/yXD1o8DS	TEKNISI	t	2026-06-02 07:53:24.565	Area Load Test	081234560759	AKTIF
2762	loadtest_user_760	loadtest_user_760@loadtest.com	$2b$10$HDSp0PRVbrOOVq/bcPIGDOxWt1no.v7clq6kpXiIEAgK/yXD1o8DS	TEKNISI	t	2026-06-02 07:53:24.565	Area Load Test	081234560760	AKTIF
2763	loadtest_user_761	loadtest_user_761@loadtest.com	$2b$10$HDSp0PRVbrOOVq/bcPIGDOxWt1no.v7clq6kpXiIEAgK/yXD1o8DS	TEKNISI	t	2026-06-02 07:53:24.565	Area Load Test	081234560761	AKTIF
2764	loadtest_user_762	loadtest_user_762@loadtest.com	$2b$10$HDSp0PRVbrOOVq/bcPIGDOxWt1no.v7clq6kpXiIEAgK/yXD1o8DS	TEKNISI	t	2026-06-02 07:53:24.565	Area Load Test	081234560762	AKTIF
2765	loadtest_user_763	loadtest_user_763@loadtest.com	$2b$10$HDSp0PRVbrOOVq/bcPIGDOxWt1no.v7clq6kpXiIEAgK/yXD1o8DS	TEKNISI	t	2026-06-02 07:53:24.565	Area Load Test	081234560763	AKTIF
2766	loadtest_user_764	loadtest_user_764@loadtest.com	$2b$10$HDSp0PRVbrOOVq/bcPIGDOxWt1no.v7clq6kpXiIEAgK/yXD1o8DS	TEKNISI	t	2026-06-02 07:53:24.565	Area Load Test	081234560764	AKTIF
2767	loadtest_user_765	loadtest_user_765@loadtest.com	$2b$10$HDSp0PRVbrOOVq/bcPIGDOxWt1no.v7clq6kpXiIEAgK/yXD1o8DS	TEKNISI	t	2026-06-02 07:53:24.565	Area Load Test	081234560765	AKTIF
2768	loadtest_user_766	loadtest_user_766@loadtest.com	$2b$10$HDSp0PRVbrOOVq/bcPIGDOxWt1no.v7clq6kpXiIEAgK/yXD1o8DS	TEKNISI	t	2026-06-02 07:53:24.565	Area Load Test	081234560766	AKTIF
2769	loadtest_user_767	loadtest_user_767@loadtest.com	$2b$10$HDSp0PRVbrOOVq/bcPIGDOxWt1no.v7clq6kpXiIEAgK/yXD1o8DS	TEKNISI	t	2026-06-02 07:53:24.565	Area Load Test	081234560767	AKTIF
2770	loadtest_user_768	loadtest_user_768@loadtest.com	$2b$10$HDSp0PRVbrOOVq/bcPIGDOxWt1no.v7clq6kpXiIEAgK/yXD1o8DS	TEKNISI	t	2026-06-02 07:53:24.565	Area Load Test	081234560768	AKTIF
2771	loadtest_user_769	loadtest_user_769@loadtest.com	$2b$10$HDSp0PRVbrOOVq/bcPIGDOxWt1no.v7clq6kpXiIEAgK/yXD1o8DS	TEKNISI	t	2026-06-02 07:53:24.565	Area Load Test	081234560769	AKTIF
2772	loadtest_user_770	loadtest_user_770@loadtest.com	$2b$10$HDSp0PRVbrOOVq/bcPIGDOxWt1no.v7clq6kpXiIEAgK/yXD1o8DS	TEKNISI	t	2026-06-02 07:53:24.565	Area Load Test	081234560770	AKTIF
2773	loadtest_user_771	loadtest_user_771@loadtest.com	$2b$10$HDSp0PRVbrOOVq/bcPIGDOxWt1no.v7clq6kpXiIEAgK/yXD1o8DS	TEKNISI	t	2026-06-02 07:53:24.565	Area Load Test	081234560771	AKTIF
2774	loadtest_user_772	loadtest_user_772@loadtest.com	$2b$10$HDSp0PRVbrOOVq/bcPIGDOxWt1no.v7clq6kpXiIEAgK/yXD1o8DS	TEKNISI	t	2026-06-02 07:53:24.565	Area Load Test	081234560772	AKTIF
2775	loadtest_user_773	loadtest_user_773@loadtest.com	$2b$10$HDSp0PRVbrOOVq/bcPIGDOxWt1no.v7clq6kpXiIEAgK/yXD1o8DS	TEKNISI	t	2026-06-02 07:53:24.565	Area Load Test	081234560773	AKTIF
2776	loadtest_user_774	loadtest_user_774@loadtest.com	$2b$10$HDSp0PRVbrOOVq/bcPIGDOxWt1no.v7clq6kpXiIEAgK/yXD1o8DS	TEKNISI	t	2026-06-02 07:53:24.565	Area Load Test	081234560774	AKTIF
2777	loadtest_user_775	loadtest_user_775@loadtest.com	$2b$10$HDSp0PRVbrOOVq/bcPIGDOxWt1no.v7clq6kpXiIEAgK/yXD1o8DS	TEKNISI	t	2026-06-02 07:53:24.565	Area Load Test	081234560775	AKTIF
2778	loadtest_user_776	loadtest_user_776@loadtest.com	$2b$10$HDSp0PRVbrOOVq/bcPIGDOxWt1no.v7clq6kpXiIEAgK/yXD1o8DS	TEKNISI	t	2026-06-02 07:53:24.565	Area Load Test	081234560776	AKTIF
2779	loadtest_user_777	loadtest_user_777@loadtest.com	$2b$10$HDSp0PRVbrOOVq/bcPIGDOxWt1no.v7clq6kpXiIEAgK/yXD1o8DS	TEKNISI	t	2026-06-02 07:53:24.565	Area Load Test	081234560777	AKTIF
2780	loadtest_user_778	loadtest_user_778@loadtest.com	$2b$10$HDSp0PRVbrOOVq/bcPIGDOxWt1no.v7clq6kpXiIEAgK/yXD1o8DS	TEKNISI	t	2026-06-02 07:53:24.565	Area Load Test	081234560778	AKTIF
2781	loadtest_user_779	loadtest_user_779@loadtest.com	$2b$10$HDSp0PRVbrOOVq/bcPIGDOxWt1no.v7clq6kpXiIEAgK/yXD1o8DS	TEKNISI	t	2026-06-02 07:53:24.565	Area Load Test	081234560779	AKTIF
2782	loadtest_user_780	loadtest_user_780@loadtest.com	$2b$10$HDSp0PRVbrOOVq/bcPIGDOxWt1no.v7clq6kpXiIEAgK/yXD1o8DS	TEKNISI	t	2026-06-02 07:53:24.565	Area Load Test	081234560780	AKTIF
2783	loadtest_user_781	loadtest_user_781@loadtest.com	$2b$10$HDSp0PRVbrOOVq/bcPIGDOxWt1no.v7clq6kpXiIEAgK/yXD1o8DS	TEKNISI	t	2026-06-02 07:53:24.565	Area Load Test	081234560781	AKTIF
2784	loadtest_user_782	loadtest_user_782@loadtest.com	$2b$10$HDSp0PRVbrOOVq/bcPIGDOxWt1no.v7clq6kpXiIEAgK/yXD1o8DS	TEKNISI	t	2026-06-02 07:53:24.565	Area Load Test	081234560782	AKTIF
2785	loadtest_user_783	loadtest_user_783@loadtest.com	$2b$10$HDSp0PRVbrOOVq/bcPIGDOxWt1no.v7clq6kpXiIEAgK/yXD1o8DS	TEKNISI	t	2026-06-02 07:53:24.565	Area Load Test	081234560783	AKTIF
2786	loadtest_user_784	loadtest_user_784@loadtest.com	$2b$10$HDSp0PRVbrOOVq/bcPIGDOxWt1no.v7clq6kpXiIEAgK/yXD1o8DS	TEKNISI	t	2026-06-02 07:53:24.565	Area Load Test	081234560784	AKTIF
2787	loadtest_user_785	loadtest_user_785@loadtest.com	$2b$10$HDSp0PRVbrOOVq/bcPIGDOxWt1no.v7clq6kpXiIEAgK/yXD1o8DS	TEKNISI	t	2026-06-02 07:53:24.565	Area Load Test	081234560785	AKTIF
2788	loadtest_user_786	loadtest_user_786@loadtest.com	$2b$10$HDSp0PRVbrOOVq/bcPIGDOxWt1no.v7clq6kpXiIEAgK/yXD1o8DS	TEKNISI	t	2026-06-02 07:53:24.565	Area Load Test	081234560786	AKTIF
2789	loadtest_user_787	loadtest_user_787@loadtest.com	$2b$10$HDSp0PRVbrOOVq/bcPIGDOxWt1no.v7clq6kpXiIEAgK/yXD1o8DS	TEKNISI	t	2026-06-02 07:53:24.565	Area Load Test	081234560787	AKTIF
2790	loadtest_user_788	loadtest_user_788@loadtest.com	$2b$10$HDSp0PRVbrOOVq/bcPIGDOxWt1no.v7clq6kpXiIEAgK/yXD1o8DS	TEKNISI	t	2026-06-02 07:53:24.565	Area Load Test	081234560788	AKTIF
2791	loadtest_user_789	loadtest_user_789@loadtest.com	$2b$10$HDSp0PRVbrOOVq/bcPIGDOxWt1no.v7clq6kpXiIEAgK/yXD1o8DS	TEKNISI	t	2026-06-02 07:53:24.565	Area Load Test	081234560789	AKTIF
2792	loadtest_user_790	loadtest_user_790@loadtest.com	$2b$10$HDSp0PRVbrOOVq/bcPIGDOxWt1no.v7clq6kpXiIEAgK/yXD1o8DS	TEKNISI	t	2026-06-02 07:53:24.565	Area Load Test	081234560790	AKTIF
2793	loadtest_user_791	loadtest_user_791@loadtest.com	$2b$10$HDSp0PRVbrOOVq/bcPIGDOxWt1no.v7clq6kpXiIEAgK/yXD1o8DS	TEKNISI	t	2026-06-02 07:53:24.565	Area Load Test	081234560791	AKTIF
2794	loadtest_user_792	loadtest_user_792@loadtest.com	$2b$10$HDSp0PRVbrOOVq/bcPIGDOxWt1no.v7clq6kpXiIEAgK/yXD1o8DS	TEKNISI	t	2026-06-02 07:53:24.565	Area Load Test	081234560792	AKTIF
2795	loadtest_user_793	loadtest_user_793@loadtest.com	$2b$10$HDSp0PRVbrOOVq/bcPIGDOxWt1no.v7clq6kpXiIEAgK/yXD1o8DS	TEKNISI	t	2026-06-02 07:53:24.565	Area Load Test	081234560793	AKTIF
2796	loadtest_user_794	loadtest_user_794@loadtest.com	$2b$10$HDSp0PRVbrOOVq/bcPIGDOxWt1no.v7clq6kpXiIEAgK/yXD1o8DS	TEKNISI	t	2026-06-02 07:53:24.565	Area Load Test	081234560794	AKTIF
2797	loadtest_user_795	loadtest_user_795@loadtest.com	$2b$10$HDSp0PRVbrOOVq/bcPIGDOxWt1no.v7clq6kpXiIEAgK/yXD1o8DS	TEKNISI	t	2026-06-02 07:53:24.565	Area Load Test	081234560795	AKTIF
2798	loadtest_user_796	loadtest_user_796@loadtest.com	$2b$10$HDSp0PRVbrOOVq/bcPIGDOxWt1no.v7clq6kpXiIEAgK/yXD1o8DS	TEKNISI	t	2026-06-02 07:53:24.565	Area Load Test	081234560796	AKTIF
2799	loadtest_user_797	loadtest_user_797@loadtest.com	$2b$10$HDSp0PRVbrOOVq/bcPIGDOxWt1no.v7clq6kpXiIEAgK/yXD1o8DS	TEKNISI	t	2026-06-02 07:53:24.565	Area Load Test	081234560797	AKTIF
2800	loadtest_user_798	loadtest_user_798@loadtest.com	$2b$10$HDSp0PRVbrOOVq/bcPIGDOxWt1no.v7clq6kpXiIEAgK/yXD1o8DS	TEKNISI	t	2026-06-02 07:53:24.565	Area Load Test	081234560798	AKTIF
2801	loadtest_user_799	loadtest_user_799@loadtest.com	$2b$10$HDSp0PRVbrOOVq/bcPIGDOxWt1no.v7clq6kpXiIEAgK/yXD1o8DS	TEKNISI	t	2026-06-02 07:53:24.565	Area Load Test	081234560799	AKTIF
2802	loadtest_user_800	loadtest_user_800@loadtest.com	$2b$10$HDSp0PRVbrOOVq/bcPIGDOxWt1no.v7clq6kpXiIEAgK/yXD1o8DS	TEKNISI	t	2026-06-02 07:53:24.565	Area Load Test	081234560800	AKTIF
2803	loadtest_user_801	loadtest_user_801@loadtest.com	$2b$10$HDSp0PRVbrOOVq/bcPIGDOxWt1no.v7clq6kpXiIEAgK/yXD1o8DS	TEKNISI	t	2026-06-02 07:53:24.565	Area Load Test	081234560801	AKTIF
2804	loadtest_user_802	loadtest_user_802@loadtest.com	$2b$10$HDSp0PRVbrOOVq/bcPIGDOxWt1no.v7clq6kpXiIEAgK/yXD1o8DS	TEKNISI	t	2026-06-02 07:53:24.565	Area Load Test	081234560802	AKTIF
2805	loadtest_user_803	loadtest_user_803@loadtest.com	$2b$10$HDSp0PRVbrOOVq/bcPIGDOxWt1no.v7clq6kpXiIEAgK/yXD1o8DS	TEKNISI	t	2026-06-02 07:53:24.565	Area Load Test	081234560803	AKTIF
2806	loadtest_user_804	loadtest_user_804@loadtest.com	$2b$10$HDSp0PRVbrOOVq/bcPIGDOxWt1no.v7clq6kpXiIEAgK/yXD1o8DS	TEKNISI	t	2026-06-02 07:53:24.565	Area Load Test	081234560804	AKTIF
2807	loadtest_user_805	loadtest_user_805@loadtest.com	$2b$10$HDSp0PRVbrOOVq/bcPIGDOxWt1no.v7clq6kpXiIEAgK/yXD1o8DS	TEKNISI	t	2026-06-02 07:53:24.565	Area Load Test	081234560805	AKTIF
2808	loadtest_user_806	loadtest_user_806@loadtest.com	$2b$10$HDSp0PRVbrOOVq/bcPIGDOxWt1no.v7clq6kpXiIEAgK/yXD1o8DS	TEKNISI	t	2026-06-02 07:53:24.565	Area Load Test	081234560806	AKTIF
2809	loadtest_user_807	loadtest_user_807@loadtest.com	$2b$10$HDSp0PRVbrOOVq/bcPIGDOxWt1no.v7clq6kpXiIEAgK/yXD1o8DS	TEKNISI	t	2026-06-02 07:53:24.565	Area Load Test	081234560807	AKTIF
2810	loadtest_user_808	loadtest_user_808@loadtest.com	$2b$10$HDSp0PRVbrOOVq/bcPIGDOxWt1no.v7clq6kpXiIEAgK/yXD1o8DS	TEKNISI	t	2026-06-02 07:53:24.565	Area Load Test	081234560808	AKTIF
2811	loadtest_user_809	loadtest_user_809@loadtest.com	$2b$10$HDSp0PRVbrOOVq/bcPIGDOxWt1no.v7clq6kpXiIEAgK/yXD1o8DS	TEKNISI	t	2026-06-02 07:53:24.565	Area Load Test	081234560809	AKTIF
2812	loadtest_user_810	loadtest_user_810@loadtest.com	$2b$10$HDSp0PRVbrOOVq/bcPIGDOxWt1no.v7clq6kpXiIEAgK/yXD1o8DS	TEKNISI	t	2026-06-02 07:53:24.565	Area Load Test	081234560810	AKTIF
2813	loadtest_user_811	loadtest_user_811@loadtest.com	$2b$10$HDSp0PRVbrOOVq/bcPIGDOxWt1no.v7clq6kpXiIEAgK/yXD1o8DS	TEKNISI	t	2026-06-02 07:53:24.565	Area Load Test	081234560811	AKTIF
2814	loadtest_user_812	loadtest_user_812@loadtest.com	$2b$10$HDSp0PRVbrOOVq/bcPIGDOxWt1no.v7clq6kpXiIEAgK/yXD1o8DS	TEKNISI	t	2026-06-02 07:53:24.565	Area Load Test	081234560812	AKTIF
2815	loadtest_user_813	loadtest_user_813@loadtest.com	$2b$10$HDSp0PRVbrOOVq/bcPIGDOxWt1no.v7clq6kpXiIEAgK/yXD1o8DS	TEKNISI	t	2026-06-02 07:53:24.565	Area Load Test	081234560813	AKTIF
2816	loadtest_user_814	loadtest_user_814@loadtest.com	$2b$10$HDSp0PRVbrOOVq/bcPIGDOxWt1no.v7clq6kpXiIEAgK/yXD1o8DS	TEKNISI	t	2026-06-02 07:53:24.565	Area Load Test	081234560814	AKTIF
2817	loadtest_user_815	loadtest_user_815@loadtest.com	$2b$10$HDSp0PRVbrOOVq/bcPIGDOxWt1no.v7clq6kpXiIEAgK/yXD1o8DS	TEKNISI	t	2026-06-02 07:53:24.565	Area Load Test	081234560815	AKTIF
2818	loadtest_user_816	loadtest_user_816@loadtest.com	$2b$10$HDSp0PRVbrOOVq/bcPIGDOxWt1no.v7clq6kpXiIEAgK/yXD1o8DS	TEKNISI	t	2026-06-02 07:53:24.565	Area Load Test	081234560816	AKTIF
2819	loadtest_user_817	loadtest_user_817@loadtest.com	$2b$10$HDSp0PRVbrOOVq/bcPIGDOxWt1no.v7clq6kpXiIEAgK/yXD1o8DS	TEKNISI	t	2026-06-02 07:53:24.565	Area Load Test	081234560817	AKTIF
2820	loadtest_user_818	loadtest_user_818@loadtest.com	$2b$10$HDSp0PRVbrOOVq/bcPIGDOxWt1no.v7clq6kpXiIEAgK/yXD1o8DS	TEKNISI	t	2026-06-02 07:53:24.565	Area Load Test	081234560818	AKTIF
2821	loadtest_user_819	loadtest_user_819@loadtest.com	$2b$10$HDSp0PRVbrOOVq/bcPIGDOxWt1no.v7clq6kpXiIEAgK/yXD1o8DS	TEKNISI	t	2026-06-02 07:53:24.565	Area Load Test	081234560819	AKTIF
2822	loadtest_user_820	loadtest_user_820@loadtest.com	$2b$10$HDSp0PRVbrOOVq/bcPIGDOxWt1no.v7clq6kpXiIEAgK/yXD1o8DS	TEKNISI	t	2026-06-02 07:53:24.565	Area Load Test	081234560820	AKTIF
2823	loadtest_user_821	loadtest_user_821@loadtest.com	$2b$10$HDSp0PRVbrOOVq/bcPIGDOxWt1no.v7clq6kpXiIEAgK/yXD1o8DS	TEKNISI	t	2026-06-02 07:53:24.565	Area Load Test	081234560821	AKTIF
2824	loadtest_user_822	loadtest_user_822@loadtest.com	$2b$10$HDSp0PRVbrOOVq/bcPIGDOxWt1no.v7clq6kpXiIEAgK/yXD1o8DS	TEKNISI	t	2026-06-02 07:53:24.565	Area Load Test	081234560822	AKTIF
2825	loadtest_user_823	loadtest_user_823@loadtest.com	$2b$10$HDSp0PRVbrOOVq/bcPIGDOxWt1no.v7clq6kpXiIEAgK/yXD1o8DS	TEKNISI	t	2026-06-02 07:53:24.565	Area Load Test	081234560823	AKTIF
2826	loadtest_user_824	loadtest_user_824@loadtest.com	$2b$10$HDSp0PRVbrOOVq/bcPIGDOxWt1no.v7clq6kpXiIEAgK/yXD1o8DS	TEKNISI	t	2026-06-02 07:53:24.565	Area Load Test	081234560824	AKTIF
2827	loadtest_user_825	loadtest_user_825@loadtest.com	$2b$10$HDSp0PRVbrOOVq/bcPIGDOxWt1no.v7clq6kpXiIEAgK/yXD1o8DS	TEKNISI	t	2026-06-02 07:53:24.565	Area Load Test	081234560825	AKTIF
2828	loadtest_user_826	loadtest_user_826@loadtest.com	$2b$10$HDSp0PRVbrOOVq/bcPIGDOxWt1no.v7clq6kpXiIEAgK/yXD1o8DS	TEKNISI	t	2026-06-02 07:53:24.565	Area Load Test	081234560826	AKTIF
2829	loadtest_user_827	loadtest_user_827@loadtest.com	$2b$10$HDSp0PRVbrOOVq/bcPIGDOxWt1no.v7clq6kpXiIEAgK/yXD1o8DS	TEKNISI	t	2026-06-02 07:53:24.565	Area Load Test	081234560827	AKTIF
2830	loadtest_user_828	loadtest_user_828@loadtest.com	$2b$10$HDSp0PRVbrOOVq/bcPIGDOxWt1no.v7clq6kpXiIEAgK/yXD1o8DS	TEKNISI	t	2026-06-02 07:53:24.565	Area Load Test	081234560828	AKTIF
2831	loadtest_user_829	loadtest_user_829@loadtest.com	$2b$10$HDSp0PRVbrOOVq/bcPIGDOxWt1no.v7clq6kpXiIEAgK/yXD1o8DS	TEKNISI	t	2026-06-02 07:53:24.565	Area Load Test	081234560829	AKTIF
2832	loadtest_user_830	loadtest_user_830@loadtest.com	$2b$10$HDSp0PRVbrOOVq/bcPIGDOxWt1no.v7clq6kpXiIEAgK/yXD1o8DS	TEKNISI	t	2026-06-02 07:53:24.565	Area Load Test	081234560830	AKTIF
2833	loadtest_user_831	loadtest_user_831@loadtest.com	$2b$10$HDSp0PRVbrOOVq/bcPIGDOxWt1no.v7clq6kpXiIEAgK/yXD1o8DS	TEKNISI	t	2026-06-02 07:53:24.565	Area Load Test	081234560831	AKTIF
2834	loadtest_user_832	loadtest_user_832@loadtest.com	$2b$10$HDSp0PRVbrOOVq/bcPIGDOxWt1no.v7clq6kpXiIEAgK/yXD1o8DS	TEKNISI	t	2026-06-02 07:53:24.565	Area Load Test	081234560832	AKTIF
2835	loadtest_user_833	loadtest_user_833@loadtest.com	$2b$10$HDSp0PRVbrOOVq/bcPIGDOxWt1no.v7clq6kpXiIEAgK/yXD1o8DS	TEKNISI	t	2026-06-02 07:53:24.565	Area Load Test	081234560833	AKTIF
2836	loadtest_user_834	loadtest_user_834@loadtest.com	$2b$10$HDSp0PRVbrOOVq/bcPIGDOxWt1no.v7clq6kpXiIEAgK/yXD1o8DS	TEKNISI	t	2026-06-02 07:53:24.565	Area Load Test	081234560834	AKTIF
2837	loadtest_user_835	loadtest_user_835@loadtest.com	$2b$10$HDSp0PRVbrOOVq/bcPIGDOxWt1no.v7clq6kpXiIEAgK/yXD1o8DS	TEKNISI	t	2026-06-02 07:53:24.565	Area Load Test	081234560835	AKTIF
2838	loadtest_user_836	loadtest_user_836@loadtest.com	$2b$10$HDSp0PRVbrOOVq/bcPIGDOxWt1no.v7clq6kpXiIEAgK/yXD1o8DS	TEKNISI	t	2026-06-02 07:53:24.565	Area Load Test	081234560836	AKTIF
2839	loadtest_user_837	loadtest_user_837@loadtest.com	$2b$10$HDSp0PRVbrOOVq/bcPIGDOxWt1no.v7clq6kpXiIEAgK/yXD1o8DS	TEKNISI	t	2026-06-02 07:53:24.565	Area Load Test	081234560837	AKTIF
2840	loadtest_user_838	loadtest_user_838@loadtest.com	$2b$10$HDSp0PRVbrOOVq/bcPIGDOxWt1no.v7clq6kpXiIEAgK/yXD1o8DS	TEKNISI	t	2026-06-02 07:53:24.565	Area Load Test	081234560838	AKTIF
2841	loadtest_user_839	loadtest_user_839@loadtest.com	$2b$10$HDSp0PRVbrOOVq/bcPIGDOxWt1no.v7clq6kpXiIEAgK/yXD1o8DS	TEKNISI	t	2026-06-02 07:53:24.565	Area Load Test	081234560839	AKTIF
2842	loadtest_user_840	loadtest_user_840@loadtest.com	$2b$10$HDSp0PRVbrOOVq/bcPIGDOxWt1no.v7clq6kpXiIEAgK/yXD1o8DS	TEKNISI	t	2026-06-02 07:53:24.565	Area Load Test	081234560840	AKTIF
2843	loadtest_user_841	loadtest_user_841@loadtest.com	$2b$10$HDSp0PRVbrOOVq/bcPIGDOxWt1no.v7clq6kpXiIEAgK/yXD1o8DS	TEKNISI	t	2026-06-02 07:53:24.565	Area Load Test	081234560841	AKTIF
2844	loadtest_user_842	loadtest_user_842@loadtest.com	$2b$10$HDSp0PRVbrOOVq/bcPIGDOxWt1no.v7clq6kpXiIEAgK/yXD1o8DS	TEKNISI	t	2026-06-02 07:53:24.565	Area Load Test	081234560842	AKTIF
2845	loadtest_user_843	loadtest_user_843@loadtest.com	$2b$10$HDSp0PRVbrOOVq/bcPIGDOxWt1no.v7clq6kpXiIEAgK/yXD1o8DS	TEKNISI	t	2026-06-02 07:53:24.565	Area Load Test	081234560843	AKTIF
2846	loadtest_user_844	loadtest_user_844@loadtest.com	$2b$10$HDSp0PRVbrOOVq/bcPIGDOxWt1no.v7clq6kpXiIEAgK/yXD1o8DS	TEKNISI	t	2026-06-02 07:53:24.565	Area Load Test	081234560844	AKTIF
2847	loadtest_user_845	loadtest_user_845@loadtest.com	$2b$10$HDSp0PRVbrOOVq/bcPIGDOxWt1no.v7clq6kpXiIEAgK/yXD1o8DS	TEKNISI	t	2026-06-02 07:53:24.565	Area Load Test	081234560845	AKTIF
2848	loadtest_user_846	loadtest_user_846@loadtest.com	$2b$10$HDSp0PRVbrOOVq/bcPIGDOxWt1no.v7clq6kpXiIEAgK/yXD1o8DS	TEKNISI	t	2026-06-02 07:53:24.565	Area Load Test	081234560846	AKTIF
2849	loadtest_user_847	loadtest_user_847@loadtest.com	$2b$10$HDSp0PRVbrOOVq/bcPIGDOxWt1no.v7clq6kpXiIEAgK/yXD1o8DS	TEKNISI	t	2026-06-02 07:53:24.565	Area Load Test	081234560847	AKTIF
2850	loadtest_user_848	loadtest_user_848@loadtest.com	$2b$10$HDSp0PRVbrOOVq/bcPIGDOxWt1no.v7clq6kpXiIEAgK/yXD1o8DS	TEKNISI	t	2026-06-02 07:53:24.565	Area Load Test	081234560848	AKTIF
2851	loadtest_user_849	loadtest_user_849@loadtest.com	$2b$10$HDSp0PRVbrOOVq/bcPIGDOxWt1no.v7clq6kpXiIEAgK/yXD1o8DS	TEKNISI	t	2026-06-02 07:53:24.565	Area Load Test	081234560849	AKTIF
2852	loadtest_user_850	loadtest_user_850@loadtest.com	$2b$10$HDSp0PRVbrOOVq/bcPIGDOxWt1no.v7clq6kpXiIEAgK/yXD1o8DS	TEKNISI	t	2026-06-02 07:53:24.565	Area Load Test	081234560850	AKTIF
2853	loadtest_user_851	loadtest_user_851@loadtest.com	$2b$10$HDSp0PRVbrOOVq/bcPIGDOxWt1no.v7clq6kpXiIEAgK/yXD1o8DS	TEKNISI	t	2026-06-02 07:53:24.565	Area Load Test	081234560851	AKTIF
2854	loadtest_user_852	loadtest_user_852@loadtest.com	$2b$10$HDSp0PRVbrOOVq/bcPIGDOxWt1no.v7clq6kpXiIEAgK/yXD1o8DS	TEKNISI	t	2026-06-02 07:53:24.565	Area Load Test	081234560852	AKTIF
2855	loadtest_user_853	loadtest_user_853@loadtest.com	$2b$10$HDSp0PRVbrOOVq/bcPIGDOxWt1no.v7clq6kpXiIEAgK/yXD1o8DS	TEKNISI	t	2026-06-02 07:53:24.565	Area Load Test	081234560853	AKTIF
2856	loadtest_user_854	loadtest_user_854@loadtest.com	$2b$10$HDSp0PRVbrOOVq/bcPIGDOxWt1no.v7clq6kpXiIEAgK/yXD1o8DS	TEKNISI	t	2026-06-02 07:53:24.565	Area Load Test	081234560854	AKTIF
2857	loadtest_user_855	loadtest_user_855@loadtest.com	$2b$10$HDSp0PRVbrOOVq/bcPIGDOxWt1no.v7clq6kpXiIEAgK/yXD1o8DS	TEKNISI	t	2026-06-02 07:53:24.565	Area Load Test	081234560855	AKTIF
2858	loadtest_user_856	loadtest_user_856@loadtest.com	$2b$10$HDSp0PRVbrOOVq/bcPIGDOxWt1no.v7clq6kpXiIEAgK/yXD1o8DS	TEKNISI	t	2026-06-02 07:53:24.565	Area Load Test	081234560856	AKTIF
2859	loadtest_user_857	loadtest_user_857@loadtest.com	$2b$10$HDSp0PRVbrOOVq/bcPIGDOxWt1no.v7clq6kpXiIEAgK/yXD1o8DS	TEKNISI	t	2026-06-02 07:53:24.565	Area Load Test	081234560857	AKTIF
2860	loadtest_user_858	loadtest_user_858@loadtest.com	$2b$10$HDSp0PRVbrOOVq/bcPIGDOxWt1no.v7clq6kpXiIEAgK/yXD1o8DS	TEKNISI	t	2026-06-02 07:53:24.565	Area Load Test	081234560858	AKTIF
2861	loadtest_user_859	loadtest_user_859@loadtest.com	$2b$10$HDSp0PRVbrOOVq/bcPIGDOxWt1no.v7clq6kpXiIEAgK/yXD1o8DS	TEKNISI	t	2026-06-02 07:53:24.565	Area Load Test	081234560859	AKTIF
2862	loadtest_user_860	loadtest_user_860@loadtest.com	$2b$10$HDSp0PRVbrOOVq/bcPIGDOxWt1no.v7clq6kpXiIEAgK/yXD1o8DS	TEKNISI	t	2026-06-02 07:53:24.565	Area Load Test	081234560860	AKTIF
2863	loadtest_user_861	loadtest_user_861@loadtest.com	$2b$10$HDSp0PRVbrOOVq/bcPIGDOxWt1no.v7clq6kpXiIEAgK/yXD1o8DS	TEKNISI	t	2026-06-02 07:53:24.565	Area Load Test	081234560861	AKTIF
2864	loadtest_user_862	loadtest_user_862@loadtest.com	$2b$10$HDSp0PRVbrOOVq/bcPIGDOxWt1no.v7clq6kpXiIEAgK/yXD1o8DS	TEKNISI	t	2026-06-02 07:53:24.565	Area Load Test	081234560862	AKTIF
2865	loadtest_user_863	loadtest_user_863@loadtest.com	$2b$10$HDSp0PRVbrOOVq/bcPIGDOxWt1no.v7clq6kpXiIEAgK/yXD1o8DS	TEKNISI	t	2026-06-02 07:53:24.565	Area Load Test	081234560863	AKTIF
2866	loadtest_user_864	loadtest_user_864@loadtest.com	$2b$10$HDSp0PRVbrOOVq/bcPIGDOxWt1no.v7clq6kpXiIEAgK/yXD1o8DS	TEKNISI	t	2026-06-02 07:53:24.565	Area Load Test	081234560864	AKTIF
2867	loadtest_user_865	loadtest_user_865@loadtest.com	$2b$10$HDSp0PRVbrOOVq/bcPIGDOxWt1no.v7clq6kpXiIEAgK/yXD1o8DS	TEKNISI	t	2026-06-02 07:53:24.565	Area Load Test	081234560865	AKTIF
2868	loadtest_user_866	loadtest_user_866@loadtest.com	$2b$10$HDSp0PRVbrOOVq/bcPIGDOxWt1no.v7clq6kpXiIEAgK/yXD1o8DS	TEKNISI	t	2026-06-02 07:53:24.565	Area Load Test	081234560866	AKTIF
2869	loadtest_user_867	loadtest_user_867@loadtest.com	$2b$10$HDSp0PRVbrOOVq/bcPIGDOxWt1no.v7clq6kpXiIEAgK/yXD1o8DS	TEKNISI	t	2026-06-02 07:53:24.565	Area Load Test	081234560867	AKTIF
2870	loadtest_user_868	loadtest_user_868@loadtest.com	$2b$10$HDSp0PRVbrOOVq/bcPIGDOxWt1no.v7clq6kpXiIEAgK/yXD1o8DS	TEKNISI	t	2026-06-02 07:53:24.565	Area Load Test	081234560868	AKTIF
2871	loadtest_user_869	loadtest_user_869@loadtest.com	$2b$10$HDSp0PRVbrOOVq/bcPIGDOxWt1no.v7clq6kpXiIEAgK/yXD1o8DS	TEKNISI	t	2026-06-02 07:53:24.565	Area Load Test	081234560869	AKTIF
2872	loadtest_user_870	loadtest_user_870@loadtest.com	$2b$10$HDSp0PRVbrOOVq/bcPIGDOxWt1no.v7clq6kpXiIEAgK/yXD1o8DS	TEKNISI	t	2026-06-02 07:53:24.565	Area Load Test	081234560870	AKTIF
2873	loadtest_user_871	loadtest_user_871@loadtest.com	$2b$10$HDSp0PRVbrOOVq/bcPIGDOxWt1no.v7clq6kpXiIEAgK/yXD1o8DS	TEKNISI	t	2026-06-02 07:53:24.565	Area Load Test	081234560871	AKTIF
2874	loadtest_user_872	loadtest_user_872@loadtest.com	$2b$10$HDSp0PRVbrOOVq/bcPIGDOxWt1no.v7clq6kpXiIEAgK/yXD1o8DS	TEKNISI	t	2026-06-02 07:53:24.565	Area Load Test	081234560872	AKTIF
2875	loadtest_user_873	loadtest_user_873@loadtest.com	$2b$10$HDSp0PRVbrOOVq/bcPIGDOxWt1no.v7clq6kpXiIEAgK/yXD1o8DS	TEKNISI	t	2026-06-02 07:53:24.565	Area Load Test	081234560873	AKTIF
2876	loadtest_user_874	loadtest_user_874@loadtest.com	$2b$10$HDSp0PRVbrOOVq/bcPIGDOxWt1no.v7clq6kpXiIEAgK/yXD1o8DS	TEKNISI	t	2026-06-02 07:53:24.565	Area Load Test	081234560874	AKTIF
2877	loadtest_user_875	loadtest_user_875@loadtest.com	$2b$10$HDSp0PRVbrOOVq/bcPIGDOxWt1no.v7clq6kpXiIEAgK/yXD1o8DS	TEKNISI	t	2026-06-02 07:53:24.565	Area Load Test	081234560875	AKTIF
2878	loadtest_user_876	loadtest_user_876@loadtest.com	$2b$10$HDSp0PRVbrOOVq/bcPIGDOxWt1no.v7clq6kpXiIEAgK/yXD1o8DS	TEKNISI	t	2026-06-02 07:53:24.565	Area Load Test	081234560876	AKTIF
2879	loadtest_user_877	loadtest_user_877@loadtest.com	$2b$10$HDSp0PRVbrOOVq/bcPIGDOxWt1no.v7clq6kpXiIEAgK/yXD1o8DS	TEKNISI	t	2026-06-02 07:53:24.565	Area Load Test	081234560877	AKTIF
2880	loadtest_user_878	loadtest_user_878@loadtest.com	$2b$10$HDSp0PRVbrOOVq/bcPIGDOxWt1no.v7clq6kpXiIEAgK/yXD1o8DS	TEKNISI	t	2026-06-02 07:53:24.565	Area Load Test	081234560878	AKTIF
2881	loadtest_user_879	loadtest_user_879@loadtest.com	$2b$10$HDSp0PRVbrOOVq/bcPIGDOxWt1no.v7clq6kpXiIEAgK/yXD1o8DS	TEKNISI	t	2026-06-02 07:53:24.565	Area Load Test	081234560879	AKTIF
2882	loadtest_user_880	loadtest_user_880@loadtest.com	$2b$10$HDSp0PRVbrOOVq/bcPIGDOxWt1no.v7clq6kpXiIEAgK/yXD1o8DS	TEKNISI	t	2026-06-02 07:53:24.565	Area Load Test	081234560880	AKTIF
2883	loadtest_user_881	loadtest_user_881@loadtest.com	$2b$10$HDSp0PRVbrOOVq/bcPIGDOxWt1no.v7clq6kpXiIEAgK/yXD1o8DS	TEKNISI	t	2026-06-02 07:53:24.565	Area Load Test	081234560881	AKTIF
2884	loadtest_user_882	loadtest_user_882@loadtest.com	$2b$10$HDSp0PRVbrOOVq/bcPIGDOxWt1no.v7clq6kpXiIEAgK/yXD1o8DS	TEKNISI	t	2026-06-02 07:53:24.565	Area Load Test	081234560882	AKTIF
2885	loadtest_user_883	loadtest_user_883@loadtest.com	$2b$10$HDSp0PRVbrOOVq/bcPIGDOxWt1no.v7clq6kpXiIEAgK/yXD1o8DS	TEKNISI	t	2026-06-02 07:53:24.565	Area Load Test	081234560883	AKTIF
2886	loadtest_user_884	loadtest_user_884@loadtest.com	$2b$10$HDSp0PRVbrOOVq/bcPIGDOxWt1no.v7clq6kpXiIEAgK/yXD1o8DS	TEKNISI	t	2026-06-02 07:53:24.565	Area Load Test	081234560884	AKTIF
2887	loadtest_user_885	loadtest_user_885@loadtest.com	$2b$10$HDSp0PRVbrOOVq/bcPIGDOxWt1no.v7clq6kpXiIEAgK/yXD1o8DS	TEKNISI	t	2026-06-02 07:53:24.565	Area Load Test	081234560885	AKTIF
2888	loadtest_user_886	loadtest_user_886@loadtest.com	$2b$10$HDSp0PRVbrOOVq/bcPIGDOxWt1no.v7clq6kpXiIEAgK/yXD1o8DS	TEKNISI	t	2026-06-02 07:53:24.565	Area Load Test	081234560886	AKTIF
2889	loadtest_user_887	loadtest_user_887@loadtest.com	$2b$10$HDSp0PRVbrOOVq/bcPIGDOxWt1no.v7clq6kpXiIEAgK/yXD1o8DS	TEKNISI	t	2026-06-02 07:53:24.565	Area Load Test	081234560887	AKTIF
2890	loadtest_user_888	loadtest_user_888@loadtest.com	$2b$10$HDSp0PRVbrOOVq/bcPIGDOxWt1no.v7clq6kpXiIEAgK/yXD1o8DS	TEKNISI	t	2026-06-02 07:53:24.565	Area Load Test	081234560888	AKTIF
2891	loadtest_user_889	loadtest_user_889@loadtest.com	$2b$10$HDSp0PRVbrOOVq/bcPIGDOxWt1no.v7clq6kpXiIEAgK/yXD1o8DS	TEKNISI	t	2026-06-02 07:53:24.565	Area Load Test	081234560889	AKTIF
2892	loadtest_user_890	loadtest_user_890@loadtest.com	$2b$10$HDSp0PRVbrOOVq/bcPIGDOxWt1no.v7clq6kpXiIEAgK/yXD1o8DS	TEKNISI	t	2026-06-02 07:53:24.565	Area Load Test	081234560890	AKTIF
2893	loadtest_user_891	loadtest_user_891@loadtest.com	$2b$10$HDSp0PRVbrOOVq/bcPIGDOxWt1no.v7clq6kpXiIEAgK/yXD1o8DS	TEKNISI	t	2026-06-02 07:53:24.565	Area Load Test	081234560891	AKTIF
2894	loadtest_user_892	loadtest_user_892@loadtest.com	$2b$10$HDSp0PRVbrOOVq/bcPIGDOxWt1no.v7clq6kpXiIEAgK/yXD1o8DS	TEKNISI	t	2026-06-02 07:53:24.565	Area Load Test	081234560892	AKTIF
2895	loadtest_user_893	loadtest_user_893@loadtest.com	$2b$10$HDSp0PRVbrOOVq/bcPIGDOxWt1no.v7clq6kpXiIEAgK/yXD1o8DS	TEKNISI	t	2026-06-02 07:53:24.565	Area Load Test	081234560893	AKTIF
2896	loadtest_user_894	loadtest_user_894@loadtest.com	$2b$10$HDSp0PRVbrOOVq/bcPIGDOxWt1no.v7clq6kpXiIEAgK/yXD1o8DS	TEKNISI	t	2026-06-02 07:53:24.565	Area Load Test	081234560894	AKTIF
2897	loadtest_user_895	loadtest_user_895@loadtest.com	$2b$10$HDSp0PRVbrOOVq/bcPIGDOxWt1no.v7clq6kpXiIEAgK/yXD1o8DS	TEKNISI	t	2026-06-02 07:53:24.565	Area Load Test	081234560895	AKTIF
2898	loadtest_user_896	loadtest_user_896@loadtest.com	$2b$10$HDSp0PRVbrOOVq/bcPIGDOxWt1no.v7clq6kpXiIEAgK/yXD1o8DS	TEKNISI	t	2026-06-02 07:53:24.565	Area Load Test	081234560896	AKTIF
2899	loadtest_user_897	loadtest_user_897@loadtest.com	$2b$10$HDSp0PRVbrOOVq/bcPIGDOxWt1no.v7clq6kpXiIEAgK/yXD1o8DS	TEKNISI	t	2026-06-02 07:53:24.565	Area Load Test	081234560897	AKTIF
2900	loadtest_user_898	loadtest_user_898@loadtest.com	$2b$10$HDSp0PRVbrOOVq/bcPIGDOxWt1no.v7clq6kpXiIEAgK/yXD1o8DS	TEKNISI	t	2026-06-02 07:53:24.565	Area Load Test	081234560898	AKTIF
2901	loadtest_user_899	loadtest_user_899@loadtest.com	$2b$10$HDSp0PRVbrOOVq/bcPIGDOxWt1no.v7clq6kpXiIEAgK/yXD1o8DS	TEKNISI	t	2026-06-02 07:53:24.565	Area Load Test	081234560899	AKTIF
2902	loadtest_user_900	loadtest_user_900@loadtest.com	$2b$10$HDSp0PRVbrOOVq/bcPIGDOxWt1no.v7clq6kpXiIEAgK/yXD1o8DS	TEKNISI	t	2026-06-02 07:53:24.565	Area Load Test	081234560900	AKTIF
2903	loadtest_user_901	loadtest_user_901@loadtest.com	$2b$10$HDSp0PRVbrOOVq/bcPIGDOxWt1no.v7clq6kpXiIEAgK/yXD1o8DS	TEKNISI	t	2026-06-02 07:53:24.565	Area Load Test	081234560901	AKTIF
2904	loadtest_user_902	loadtest_user_902@loadtest.com	$2b$10$HDSp0PRVbrOOVq/bcPIGDOxWt1no.v7clq6kpXiIEAgK/yXD1o8DS	TEKNISI	t	2026-06-02 07:53:24.565	Area Load Test	081234560902	AKTIF
2905	loadtest_user_903	loadtest_user_903@loadtest.com	$2b$10$HDSp0PRVbrOOVq/bcPIGDOxWt1no.v7clq6kpXiIEAgK/yXD1o8DS	TEKNISI	t	2026-06-02 07:53:24.565	Area Load Test	081234560903	AKTIF
2906	loadtest_user_904	loadtest_user_904@loadtest.com	$2b$10$HDSp0PRVbrOOVq/bcPIGDOxWt1no.v7clq6kpXiIEAgK/yXD1o8DS	TEKNISI	t	2026-06-02 07:53:24.565	Area Load Test	081234560904	AKTIF
2907	loadtest_user_905	loadtest_user_905@loadtest.com	$2b$10$HDSp0PRVbrOOVq/bcPIGDOxWt1no.v7clq6kpXiIEAgK/yXD1o8DS	TEKNISI	t	2026-06-02 07:53:24.565	Area Load Test	081234560905	AKTIF
2908	loadtest_user_906	loadtest_user_906@loadtest.com	$2b$10$HDSp0PRVbrOOVq/bcPIGDOxWt1no.v7clq6kpXiIEAgK/yXD1o8DS	TEKNISI	t	2026-06-02 07:53:24.565	Area Load Test	081234560906	AKTIF
2909	loadtest_user_907	loadtest_user_907@loadtest.com	$2b$10$HDSp0PRVbrOOVq/bcPIGDOxWt1no.v7clq6kpXiIEAgK/yXD1o8DS	TEKNISI	t	2026-06-02 07:53:24.565	Area Load Test	081234560907	AKTIF
2910	loadtest_user_908	loadtest_user_908@loadtest.com	$2b$10$HDSp0PRVbrOOVq/bcPIGDOxWt1no.v7clq6kpXiIEAgK/yXD1o8DS	TEKNISI	t	2026-06-02 07:53:24.565	Area Load Test	081234560908	AKTIF
2911	loadtest_user_909	loadtest_user_909@loadtest.com	$2b$10$HDSp0PRVbrOOVq/bcPIGDOxWt1no.v7clq6kpXiIEAgK/yXD1o8DS	TEKNISI	t	2026-06-02 07:53:24.565	Area Load Test	081234560909	AKTIF
2912	loadtest_user_910	loadtest_user_910@loadtest.com	$2b$10$HDSp0PRVbrOOVq/bcPIGDOxWt1no.v7clq6kpXiIEAgK/yXD1o8DS	TEKNISI	t	2026-06-02 07:53:24.565	Area Load Test	081234560910	AKTIF
2913	loadtest_user_911	loadtest_user_911@loadtest.com	$2b$10$HDSp0PRVbrOOVq/bcPIGDOxWt1no.v7clq6kpXiIEAgK/yXD1o8DS	TEKNISI	t	2026-06-02 07:53:24.565	Area Load Test	081234560911	AKTIF
2914	loadtest_user_912	loadtest_user_912@loadtest.com	$2b$10$HDSp0PRVbrOOVq/bcPIGDOxWt1no.v7clq6kpXiIEAgK/yXD1o8DS	TEKNISI	t	2026-06-02 07:53:24.565	Area Load Test	081234560912	AKTIF
2915	loadtest_user_913	loadtest_user_913@loadtest.com	$2b$10$HDSp0PRVbrOOVq/bcPIGDOxWt1no.v7clq6kpXiIEAgK/yXD1o8DS	TEKNISI	t	2026-06-02 07:53:24.565	Area Load Test	081234560913	AKTIF
2916	loadtest_user_914	loadtest_user_914@loadtest.com	$2b$10$HDSp0PRVbrOOVq/bcPIGDOxWt1no.v7clq6kpXiIEAgK/yXD1o8DS	TEKNISI	t	2026-06-02 07:53:24.565	Area Load Test	081234560914	AKTIF
2917	loadtest_user_915	loadtest_user_915@loadtest.com	$2b$10$HDSp0PRVbrOOVq/bcPIGDOxWt1no.v7clq6kpXiIEAgK/yXD1o8DS	TEKNISI	t	2026-06-02 07:53:24.565	Area Load Test	081234560915	AKTIF
2918	loadtest_user_916	loadtest_user_916@loadtest.com	$2b$10$HDSp0PRVbrOOVq/bcPIGDOxWt1no.v7clq6kpXiIEAgK/yXD1o8DS	TEKNISI	t	2026-06-02 07:53:24.565	Area Load Test	081234560916	AKTIF
2919	loadtest_user_917	loadtest_user_917@loadtest.com	$2b$10$HDSp0PRVbrOOVq/bcPIGDOxWt1no.v7clq6kpXiIEAgK/yXD1o8DS	TEKNISI	t	2026-06-02 07:53:24.565	Area Load Test	081234560917	AKTIF
2920	loadtest_user_918	loadtest_user_918@loadtest.com	$2b$10$HDSp0PRVbrOOVq/bcPIGDOxWt1no.v7clq6kpXiIEAgK/yXD1o8DS	TEKNISI	t	2026-06-02 07:53:24.565	Area Load Test	081234560918	AKTIF
2921	loadtest_user_919	loadtest_user_919@loadtest.com	$2b$10$HDSp0PRVbrOOVq/bcPIGDOxWt1no.v7clq6kpXiIEAgK/yXD1o8DS	TEKNISI	t	2026-06-02 07:53:24.565	Area Load Test	081234560919	AKTIF
2922	loadtest_user_920	loadtest_user_920@loadtest.com	$2b$10$HDSp0PRVbrOOVq/bcPIGDOxWt1no.v7clq6kpXiIEAgK/yXD1o8DS	TEKNISI	t	2026-06-02 07:53:24.565	Area Load Test	081234560920	AKTIF
2923	loadtest_user_921	loadtest_user_921@loadtest.com	$2b$10$HDSp0PRVbrOOVq/bcPIGDOxWt1no.v7clq6kpXiIEAgK/yXD1o8DS	TEKNISI	t	2026-06-02 07:53:24.565	Area Load Test	081234560921	AKTIF
2924	loadtest_user_922	loadtest_user_922@loadtest.com	$2b$10$HDSp0PRVbrOOVq/bcPIGDOxWt1no.v7clq6kpXiIEAgK/yXD1o8DS	TEKNISI	t	2026-06-02 07:53:24.565	Area Load Test	081234560922	AKTIF
2925	loadtest_user_923	loadtest_user_923@loadtest.com	$2b$10$HDSp0PRVbrOOVq/bcPIGDOxWt1no.v7clq6kpXiIEAgK/yXD1o8DS	TEKNISI	t	2026-06-02 07:53:24.565	Area Load Test	081234560923	AKTIF
2926	loadtest_user_924	loadtest_user_924@loadtest.com	$2b$10$HDSp0PRVbrOOVq/bcPIGDOxWt1no.v7clq6kpXiIEAgK/yXD1o8DS	TEKNISI	t	2026-06-02 07:53:24.565	Area Load Test	081234560924	AKTIF
2927	loadtest_user_925	loadtest_user_925@loadtest.com	$2b$10$HDSp0PRVbrOOVq/bcPIGDOxWt1no.v7clq6kpXiIEAgK/yXD1o8DS	TEKNISI	t	2026-06-02 07:53:24.565	Area Load Test	081234560925	AKTIF
2928	loadtest_user_926	loadtest_user_926@loadtest.com	$2b$10$HDSp0PRVbrOOVq/bcPIGDOxWt1no.v7clq6kpXiIEAgK/yXD1o8DS	TEKNISI	t	2026-06-02 07:53:24.565	Area Load Test	081234560926	AKTIF
2929	loadtest_user_927	loadtest_user_927@loadtest.com	$2b$10$HDSp0PRVbrOOVq/bcPIGDOxWt1no.v7clq6kpXiIEAgK/yXD1o8DS	TEKNISI	t	2026-06-02 07:53:24.565	Area Load Test	081234560927	AKTIF
2930	loadtest_user_928	loadtest_user_928@loadtest.com	$2b$10$HDSp0PRVbrOOVq/bcPIGDOxWt1no.v7clq6kpXiIEAgK/yXD1o8DS	TEKNISI	t	2026-06-02 07:53:24.565	Area Load Test	081234560928	AKTIF
2931	loadtest_user_929	loadtest_user_929@loadtest.com	$2b$10$HDSp0PRVbrOOVq/bcPIGDOxWt1no.v7clq6kpXiIEAgK/yXD1o8DS	TEKNISI	t	2026-06-02 07:53:24.565	Area Load Test	081234560929	AKTIF
2932	loadtest_user_930	loadtest_user_930@loadtest.com	$2b$10$HDSp0PRVbrOOVq/bcPIGDOxWt1no.v7clq6kpXiIEAgK/yXD1o8DS	TEKNISI	t	2026-06-02 07:53:24.565	Area Load Test	081234560930	AKTIF
2933	loadtest_user_931	loadtest_user_931@loadtest.com	$2b$10$HDSp0PRVbrOOVq/bcPIGDOxWt1no.v7clq6kpXiIEAgK/yXD1o8DS	TEKNISI	t	2026-06-02 07:53:24.565	Area Load Test	081234560931	AKTIF
2934	loadtest_user_932	loadtest_user_932@loadtest.com	$2b$10$HDSp0PRVbrOOVq/bcPIGDOxWt1no.v7clq6kpXiIEAgK/yXD1o8DS	TEKNISI	t	2026-06-02 07:53:24.565	Area Load Test	081234560932	AKTIF
2935	loadtest_user_933	loadtest_user_933@loadtest.com	$2b$10$HDSp0PRVbrOOVq/bcPIGDOxWt1no.v7clq6kpXiIEAgK/yXD1o8DS	TEKNISI	t	2026-06-02 07:53:24.565	Area Load Test	081234560933	AKTIF
2936	loadtest_user_934	loadtest_user_934@loadtest.com	$2b$10$HDSp0PRVbrOOVq/bcPIGDOxWt1no.v7clq6kpXiIEAgK/yXD1o8DS	TEKNISI	t	2026-06-02 07:53:24.565	Area Load Test	081234560934	AKTIF
2937	loadtest_user_935	loadtest_user_935@loadtest.com	$2b$10$HDSp0PRVbrOOVq/bcPIGDOxWt1no.v7clq6kpXiIEAgK/yXD1o8DS	TEKNISI	t	2026-06-02 07:53:24.565	Area Load Test	081234560935	AKTIF
2938	loadtest_user_936	loadtest_user_936@loadtest.com	$2b$10$HDSp0PRVbrOOVq/bcPIGDOxWt1no.v7clq6kpXiIEAgK/yXD1o8DS	TEKNISI	t	2026-06-02 07:53:24.565	Area Load Test	081234560936	AKTIF
2939	loadtest_user_937	loadtest_user_937@loadtest.com	$2b$10$HDSp0PRVbrOOVq/bcPIGDOxWt1no.v7clq6kpXiIEAgK/yXD1o8DS	TEKNISI	t	2026-06-02 07:53:24.565	Area Load Test	081234560937	AKTIF
2940	loadtest_user_938	loadtest_user_938@loadtest.com	$2b$10$HDSp0PRVbrOOVq/bcPIGDOxWt1no.v7clq6kpXiIEAgK/yXD1o8DS	TEKNISI	t	2026-06-02 07:53:24.565	Area Load Test	081234560938	AKTIF
2941	loadtest_user_939	loadtest_user_939@loadtest.com	$2b$10$HDSp0PRVbrOOVq/bcPIGDOxWt1no.v7clq6kpXiIEAgK/yXD1o8DS	TEKNISI	t	2026-06-02 07:53:24.565	Area Load Test	081234560939	AKTIF
2942	loadtest_user_940	loadtest_user_940@loadtest.com	$2b$10$HDSp0PRVbrOOVq/bcPIGDOxWt1no.v7clq6kpXiIEAgK/yXD1o8DS	TEKNISI	t	2026-06-02 07:53:24.565	Area Load Test	081234560940	AKTIF
2943	loadtest_user_941	loadtest_user_941@loadtest.com	$2b$10$HDSp0PRVbrOOVq/bcPIGDOxWt1no.v7clq6kpXiIEAgK/yXD1o8DS	TEKNISI	t	2026-06-02 07:53:24.565	Area Load Test	081234560941	AKTIF
2944	loadtest_user_942	loadtest_user_942@loadtest.com	$2b$10$HDSp0PRVbrOOVq/bcPIGDOxWt1no.v7clq6kpXiIEAgK/yXD1o8DS	TEKNISI	t	2026-06-02 07:53:24.565	Area Load Test	081234560942	AKTIF
2945	loadtest_user_943	loadtest_user_943@loadtest.com	$2b$10$HDSp0PRVbrOOVq/bcPIGDOxWt1no.v7clq6kpXiIEAgK/yXD1o8DS	TEKNISI	t	2026-06-02 07:53:24.565	Area Load Test	081234560943	AKTIF
2946	loadtest_user_944	loadtest_user_944@loadtest.com	$2b$10$HDSp0PRVbrOOVq/bcPIGDOxWt1no.v7clq6kpXiIEAgK/yXD1o8DS	TEKNISI	t	2026-06-02 07:53:24.565	Area Load Test	081234560944	AKTIF
2947	loadtest_user_945	loadtest_user_945@loadtest.com	$2b$10$HDSp0PRVbrOOVq/bcPIGDOxWt1no.v7clq6kpXiIEAgK/yXD1o8DS	TEKNISI	t	2026-06-02 07:53:24.565	Area Load Test	081234560945	AKTIF
2948	loadtest_user_946	loadtest_user_946@loadtest.com	$2b$10$HDSp0PRVbrOOVq/bcPIGDOxWt1no.v7clq6kpXiIEAgK/yXD1o8DS	TEKNISI	t	2026-06-02 07:53:24.565	Area Load Test	081234560946	AKTIF
2949	loadtest_user_947	loadtest_user_947@loadtest.com	$2b$10$HDSp0PRVbrOOVq/bcPIGDOxWt1no.v7clq6kpXiIEAgK/yXD1o8DS	TEKNISI	t	2026-06-02 07:53:24.565	Area Load Test	081234560947	AKTIF
2950	loadtest_user_948	loadtest_user_948@loadtest.com	$2b$10$HDSp0PRVbrOOVq/bcPIGDOxWt1no.v7clq6kpXiIEAgK/yXD1o8DS	TEKNISI	t	2026-06-02 07:53:24.565	Area Load Test	081234560948	AKTIF
2951	loadtest_user_949	loadtest_user_949@loadtest.com	$2b$10$HDSp0PRVbrOOVq/bcPIGDOxWt1no.v7clq6kpXiIEAgK/yXD1o8DS	TEKNISI	t	2026-06-02 07:53:24.565	Area Load Test	081234560949	AKTIF
2952	loadtest_user_950	loadtest_user_950@loadtest.com	$2b$10$HDSp0PRVbrOOVq/bcPIGDOxWt1no.v7clq6kpXiIEAgK/yXD1o8DS	TEKNISI	t	2026-06-02 07:53:24.565	Area Load Test	081234560950	AKTIF
2953	loadtest_user_951	loadtest_user_951@loadtest.com	$2b$10$HDSp0PRVbrOOVq/bcPIGDOxWt1no.v7clq6kpXiIEAgK/yXD1o8DS	TEKNISI	t	2026-06-02 07:53:24.565	Area Load Test	081234560951	AKTIF
2954	loadtest_user_952	loadtest_user_952@loadtest.com	$2b$10$HDSp0PRVbrOOVq/bcPIGDOxWt1no.v7clq6kpXiIEAgK/yXD1o8DS	TEKNISI	t	2026-06-02 07:53:24.565	Area Load Test	081234560952	AKTIF
2955	loadtest_user_953	loadtest_user_953@loadtest.com	$2b$10$HDSp0PRVbrOOVq/bcPIGDOxWt1no.v7clq6kpXiIEAgK/yXD1o8DS	TEKNISI	t	2026-06-02 07:53:24.565	Area Load Test	081234560953	AKTIF
2956	loadtest_user_954	loadtest_user_954@loadtest.com	$2b$10$HDSp0PRVbrOOVq/bcPIGDOxWt1no.v7clq6kpXiIEAgK/yXD1o8DS	TEKNISI	t	2026-06-02 07:53:24.565	Area Load Test	081234560954	AKTIF
2957	loadtest_user_955	loadtest_user_955@loadtest.com	$2b$10$HDSp0PRVbrOOVq/bcPIGDOxWt1no.v7clq6kpXiIEAgK/yXD1o8DS	TEKNISI	t	2026-06-02 07:53:24.565	Area Load Test	081234560955	AKTIF
2958	loadtest_user_956	loadtest_user_956@loadtest.com	$2b$10$HDSp0PRVbrOOVq/bcPIGDOxWt1no.v7clq6kpXiIEAgK/yXD1o8DS	TEKNISI	t	2026-06-02 07:53:24.565	Area Load Test	081234560956	AKTIF
2959	loadtest_user_957	loadtest_user_957@loadtest.com	$2b$10$HDSp0PRVbrOOVq/bcPIGDOxWt1no.v7clq6kpXiIEAgK/yXD1o8DS	TEKNISI	t	2026-06-02 07:53:24.565	Area Load Test	081234560957	AKTIF
2960	loadtest_user_958	loadtest_user_958@loadtest.com	$2b$10$HDSp0PRVbrOOVq/bcPIGDOxWt1no.v7clq6kpXiIEAgK/yXD1o8DS	TEKNISI	t	2026-06-02 07:53:24.565	Area Load Test	081234560958	AKTIF
2961	loadtest_user_959	loadtest_user_959@loadtest.com	$2b$10$HDSp0PRVbrOOVq/bcPIGDOxWt1no.v7clq6kpXiIEAgK/yXD1o8DS	TEKNISI	t	2026-06-02 07:53:24.565	Area Load Test	081234560959	AKTIF
2962	loadtest_user_960	loadtest_user_960@loadtest.com	$2b$10$HDSp0PRVbrOOVq/bcPIGDOxWt1no.v7clq6kpXiIEAgK/yXD1o8DS	TEKNISI	t	2026-06-02 07:53:24.565	Area Load Test	081234560960	AKTIF
2963	loadtest_user_961	loadtest_user_961@loadtest.com	$2b$10$HDSp0PRVbrOOVq/bcPIGDOxWt1no.v7clq6kpXiIEAgK/yXD1o8DS	TEKNISI	t	2026-06-02 07:53:24.565	Area Load Test	081234560961	AKTIF
2964	loadtest_user_962	loadtest_user_962@loadtest.com	$2b$10$HDSp0PRVbrOOVq/bcPIGDOxWt1no.v7clq6kpXiIEAgK/yXD1o8DS	TEKNISI	t	2026-06-02 07:53:24.565	Area Load Test	081234560962	AKTIF
2965	loadtest_user_963	loadtest_user_963@loadtest.com	$2b$10$HDSp0PRVbrOOVq/bcPIGDOxWt1no.v7clq6kpXiIEAgK/yXD1o8DS	TEKNISI	t	2026-06-02 07:53:24.565	Area Load Test	081234560963	AKTIF
2966	loadtest_user_964	loadtest_user_964@loadtest.com	$2b$10$HDSp0PRVbrOOVq/bcPIGDOxWt1no.v7clq6kpXiIEAgK/yXD1o8DS	TEKNISI	t	2026-06-02 07:53:24.565	Area Load Test	081234560964	AKTIF
2967	loadtest_user_965	loadtest_user_965@loadtest.com	$2b$10$HDSp0PRVbrOOVq/bcPIGDOxWt1no.v7clq6kpXiIEAgK/yXD1o8DS	TEKNISI	t	2026-06-02 07:53:24.565	Area Load Test	081234560965	AKTIF
2968	loadtest_user_966	loadtest_user_966@loadtest.com	$2b$10$HDSp0PRVbrOOVq/bcPIGDOxWt1no.v7clq6kpXiIEAgK/yXD1o8DS	TEKNISI	t	2026-06-02 07:53:24.565	Area Load Test	081234560966	AKTIF
2969	loadtest_user_967	loadtest_user_967@loadtest.com	$2b$10$HDSp0PRVbrOOVq/bcPIGDOxWt1no.v7clq6kpXiIEAgK/yXD1o8DS	TEKNISI	t	2026-06-02 07:53:24.565	Area Load Test	081234560967	AKTIF
2970	loadtest_user_968	loadtest_user_968@loadtest.com	$2b$10$HDSp0PRVbrOOVq/bcPIGDOxWt1no.v7clq6kpXiIEAgK/yXD1o8DS	TEKNISI	t	2026-06-02 07:53:24.565	Area Load Test	081234560968	AKTIF
2971	loadtest_user_969	loadtest_user_969@loadtest.com	$2b$10$HDSp0PRVbrOOVq/bcPIGDOxWt1no.v7clq6kpXiIEAgK/yXD1o8DS	TEKNISI	t	2026-06-02 07:53:24.565	Area Load Test	081234560969	AKTIF
2972	loadtest_user_970	loadtest_user_970@loadtest.com	$2b$10$HDSp0PRVbrOOVq/bcPIGDOxWt1no.v7clq6kpXiIEAgK/yXD1o8DS	TEKNISI	t	2026-06-02 07:53:24.565	Area Load Test	081234560970	AKTIF
2973	loadtest_user_971	loadtest_user_971@loadtest.com	$2b$10$HDSp0PRVbrOOVq/bcPIGDOxWt1no.v7clq6kpXiIEAgK/yXD1o8DS	TEKNISI	t	2026-06-02 07:53:24.565	Area Load Test	081234560971	AKTIF
2974	loadtest_user_972	loadtest_user_972@loadtest.com	$2b$10$HDSp0PRVbrOOVq/bcPIGDOxWt1no.v7clq6kpXiIEAgK/yXD1o8DS	TEKNISI	t	2026-06-02 07:53:24.565	Area Load Test	081234560972	AKTIF
2975	loadtest_user_973	loadtest_user_973@loadtest.com	$2b$10$HDSp0PRVbrOOVq/bcPIGDOxWt1no.v7clq6kpXiIEAgK/yXD1o8DS	TEKNISI	t	2026-06-02 07:53:24.565	Area Load Test	081234560973	AKTIF
2976	loadtest_user_974	loadtest_user_974@loadtest.com	$2b$10$HDSp0PRVbrOOVq/bcPIGDOxWt1no.v7clq6kpXiIEAgK/yXD1o8DS	TEKNISI	t	2026-06-02 07:53:24.565	Area Load Test	081234560974	AKTIF
2977	loadtest_user_975	loadtest_user_975@loadtest.com	$2b$10$HDSp0PRVbrOOVq/bcPIGDOxWt1no.v7clq6kpXiIEAgK/yXD1o8DS	TEKNISI	t	2026-06-02 07:53:24.565	Area Load Test	081234560975	AKTIF
2978	loadtest_user_976	loadtest_user_976@loadtest.com	$2b$10$HDSp0PRVbrOOVq/bcPIGDOxWt1no.v7clq6kpXiIEAgK/yXD1o8DS	TEKNISI	t	2026-06-02 07:53:24.565	Area Load Test	081234560976	AKTIF
2979	loadtest_user_977	loadtest_user_977@loadtest.com	$2b$10$HDSp0PRVbrOOVq/bcPIGDOxWt1no.v7clq6kpXiIEAgK/yXD1o8DS	TEKNISI	t	2026-06-02 07:53:24.565	Area Load Test	081234560977	AKTIF
2980	loadtest_user_978	loadtest_user_978@loadtest.com	$2b$10$HDSp0PRVbrOOVq/bcPIGDOxWt1no.v7clq6kpXiIEAgK/yXD1o8DS	TEKNISI	t	2026-06-02 07:53:24.565	Area Load Test	081234560978	AKTIF
2981	loadtest_user_979	loadtest_user_979@loadtest.com	$2b$10$HDSp0PRVbrOOVq/bcPIGDOxWt1no.v7clq6kpXiIEAgK/yXD1o8DS	TEKNISI	t	2026-06-02 07:53:24.565	Area Load Test	081234560979	AKTIF
2982	loadtest_user_980	loadtest_user_980@loadtest.com	$2b$10$HDSp0PRVbrOOVq/bcPIGDOxWt1no.v7clq6kpXiIEAgK/yXD1o8DS	TEKNISI	t	2026-06-02 07:53:24.565	Area Load Test	081234560980	AKTIF
2983	loadtest_user_981	loadtest_user_981@loadtest.com	$2b$10$HDSp0PRVbrOOVq/bcPIGDOxWt1no.v7clq6kpXiIEAgK/yXD1o8DS	TEKNISI	t	2026-06-02 07:53:24.565	Area Load Test	081234560981	AKTIF
2984	loadtest_user_982	loadtest_user_982@loadtest.com	$2b$10$HDSp0PRVbrOOVq/bcPIGDOxWt1no.v7clq6kpXiIEAgK/yXD1o8DS	TEKNISI	t	2026-06-02 07:53:24.565	Area Load Test	081234560982	AKTIF
2985	loadtest_user_983	loadtest_user_983@loadtest.com	$2b$10$HDSp0PRVbrOOVq/bcPIGDOxWt1no.v7clq6kpXiIEAgK/yXD1o8DS	TEKNISI	t	2026-06-02 07:53:24.565	Area Load Test	081234560983	AKTIF
2986	loadtest_user_984	loadtest_user_984@loadtest.com	$2b$10$HDSp0PRVbrOOVq/bcPIGDOxWt1no.v7clq6kpXiIEAgK/yXD1o8DS	TEKNISI	t	2026-06-02 07:53:24.565	Area Load Test	081234560984	AKTIF
2987	loadtest_user_985	loadtest_user_985@loadtest.com	$2b$10$HDSp0PRVbrOOVq/bcPIGDOxWt1no.v7clq6kpXiIEAgK/yXD1o8DS	TEKNISI	t	2026-06-02 07:53:24.565	Area Load Test	081234560985	AKTIF
2988	loadtest_user_986	loadtest_user_986@loadtest.com	$2b$10$HDSp0PRVbrOOVq/bcPIGDOxWt1no.v7clq6kpXiIEAgK/yXD1o8DS	TEKNISI	t	2026-06-02 07:53:24.565	Area Load Test	081234560986	AKTIF
2989	loadtest_user_987	loadtest_user_987@loadtest.com	$2b$10$HDSp0PRVbrOOVq/bcPIGDOxWt1no.v7clq6kpXiIEAgK/yXD1o8DS	TEKNISI	t	2026-06-02 07:53:24.565	Area Load Test	081234560987	AKTIF
2990	loadtest_user_988	loadtest_user_988@loadtest.com	$2b$10$HDSp0PRVbrOOVq/bcPIGDOxWt1no.v7clq6kpXiIEAgK/yXD1o8DS	TEKNISI	t	2026-06-02 07:53:24.565	Area Load Test	081234560988	AKTIF
2991	loadtest_user_989	loadtest_user_989@loadtest.com	$2b$10$HDSp0PRVbrOOVq/bcPIGDOxWt1no.v7clq6kpXiIEAgK/yXD1o8DS	TEKNISI	t	2026-06-02 07:53:24.565	Area Load Test	081234560989	AKTIF
2992	loadtest_user_990	loadtest_user_990@loadtest.com	$2b$10$HDSp0PRVbrOOVq/bcPIGDOxWt1no.v7clq6kpXiIEAgK/yXD1o8DS	TEKNISI	t	2026-06-02 07:53:24.565	Area Load Test	081234560990	AKTIF
2993	loadtest_user_991	loadtest_user_991@loadtest.com	$2b$10$HDSp0PRVbrOOVq/bcPIGDOxWt1no.v7clq6kpXiIEAgK/yXD1o8DS	TEKNISI	t	2026-06-02 07:53:24.565	Area Load Test	081234560991	AKTIF
2994	loadtest_user_992	loadtest_user_992@loadtest.com	$2b$10$HDSp0PRVbrOOVq/bcPIGDOxWt1no.v7clq6kpXiIEAgK/yXD1o8DS	TEKNISI	t	2026-06-02 07:53:24.565	Area Load Test	081234560992	AKTIF
2995	loadtest_user_993	loadtest_user_993@loadtest.com	$2b$10$HDSp0PRVbrOOVq/bcPIGDOxWt1no.v7clq6kpXiIEAgK/yXD1o8DS	TEKNISI	t	2026-06-02 07:53:24.565	Area Load Test	081234560993	AKTIF
2996	loadtest_user_994	loadtest_user_994@loadtest.com	$2b$10$HDSp0PRVbrOOVq/bcPIGDOxWt1no.v7clq6kpXiIEAgK/yXD1o8DS	TEKNISI	t	2026-06-02 07:53:24.565	Area Load Test	081234560994	AKTIF
2997	loadtest_user_995	loadtest_user_995@loadtest.com	$2b$10$HDSp0PRVbrOOVq/bcPIGDOxWt1no.v7clq6kpXiIEAgK/yXD1o8DS	TEKNISI	t	2026-06-02 07:53:24.565	Area Load Test	081234560995	AKTIF
2998	loadtest_user_996	loadtest_user_996@loadtest.com	$2b$10$HDSp0PRVbrOOVq/bcPIGDOxWt1no.v7clq6kpXiIEAgK/yXD1o8DS	TEKNISI	t	2026-06-02 07:53:24.565	Area Load Test	081234560996	AKTIF
2999	loadtest_user_997	loadtest_user_997@loadtest.com	$2b$10$HDSp0PRVbrOOVq/bcPIGDOxWt1no.v7clq6kpXiIEAgK/yXD1o8DS	TEKNISI	t	2026-06-02 07:53:24.565	Area Load Test	081234560997	AKTIF
3000	loadtest_user_998	loadtest_user_998@loadtest.com	$2b$10$HDSp0PRVbrOOVq/bcPIGDOxWt1no.v7clq6kpXiIEAgK/yXD1o8DS	TEKNISI	t	2026-06-02 07:53:24.565	Area Load Test	081234560998	AKTIF
3001	loadtest_user_999	loadtest_user_999@loadtest.com	$2b$10$HDSp0PRVbrOOVq/bcPIGDOxWt1no.v7clq6kpXiIEAgK/yXD1o8DS	TEKNISI	t	2026-06-02 07:53:24.565	Area Load Test	081234560999	AKTIF
3002	loadtest_user_1000	loadtest_user_1000@loadtest.com	$2b$10$HDSp0PRVbrOOVq/bcPIGDOxWt1no.v7clq6kpXiIEAgK/yXD1o8DS	TEKNISI	t	2026-06-02 07:53:24.565	Area Load Test	081234561000	AKTIF
\.


--
-- Data for Name: _prisma_migrations; Type: TABLE DATA; Schema: public; Owner: wifian
--

COPY public._prisma_migrations (id, checksum, finished_at, migration_name, logs, rolled_back_at, started_at, applied_steps_count) FROM stdin;
cb4b5bb9-1c35-4ecd-a806-852e0994a7e6	95f7bf3e106904896a149f17a055d2da63082794bd15dc05c0fd731e840c599b	2026-05-31 02:21:24.588606+00	20260527140440_init	\N	\N	2026-05-31 02:21:24.449144+00	1
11d160f8-535c-423e-ab7e-d1a2414a13f9	b2307c01f95bdac7a5a70c461f2f06a25fa696ceccf211f4fb2e23ed0b951c07	2026-05-31 02:21:25.504935+00	20260531022125_tambah_field_info_lapangan	\N	\N	2026-05-31 02:21:25.465908+00	1
7424698b-c51e-4a77-9f93-aa605757cbf8	633bf53a73da36d70ebeac202f01cefefa9ef1090f390e47d61258834ce2b516	2026-05-31 02:59:11.217013+00	20260531025911_tambah_foto_multipile	\N	\N	2026-05-31 02:59:11.204468+00	1
a9f9d827-d314-4a05-92e9-72cfa01efeb0	bb8089d3d91428cd9838fb76276060121a2657a5060791cfeee7c84c236b05d8	2026-05-31 08:44:57.643477+00	20260531084457_tambah_field_road_coordinates	\N	\N	2026-05-31 08:44:57.620418+00	1
\.


--
-- Name: BlacklistedToken_id_seq; Type: SEQUENCE SET; Schema: public; Owner: wifian
--

SELECT pg_catalog.setval('public."BlacklistedToken_id_seq"', 1, false);


--
-- Name: OdcPort_id_seq; Type: SEQUENCE SET; Schema: public; Owner: wifian
--

SELECT pg_catalog.setval('public."OdcPort_id_seq"', 508, true);


--
-- Name: Odc_id_seq; Type: SEQUENCE SET; Schema: public; Owner: wifian
--

SELECT pg_catalog.setval('public."Odc_id_seq"', 34, true);


--
-- Name: OdpPort_id_seq; Type: SEQUENCE SET; Schema: public; Owner: wifian
--

SELECT pg_catalog.setval('public."OdpPort_id_seq"', 4840, true);


--
-- Name: Odp_id_seq; Type: SEQUENCE SET; Schema: public; Owner: wifian
--

SELECT pg_catalog.setval('public."Odp_id_seq"', 305, true);


--
-- Name: OltPort_id_seq; Type: SEQUENCE SET; Schema: public; Owner: wifian
--

SELECT pg_catalog.setval('public."OltPort_id_seq"', 30, true);


--
-- Name: Olt_id_seq; Type: SEQUENCE SET; Schema: public; Owner: wifian
--

SELECT pg_catalog.setval('public."Olt_id_seq"', 4, true);


--
-- Name: PppoeProfile_id_seq; Type: SEQUENCE SET; Schema: public; Owner: wifian
--

SELECT pg_catalog.setval('public."PppoeProfile_id_seq"', 7, true);


--
-- Name: PppoeUser_id_seq; Type: SEQUENCE SET; Schema: public; Owner: wifian
--

SELECT pg_catalog.setval('public."PppoeUser_id_seq"', 3004, true);


--
-- Name: Router_id_seq; Type: SEQUENCE SET; Schema: public; Owner: wifian
--

SELECT pg_catalog.setval('public."Router_id_seq"', 4, true);


--
-- Name: SystemLog_id_seq; Type: SEQUENCE SET; Schema: public; Owner: wifian
--

SELECT pg_catalog.setval('public."SystemLog_id_seq"', 103, true);


--
-- Name: User_id_seq; Type: SEQUENCE SET; Schema: public; Owner: wifian
--

SELECT pg_catalog.setval('public."User_id_seq"', 3002, true);


--
-- Name: BlacklistedToken BlacklistedToken_pkey; Type: CONSTRAINT; Schema: public; Owner: wifian
--

ALTER TABLE ONLY public."BlacklistedToken"
    ADD CONSTRAINT "BlacklistedToken_pkey" PRIMARY KEY (id);


--
-- Name: OdcPort OdcPort_pkey; Type: CONSTRAINT; Schema: public; Owner: wifian
--

ALTER TABLE ONLY public."OdcPort"
    ADD CONSTRAINT "OdcPort_pkey" PRIMARY KEY (id);


--
-- Name: Odc Odc_pkey; Type: CONSTRAINT; Schema: public; Owner: wifian
--

ALTER TABLE ONLY public."Odc"
    ADD CONSTRAINT "Odc_pkey" PRIMARY KEY (id);


--
-- Name: OdpPort OdpPort_pkey; Type: CONSTRAINT; Schema: public; Owner: wifian
--

ALTER TABLE ONLY public."OdpPort"
    ADD CONSTRAINT "OdpPort_pkey" PRIMARY KEY (id);


--
-- Name: Odp Odp_pkey; Type: CONSTRAINT; Schema: public; Owner: wifian
--

ALTER TABLE ONLY public."Odp"
    ADD CONSTRAINT "Odp_pkey" PRIMARY KEY (id);


--
-- Name: OltPort OltPort_pkey; Type: CONSTRAINT; Schema: public; Owner: wifian
--

ALTER TABLE ONLY public."OltPort"
    ADD CONSTRAINT "OltPort_pkey" PRIMARY KEY (id);


--
-- Name: Olt Olt_pkey; Type: CONSTRAINT; Schema: public; Owner: wifian
--

ALTER TABLE ONLY public."Olt"
    ADD CONSTRAINT "Olt_pkey" PRIMARY KEY (id);


--
-- Name: PppoeProfile PppoeProfile_pkey; Type: CONSTRAINT; Schema: public; Owner: wifian
--

ALTER TABLE ONLY public."PppoeProfile"
    ADD CONSTRAINT "PppoeProfile_pkey" PRIMARY KEY (id);


--
-- Name: PppoeUser PppoeUser_pkey; Type: CONSTRAINT; Schema: public; Owner: wifian
--

ALTER TABLE ONLY public."PppoeUser"
    ADD CONSTRAINT "PppoeUser_pkey" PRIMARY KEY (id);


--
-- Name: Router Router_pkey; Type: CONSTRAINT; Schema: public; Owner: wifian
--

ALTER TABLE ONLY public."Router"
    ADD CONSTRAINT "Router_pkey" PRIMARY KEY (id);


--
-- Name: SystemLog SystemLog_pkey; Type: CONSTRAINT; Schema: public; Owner: wifian
--

ALTER TABLE ONLY public."SystemLog"
    ADD CONSTRAINT "SystemLog_pkey" PRIMARY KEY (id);


--
-- Name: User User_pkey; Type: CONSTRAINT; Schema: public; Owner: wifian
--

ALTER TABLE ONLY public."User"
    ADD CONSTRAINT "User_pkey" PRIMARY KEY (id);


--
-- Name: _prisma_migrations _prisma_migrations_pkey; Type: CONSTRAINT; Schema: public; Owner: wifian
--

ALTER TABLE ONLY public._prisma_migrations
    ADD CONSTRAINT _prisma_migrations_pkey PRIMARY KEY (id);


--
-- Name: BlacklistedToken_token_key; Type: INDEX; Schema: public; Owner: wifian
--

CREATE UNIQUE INDEX "BlacklistedToken_token_key" ON public."BlacklistedToken" USING btree (token);


--
-- Name: OdcPort_odcId_index_key; Type: INDEX; Schema: public; Owner: wifian
--

CREATE UNIQUE INDEX "OdcPort_odcId_index_key" ON public."OdcPort" USING btree ("odcId", index);


--
-- Name: Odc_oltPortId_idx; Type: INDEX; Schema: public; Owner: wifian
--

CREATE INDEX "Odc_oltPortId_idx" ON public."Odc" USING btree ("oltPortId");


--
-- Name: Odc_parentOdcId_idx; Type: INDEX; Schema: public; Owner: wifian
--

CREATE INDEX "Odc_parentOdcId_idx" ON public."Odc" USING btree ("parentOdcId");


--
-- Name: OdpPort_odpId_index_key; Type: INDEX; Schema: public; Owner: wifian
--

CREATE UNIQUE INDEX "OdpPort_odpId_index_key" ON public."OdpPort" USING btree ("odpId", index);


--
-- Name: Odp_odcId_idx; Type: INDEX; Schema: public; Owner: wifian
--

CREATE INDEX "Odp_odcId_idx" ON public."Odp" USING btree ("odcId");


--
-- Name: OltPort_oltId_index_key; Type: INDEX; Schema: public; Owner: wifian
--

CREATE UNIQUE INDEX "OltPort_oltId_index_key" ON public."OltPort" USING btree ("oltId", index);


--
-- Name: PppoeProfile_routerId_name_key; Type: INDEX; Schema: public; Owner: wifian
--

CREATE UNIQUE INDEX "PppoeProfile_routerId_name_key" ON public."PppoeProfile" USING btree ("routerId", name);


--
-- Name: PppoeUser_isOnline_idx; Type: INDEX; Schema: public; Owner: wifian
--

CREATE INDEX "PppoeUser_isOnline_idx" ON public."PppoeUser" USING btree ("isOnline");


--
-- Name: PppoeUser_odpPortId_idx; Type: INDEX; Schema: public; Owner: wifian
--

CREATE INDEX "PppoeUser_odpPortId_idx" ON public."PppoeUser" USING btree ("odpPortId");


--
-- Name: PppoeUser_odpPortId_key; Type: INDEX; Schema: public; Owner: wifian
--

CREATE UNIQUE INDEX "PppoeUser_odpPortId_key" ON public."PppoeUser" USING btree ("odpPortId");


--
-- Name: PppoeUser_routerId_isOnline_idx; Type: INDEX; Schema: public; Owner: wifian
--

CREATE INDEX "PppoeUser_routerId_isOnline_idx" ON public."PppoeUser" USING btree ("routerId", "isOnline");


--
-- Name: PppoeUser_routerId_username_key; Type: INDEX; Schema: public; Owner: wifian
--

CREATE UNIQUE INDEX "PppoeUser_routerId_username_key" ON public."PppoeUser" USING btree ("routerId", username);


--
-- Name: Router_isOnline_idx; Type: INDEX; Schema: public; Owner: wifian
--

CREATE INDEX "Router_isOnline_idx" ON public."Router" USING btree ("isOnline");


--
-- Name: SystemLog_createdAt_idx; Type: INDEX; Schema: public; Owner: wifian
--

CREATE INDEX "SystemLog_createdAt_idx" ON public."SystemLog" USING btree ("createdAt" DESC);


--
-- Name: User_email_key; Type: INDEX; Schema: public; Owner: wifian
--

CREATE UNIQUE INDEX "User_email_key" ON public."User" USING btree (email);


--
-- Name: User_role_idx; Type: INDEX; Schema: public; Owner: wifian
--

CREATE INDEX "User_role_idx" ON public."User" USING btree (role);


--
-- Name: User_username_key; Type: INDEX; Schema: public; Owner: wifian
--

CREATE UNIQUE INDEX "User_username_key" ON public."User" USING btree (username);


--
-- Name: OdcPort OdcPort_odcId_fkey; Type: FK CONSTRAINT; Schema: public; Owner: wifian
--

ALTER TABLE ONLY public."OdcPort"
    ADD CONSTRAINT "OdcPort_odcId_fkey" FOREIGN KEY ("odcId") REFERENCES public."Odc"(id) ON UPDATE CASCADE ON DELETE CASCADE;


--
-- Name: Odc Odc_oltPortId_fkey; Type: FK CONSTRAINT; Schema: public; Owner: wifian
--

ALTER TABLE ONLY public."Odc"
    ADD CONSTRAINT "Odc_oltPortId_fkey" FOREIGN KEY ("oltPortId") REFERENCES public."OltPort"(id) ON UPDATE CASCADE ON DELETE CASCADE;


--
-- Name: Odc Odc_parentOdcId_fkey; Type: FK CONSTRAINT; Schema: public; Owner: wifian
--

ALTER TABLE ONLY public."Odc"
    ADD CONSTRAINT "Odc_parentOdcId_fkey" FOREIGN KEY ("parentOdcId") REFERENCES public."Odc"(id) ON UPDATE CASCADE ON DELETE SET NULL;


--
-- Name: OdpPort OdpPort_odpId_fkey; Type: FK CONSTRAINT; Schema: public; Owner: wifian
--

ALTER TABLE ONLY public."OdpPort"
    ADD CONSTRAINT "OdpPort_odpId_fkey" FOREIGN KEY ("odpId") REFERENCES public."Odp"(id) ON UPDATE CASCADE ON DELETE CASCADE;


--
-- Name: Odp Odp_odcId_fkey; Type: FK CONSTRAINT; Schema: public; Owner: wifian
--

ALTER TABLE ONLY public."Odp"
    ADD CONSTRAINT "Odp_odcId_fkey" FOREIGN KEY ("odcId") REFERENCES public."Odc"(id) ON UPDATE CASCADE ON DELETE CASCADE;


--
-- Name: OltPort OltPort_oltId_fkey; Type: FK CONSTRAINT; Schema: public; Owner: wifian
--

ALTER TABLE ONLY public."OltPort"
    ADD CONSTRAINT "OltPort_oltId_fkey" FOREIGN KEY ("oltId") REFERENCES public."Olt"(id) ON UPDATE CASCADE ON DELETE CASCADE;


--
-- Name: Olt Olt_routerId_fkey; Type: FK CONSTRAINT; Schema: public; Owner: wifian
--

ALTER TABLE ONLY public."Olt"
    ADD CONSTRAINT "Olt_routerId_fkey" FOREIGN KEY ("routerId") REFERENCES public."Router"(id) ON UPDATE CASCADE ON DELETE CASCADE;


--
-- Name: PppoeProfile PppoeProfile_routerId_fkey; Type: FK CONSTRAINT; Schema: public; Owner: wifian
--

ALTER TABLE ONLY public."PppoeProfile"
    ADD CONSTRAINT "PppoeProfile_routerId_fkey" FOREIGN KEY ("routerId") REFERENCES public."Router"(id) ON UPDATE CASCADE ON DELETE CASCADE;


--
-- Name: PppoeUser PppoeUser_odpPortId_fkey; Type: FK CONSTRAINT; Schema: public; Owner: wifian
--

ALTER TABLE ONLY public."PppoeUser"
    ADD CONSTRAINT "PppoeUser_odpPortId_fkey" FOREIGN KEY ("odpPortId") REFERENCES public."OdpPort"(id) ON UPDATE CASCADE ON DELETE SET NULL;


--
-- Name: PppoeUser PppoeUser_routerId_fkey; Type: FK CONSTRAINT; Schema: public; Owner: wifian
--

ALTER TABLE ONLY public."PppoeUser"
    ADD CONSTRAINT "PppoeUser_routerId_fkey" FOREIGN KEY ("routerId") REFERENCES public."Router"(id) ON UPDATE CASCADE ON DELETE CASCADE;


--
-- Name: SCHEMA public; Type: ACL; Schema: -; Owner: wifian
--

REVOKE USAGE ON SCHEMA public FROM PUBLIC;


--
-- PostgreSQL database dump complete
--

\unrestrict 1QAxUOGVQJB03ll7zLqLzA11dINn9ab9Ft5ISKhJyBvAVUEfd5dHbKI8B29NBKu

